city,pincode,district,state,country
Vegithota,533347,EAST GODAVARI,ANDHRA PRADESH,india
Venkatareddipeta,533352,EAST GODAVARI,ANDHRA PRADESH,india
Alligudem,533352,EAST GODAVARI,ANDHRA PRADESH,india
Bandirevu,533352,EAST GODAVARI,ANDHRA PRADESH,india
RAMAVARAM.,533347,EAST GODAVARI,ANDHRA PRADESH,india
PITCHUKULAPADU.,533352,EAST GODAVARI,ANDHRA PRADESH,india
NALLAKUNTA.,533351,Alluri Sitharama Raju,ANDHRA PRADESH,india
KARAKAGUDEM.,533351,Alluri Sitharama Raju,ANDHRA PRADESH,india
Pedamittapalli,533349,Alluri Sitharama Raju,ANDHRA PRADESH,india
Ummadivaram,533349,Alluri Sitharama Raju,ANDHRA PRADESH,india
Puligadda,521122,KRISHNA,ANDHRA PRADESH,india
Ramachandrapuram,521122,KRISHNA,ANDHRA PRADESH,india
Chinamuttevi,521136,KRISHNA,ANDHRA PRADESH,india
Chitturu,521150,KRISHNA,ANDHRA PRADESH,india
Maddipatla,521150,KRISHNA,ANDHRA PRADESH,india
Chitturupu,521132,KRISHNA,ANDHRA PRADESH,india
Hamsaladeevi,521328,KRISHNA,ANDHRA PRADESH,india
Lingareddipalem,521328,KRISHNA,ANDHRA PRADESH,india
Mandapakala,521328,KRISHNA,ANDHRA PRADESH,india
Salempalem,521328,KRISHNA,ANDHRA PRADESH,india
Endakuduru,521131,KRISHNA,ANDHRA PRADESH,india
Gudapadu,521135,KRISHNA,ANDHRA PRADESH,india
Chodavaram,521120,KRISHNA,ANDHRA PRADESH,india
Parrachivara,521120,KRISHNA,ANDHRA PRADESH,india
Kondiparru,521157,KRISHNA,ANDHRA PRADESH,india
Kurumaddali,521157,KRISHNA,ANDHRA PRADESH,india
Undrapudi,521157,KRISHNA,ANDHRA PRADESH,india
Kummaripalem,521130,KRISHNA,ANDHRA PRADESH,india
Karagraharam,521002,KRISHNA,ANDHRA PRADESH,india
Gundupalem,521003,KRISHNA,ANDHRA PRADESH,india
Vadapalem,521003,KRISHNA,ANDHRA PRADESH,india
Nagavaram,521331,KRISHNA,ANDHRA PRADESH,india
Arthamuru,521369,KRISHNA,ANDHRA PRADESH,india
Kanchadam,521369,KRISHNA,ANDHRA PRADESH,india
Chevendra,521366,KRISHNA,ANDHRA PRADESH,india
K.P.Lock,521366,KRISHNA,ANDHRA PRADESH,india
Kappaladoddi,521366,KRISHNA,ANDHRA PRADESH,india
Nadupuru,521366,KRISHNA,ANDHRA PRADESH,india
Rudravaram,521004,KRISHNA,ANDHRA PRADESH,india
Cheruvukommupalem,522659,Palnadu,ANDHRA PRADESH,india
Nagireddipalle,522659,Palnadu,ANDHRA PRADESH,india
Ravulapuram,522663,Palnadu,ANDHRA PRADESH,india
Manukondavaripalem,522616,Palnadu,ANDHRA PRADESH,india
Pasumarru,522616,Palnadu,ANDHRA PRADESH,india
Narmalapadu,522612,Palnadu,ANDHRA PRADESH,india
Unnava,522233,Palnadu,ANDHRA PRADESH,india
Gundepalle,522658,Palnadu,ANDHRA PRADESH,india
Gadevaripalle,522614,Palnadu,ANDHRA PRADESH,india
Gummanampadu,522614,Palnadu,ANDHRA PRADESH,india
Mellavagu,522614,Palnadu,ANDHRA PRADESH,india
Ayyannapalem,522614,Palnadu,ANDHRA PRADESH,india
Reddypalem,522614,Palnadu,ANDHRA PRADESH,india
Gangannapalem,522611,Palnadu,ANDHRA PRADESH,india
Kammavaripalem,522611,Palnadu,ANDHRA PRADESH,india
Rajapeta,522626,Palnadu,ANDHRA PRADESH,india
Jangalapalle,522234,Palnadu,ANDHRA PRADESH,india
Kothapalle,522615,Palnadu,ANDHRA PRADESH,india
Tripurapuram,522615,Palnadu,ANDHRA PRADESH,india
KOTHAPALEM,522615,Palnadu,ANDHRA PRADESH,india
Pathakothapalem,522660,Palnadu,ANDHRA PRADESH,india
Ramudipalem,522660,Palnadu,ANDHRA PRADESH,india
Hassannayunipalem,522649,Palnadu,ANDHRA PRADESH,india
Pitchikalapalem,522649,Palnadu,ANDHRA PRADESH,india
Pittambanda,522649,Palnadu,ANDHRA PRADESH,india
Talluru,522529,GUNTUR,ANDHRA PRADESH,india
Vemavaram,522529,GUNTUR,ANDHRA PRADESH,india
Lakkarajugarlapadu,522529,GUNTUR,ANDHRA PRADESH,india
Yerraguntlapadu,522529,GUNTUR,ANDHRA PRADESH,india
Annavaram,522603,Palnadu,ANDHRA PRADESH,india
Dechavaram,522603,Palnadu,ANDHRA PRADESH,india
Konakanchivaripalem,522617,Palnadu,ANDHRA PRADESH,india
Turumella,522617,Palnadu,ANDHRA PRADESH,india
Chandavaram,522549,Palnadu,ANDHRA PRADESH,india
Merikapudi,522549,GUNTUR,ANDHRA PRADESH,india
Guravayapalem,522549,Palnadu,ANDHRA PRADESH,india
Karumanchi,522646,Palnadu,ANDHRA PRADESH,india
Agnigundala,522647,Palnadu,ANDHRA PRADESH,india
Dondapadu,522647,Palnadu,ANDHRA PRADESH,india
Kondramutla,522647,Palnadu,ANDHRA PRADESH,india
Nirmalanagar,522647,Palnadu,ANDHRA PRADESH,india
Chintapalle,522409,Palnadu,ANDHRA PRADESH,india
Kogantivaripalem,522409,Palnadu,ANDHRA PRADESH,india
Bodanam,522411,Palnadu,ANDHRA PRADESH,india
Vannayapalem,522411,Palnadu,ANDHRA PRADESH,india
MANNESULTANPALEM,522411,Palnadu,ANDHRA PRADESH,india
Gogulapadu,522414,Palnadu,ANDHRA PRADESH,india
Ambapuram,522415,Palnadu,ANDHRA PRADESH,india
Gangavaram,522415,Palnadu,ANDHRA PRADESH,india
Madugula,522415,Palnadu,ANDHRA PRADESH,india
Gudipadu,522410,Palnadu,ANDHRA PRADESH,india
Konduru,522410,Palnadu,ANDHRA PRADESH,india
Konuru,522410,Palnadu,ANDHRA PRADESH,india
Pedapalem,522410,Palnadu,ANDHRA PRADESH,india
Peesapadu,522410,Palnadu,ANDHRA PRADESH,india
Talluru,522410,Palnadu,ANDHRA PRADESH,india
Vipparla,522410,Palnadu,ANDHRA PRADESH,india
Vutukuru,522410,Palnadu,ANDHRA PRADESH,india
GOGULAPADU,522410,Palnadu,ANDHRA PRADESH,india
Vemavaram,522435,Palnadu,ANDHRA PRADESH,india
Chennayapalem,522435,Palnadu,ANDHRA PRADESH,india
Gannavaram,522426,Palnadu,ANDHRA PRADESH,india
Kambhampadu,522426,Palnadu,ANDHRA PRADESH,india
Bedudur,516474,Y.S.R.,ANDHRA PRADESH,india
Tallapalle,522426,Palnadu,ANDHRA PRADESH,india
Zammalamadaka,522426,Palnadu,ANDHRA PRADESH,india
Korrapadu,522438,GUNTUR,ANDHRA PRADESH,india
Dammalapadu,522408,Palnadu,ANDHRA PRADESH,india
Kunduruvaripalem,522408,Palnadu,ANDHRA PRADESH,india
Bollavaram,522408,Palnadu,ANDHRA PRADESH,india
Bayyavaram,522402,Palnadu,ANDHRA PRADESH,india
Bhatluru,522402,Palnadu,ANDHRA PRADESH,india
Bhimavaram,522402,Palnadu,ANDHRA PRADESH,india
Nandigama,522402,Palnadu,ANDHRA PRADESH,india
Guttikonda,522413,Palnadu,ANDHRA PRADESH,india
Kothaganesunipadu,522413,Palnadu,ANDHRA PRADESH,india
Sitarampuram Mines,522413,Palnadu,ANDHRA PRADESH,india
Zulakallu,522413,Palnadu,ANDHRA PRADESH,india
BEERAVALLIPAYA,522413,Palnadu,ANDHRA PRADESH,india
Balijepalle,522412,Palnadu,ANDHRA PRADESH,india
Bodilaveedu,522613,Palnadu,ANDHRA PRADESH,india
Gottipalla,522613,Palnadu,ANDHRA PRADESH,india
Sirigiripadu,522613,Palnadu,ANDHRA PRADESH,india
Uppalapadu,522613,Palnadu,ANDHRA PRADESH,india
VAJRALAPADU,522613,Palnadu,ANDHRA PRADESH,india
Zakkepalligudur,524142,SPSR NELLORE,ANDHRA PRADESH,india
Talluru,524142,SPSR NELLORE,ANDHRA PRADESH,india
Katrayapadu,524240,SPSR NELLORE,ANDHRA PRADESH,india
Lingalapadu,524240,SPSR NELLORE,ANDHRA PRADESH,india
Rangasamudram,524240,SPSR NELLORE,ANDHRA PRADESH,india
Tadakalur,524240,SPSR NELLORE,ANDHRA PRADESH,india
Kapparallatippa,524152,SPSR NELLORE,ANDHRA PRADESH,india
Zuvvaladinne,524152,SPSR NELLORE,ANDHRA PRADESH,india
Appasamudram,524222,SPSR NELLORE,ANDHRA PRADESH,india
Lakshmipuram-D,524222,SPSR NELLORE,ANDHRA PRADESH,india
Mandalanaidupalli,524222,SPSR NELLORE,ANDHRA PRADESH,india
Gudinarava,524236,SPSR NELLORE,ANDHRA PRADESH,india
Kondayapalem-G,524236,SPSR NELLORE,ANDHRA PRADESH,india
Virur,524236,SPSR NELLORE,ANDHRA PRADESH,india
Annavaram,524223,SPSR NELLORE,ANDHRA PRADESH,india
Chinnakraka,524223,SPSR NELLORE,ANDHRA PRADESH,india
Kothapalli-J,524223,SPSR NELLORE,ANDHRA PRADESH,india
Lingaraju Agraharam,524223,SPSR NELLORE,ANDHRA PRADESH,india
Rajupalem,524224,SPSR NELLORE,ANDHRA PRADESH,india
Chintaladevi,524239,SPSR NELLORE,ANDHRA PRADESH,india
Mudimurthypuram,524239,SPSR NELLORE,ANDHRA PRADESH,india
Veligandla,524239,SPSR NELLORE,ANDHRA PRADESH,india
Saipeta,524239,SPSR NELLORE,ANDHRA PRADESH,india
Kampasamudram,524230,SPSR NELLORE,ANDHRA PRADESH,india
Timmanaidupeta,524230,SPSR NELLORE,ANDHRA PRADESH,india
Bodasi Idayapalli,524310,SPSR NELLORE,ANDHRA PRADESH,india
Narayanappapeta,524310,SPSR NELLORE,ANDHRA PRADESH,india
Nemalladinna,524310,SPSR NELLORE,ANDHRA PRADESH,india
Ananthapuram-S,524225,SPSR NELLORE,ANDHRA PRADESH,india
Krakatur,524225,SPSR NELLORE,ANDHRA PRADESH,india
Kummarakondur,524225,SPSR NELLORE,ANDHRA PRADESH,india
Parikota,524225,SPSR NELLORE,ANDHRA PRADESH,india
Peddakondur,524225,SPSR NELLORE,ANDHRA PRADESH,india
Turupur,524225,SPSR NELLORE,ANDHRA PRADESH,india
Gaddamvaripalli,524226,SPSR NELLORE,ANDHRA PRADESH,india
Dakkanuru,524227,SPSR NELLORE,ANDHRA PRADESH,india
Damncherla,524227,SPSR NELLORE,ANDHRA PRADESH,india
Vempadu,524227,SPSR NELLORE,ANDHRA PRADESH,india
Gottigundala,524228,SPSR NELLORE,ANDHRA PRADESH,india
Tellapadu-V,524228,SPSR NELLORE,ANDHRA PRADESH,india
Bedusupalli,524302,SPSR NELLORE,ANDHRA PRADESH,india
Varikuntapadu,524302,SPSR NELLORE,ANDHRA PRADESH,india
Chavatabheemavaram,524304,SPSR NELLORE,ANDHRA PRADESH,india
Pandipadu,524304,SPSR NELLORE,ANDHRA PRADESH,india
Panugodu,524304,SPSR NELLORE,ANDHRA PRADESH,india
Tellapadu-A,524304,SPSR NELLORE,ANDHRA PRADESH,india
Cherloyadavalli,524322,SPSR NELLORE,ANDHRA PRADESH,india
Pynapuram,524346,SPSR NELLORE,ANDHRA PRADESH,india
Chellayapalem,524305,SPSR NELLORE,ANDHRA PRADESH,india
Rebala,524305,SPSR NELLORE,ANDHRA PRADESH,india
Reddypalem,524305,SPSR NELLORE,ANDHRA PRADESH,india
Kallurpalli,524003,SPSR NELLORE,ANDHRA PRADESH,india
P.S.R Nagar,524003,SPSR NELLORE,ANDHRA PRADESH,india
Siddipuram,524306,SPSR NELLORE,ANDHRA PRADESH,india
Peddaputtedu,524317,SPSR NELLORE,ANDHRA PRADESH,india
Turimerla,524317,SPSR NELLORE,ANDHRA PRADESH,india
Kammavaripalem-G,524234,SPSR NELLORE,ANDHRA PRADESH,india
Kavali Mustapuram,524234,SPSR NELLORE,ANDHRA PRADESH,india
Komarika,524314,SPSR NELLORE,ANDHRA PRADESH,india
Lebur,524314,SPSR NELLORE,ANDHRA PRADESH,india
Kona Samudram,524307,SPSR NELLORE,ANDHRA PRADESH,india
Peda Kandla,524307,SPSR NELLORE,ANDHRA PRADESH,india
Damaramadugu,524137,SPSR NELLORE,ANDHRA PRADESH,india
Inamadugu,524137,SPSR NELLORE,ANDHRA PRADESH,india
Pothireddypalem,524137,SPSR NELLORE,ANDHRA PRADESH,india
Krishnapatnam,524344,SPSR NELLORE,ANDHRA PRADESH,india
Gangapatnam,524313,SPSR NELLORE,ANDHRA PRADESH,india
Ramapuram,524366,SPSR NELLORE,ANDHRA PRADESH,india
Hasanapuram,524308,SPSR NELLORE,ANDHRA PRADESH,india
Jangaladoruvu,524308,SPSR NELLORE,ANDHRA PRADESH,india
Peramana,524308,SPSR NELLORE,ANDHRA PRADESH,india
Tarunavoya,524308,SPSR NELLORE,ANDHRA PRADESH,india
Kotha Kodur,524002,SPSR NELLORE,ANDHRA PRADESH,india
Mahalakshmipuram,524002,SPSR NELLORE,ANDHRA PRADESH,india
Ntr Nagar,524002,SPSR NELLORE,ANDHRA PRADESH,india
Eduru,524311,SPSR NELLORE,ANDHRA PRADESH,india
Varini,524318,SPSR NELLORE,ANDHRA PRADESH,india
Koniki,534437,Eluru,ANDHRA PRADESH,india
Racherlapadu,524319,SPSR NELLORE,ANDHRA PRADESH,india
Naidupalem,524319,SPSR NELLORE,ANDHRA PRADESH,india
Nagandla,523190,Bapatla,ANDHRA PRADESH,india
Pusapadu,523190,Bapatla,ANDHRA PRADESH,india
Bodavada,523167,Bapatla,ANDHRA PRADESH,india
Kunkalamarru,523168,Bapatla,ANDHRA PRADESH,india
Chinanandipadu,523169,Bapatla,ANDHRA PRADESH,india
Komaranenivaripalem,523169,Bapatla,ANDHRA PRADESH,india
Nagulapalem,523169,Bapatla,ANDHRA PRADESH,india
Papayapalem,523157,Bapatla,ANDHRA PRADESH,india
Timmasamudram,523185,PRAKASAM,ANDHRA PRADESH,india
Timidithapadu,523170,Bapatla,ANDHRA PRADESH,india
Desaipet,523187,Bapatla,ANDHRA PRADESH,india
Ayyaparajupalem,523271,PRAKASAM,ANDHRA PRADESH,india
Chirrikurapadu,523271,PRAKASAM,ANDHRA PRADESH,india
Netivaripalem,523271,PRAKASAM,ANDHRA PRADESH,india
Polireddipalem,523270,PRAKASAM,ANDHRA PRADESH,india
Mogilicherla,523114,PRAKASAM,ANDHRA PRADESH,india
Chinapavani,523115,PRAKASAM,ANDHRA PRADESH,india
Chinalatrip,523115,PRAKASAM,ANDHRA PRADESH,india
Chavatapalem,523109,PRAKASAM,ANDHRA PRADESH,india
Muppalla,523109,PRAKASAM,ANDHRA PRADESH,india
Ravulakollu,523109,PRAKASAM,ANDHRA PRADESH,india
Pandalapadu,523109,PRAKASAM,ANDHRA PRADESH,india
Mocherla,523291,PRAKASAM,ANDHRA PRADESH,india
Pakala,523101,PRAKASAM,ANDHRA PRADESH,india
Kanumalla,523101,PRAKASAM,ANDHRA PRADESH,india
Old Singarayakonda,523101,PRAKASAM,ANDHRA PRADESH,india
Somarajupalli,523101,PRAKASAM,ANDHRA PRADESH,india
Chintalapalem,523274,PRAKASAM,ANDHRA PRADESH,india
Vaviletipadu,523274,PRAKASAM,ANDHRA PRADESH,india
Velagapudi,523274,PRAKASAM,ANDHRA PRADESH,india
Bhimavaram,523292,PRAKASAM,ANDHRA PRADESH,india
Paletipadu,523279,PRAKASAM,ANDHRA PRADESH,india
Sameeripalem,523116,PRAKASAM,ANDHRA PRADESH,india
Ammapalem,523116,PRAKASAM,ANDHRA PRADESH,india
Ayyavaripalli,523116,PRAKASAM,ANDHRA PRADESH,india
Karumanchi,523272,PRAKASAM,ANDHRA PRADESH,india
Yerazerla,523272,PRAKASAM,ANDHRA PRADESH,india
Kodigumpala,523110,PRAKASAM,ANDHRA PRADESH,india
Tumativaripalem,523110,PRAKASAM,ANDHRA PRADESH,india
Ayyalurivaripalli,523112,PRAKASAM,ANDHRA PRADESH,india
Chintapadu,523112,PRAKASAM,ANDHRA PRADESH,india
Kovilampadu,523112,PRAKASAM,ANDHRA PRADESH,india
Nallamadugula,523112,PRAKASAM,ANDHRA PRADESH,india
Pathapadu,523246,PRAKASAM,ANDHRA PRADESH,india
Vemulapadu,523246,PRAKASAM,ANDHRA PRADESH,india
Kutagundla,523227,PRAKASAM,ANDHRA PRADESH,india
Munagapadu,523241,PRAKASAM,ANDHRA PRADESH,india
Ats Palem,523304,PRAKASAM,ANDHRA PRADESH,india
Potlapadu,523304,PRAKASAM,ANDHRA PRADESH,india
Sankarapuram,523265,PRAKASAM,ANDHRA PRADESH,india
Vengalayapalli,523117,PRAKASAM,ANDHRA PRADESH,india
Thalakondapadu,523117,PRAKASAM,ANDHRA PRADESH,india
Timmareddypalli,523228,PRAKASAM,ANDHRA PRADESH,india
Valicherla,523228,PRAKASAM,ANDHRA PRADESH,india
Venkateswarapuram,523111,PRAKASAM,ANDHRA PRADESH,india
Narramarella,523108,PRAKASAM,ANDHRA PRADESH,india
Bukkapuram,523108,PRAKASAM,ANDHRA PRADESH,india
Chilamkur,523108,PRAKASAM,ANDHRA PRADESH,india
Kattakindipalli,523108,PRAKASAM,ANDHRA PRADESH,india
Vaggampalli,523108,PRAKASAM,ANDHRA PRADESH,india
Dirisavancha,523245,PRAKASAM,ANDHRA PRADESH,india
Gollapalli,523247,PRAKASAM,ANDHRA PRADESH,india
Kellampalli,523253,PRAKASAM,ANDHRA PRADESH,india
Zuvvaleru,523245,PRAKASAM,ANDHRA PRADESH,india
Botlapalem,523252,PRAKASAM,ANDHRA PRADESH,india
Kothayeruvaripalli,523254,PRAKASAM,ANDHRA PRADESH,india
Ballipalli,523230,PRAKASAM,ANDHRA PRADESH,india
Kancharlavaripalem,523230,PRAKASAM,ANDHRA PRADESH,india
Nippatlapadu,523253,PRAKASAM,ANDHRA PRADESH,india
Boddikurapadu,523253,PRAKASAM,ANDHRA PRADESH,india
Gokulam,523224,PRAKASAM,ANDHRA PRADESH,india
Vedullacheruvu,523224,PRAKASAM,ANDHRA PRADESH,india
Ramalingapuram,523224,PRAKASAM,ANDHRA PRADESH,india
Bommnampadu,523201,Bapatla,ANDHRA PRADESH,india
Chakrayapalem,523201,Bapatla,ANDHRA PRADESH,india
Khambampadu,523201,PRAKASAM,ANDHRA PRADESH,india
Venkatapuram,523201,Bapatla,ANDHRA PRADESH,india
Chavatapalem,523180,PRAKASAM,ANDHRA PRADESH,india
Pulikonda,523226,PRAKASAM,ANDHRA PRADESH,india
Gonugunta,523226,PRAKASAM,ANDHRA PRADESH,india
Janakavaram,523214,Bapatla,ANDHRA PRADESH,india
Surepalli,523303,Bapatla,ANDHRA PRADESH,india
Kunduru,523303,Bapatla,ANDHRA PRADESH,india
Paritalavaripalem,523303,Bapatla,ANDHRA PRADESH,india
Alluru,523286,PRAKASAM,ANDHRA PRADESH,india
Koppole,523286,PRAKASAM,ANDHRA PRADESH,india
Motumala,523286,PRAKASAM,ANDHRA PRADESH,india
Bollavarappadu,523212,Bapatla,ANDHRA PRADESH,india
Daivalaravuru,523212,Bapatla,ANDHRA PRADESH,india
Thimmana Palem,523212,Bapatla,ANDHRA PRADESH,india
Doddavarappadu,523211,PRAKASAM,ANDHRA PRADESH,india
Guravareddipalem,523211,PRAKASAM,ANDHRA PRADESH,india
Inamanamelluru,523211,PRAKASAM,ANDHRA PRADESH,india
Ballikurva,523301,Bapatla,ANDHRA PRADESH,india
Jonnatali,523301,Bapatla,ANDHRA PRADESH,india
Vinjanampadu,523301,Bapatla,ANDHRA PRADESH,india
Bollapalli,523261,Bapatla,ANDHRA PRADESH,india
Reningavaram,523261,Bapatla,ANDHRA PRADESH,india
Brahmananidamanuru,523183,PRAKASAM,ANDHRA PRADESH,india
Yendluru,523225,PRAKASAM,ANDHRA PRADESH,india
Turakapalem,523264,PRAKASAM,ANDHRA PRADESH,india
Vittalapuram,523264,PRAKASAM,ANDHRA PRADESH,india
Mannepalli,523264,PRAKASAM,ANDHRA PRADESH,india
Nagambotlavaripalem,523264,PRAKASAM,ANDHRA PRADESH,india
Chandrapadu,523263,PRAKASAM,ANDHRA PRADESH,india
Mukthinuthalapadu,523262,PRAKASAM,ANDHRA PRADESH,india
Gopavaram,534318,WEST GODAVARI,ANDHRA PRADESH,india
Lnd Peta,534318,Eluru,ANDHRA PRADESH,india
Reddinagampalem,534318,Eluru,ANDHRA PRADESH,india
GANGOLE.,534318,WEST GODAVARI,ANDHRA PRADESH,india
Guddigudem,534316,WEST GODAVARI,ANDHRA PRADESH,india
Cherukumilli,534316,WEST GODAVARI,ANDHRA PRADESH,india
Nandigudem,534316,WEST GODAVARI,ANDHRA PRADESH,india
Velivennu,534329,WEST GODAVARI,ANDHRA PRADESH,india
Daravaram,534301,WEST GODAVARI,ANDHRA PRADESH,india
Kalavalapalli,534301,WEST GODAVARI,ANDHRA PRADESH,india
Markondapadu,534301,WEST GODAVARI,ANDHRA PRADESH,india
Paidipaka,534315,WEST GODAVARI,ANDHRA PRADESH,india
D.Muppavaram,534302,WEST GODAVARI,ANDHRA PRADESH,india
Atlapadu,534302,WEST GODAVARI,ANDHRA PRADESH,india
Vijjeswaram,534302,WEST GODAVARI,ANDHRA PRADESH,india
Tyajampudi,534305,WEST GODAVARI,ANDHRA PRADESH,india
Pochavaram,534341,WEST GODAVARI,ANDHRA PRADESH,india
Tadipudi,534341,WEST GODAVARI,ANDHRA PRADESH,india
Malakapalli,534340,WEST GODAVARI,ANDHRA PRADESH,india
Chidipi,534340,WEST GODAVARI,ANDHRA PRADESH,india
Jaggannapeta,534102,WEST GODAVARI,ANDHRA PRADESH,india
Kasipadu,534196,WEST GODAVARI,ANDHRA PRADESH,india
Pasalapudi,534156,WEST GODAVARI,ANDHRA PRADESH,india
Aredu,534198,WEST GODAVARI,ANDHRA PRADESH,india
Apparaopeta,534145,WEST GODAVARI,ANDHRA PRADESH,india
Jagannadhapuram,534145,WEST GODAVARI,ANDHRA PRADESH,india
Prakasaraopalem,534112,WEST GODAVARI,ANDHRA PRADESH,india
Singarajupalem,534112,WEST GODAVARI,ANDHRA PRADESH,india
Mandalaparru,534195,Eluru,ANDHRA PRADESH,india
K.Pentapadu,534166,WEST GODAVARI,ANDHRA PRADESH,india
Jetlapalem,534166,WEST GODAVARI,ANDHRA PRADESH,india
Racharla,534166,WEST GODAVARI,ANDHRA PRADESH,india
Yanalapalli,534166,WEST GODAVARI,ANDHRA PRADESH,india
Ardhavaram,534197,Eluru,ANDHRA PRADESH,india
Allampuram,534146,WEST GODAVARI,ANDHRA PRADESH,india
Kommugudem,534102,WEST GODAVARI,ANDHRA PRADESH,india
Uppakapadu,534411,WEST GODAVARI,ANDHRA PRADESH,india
Yerramalla,534411,WEST GODAVARI,ANDHRA PRADESH,india
Kakarlamudi,534165,WEST GODAVARI,ANDHRA PRADESH,india
Gopapuram,522310,Bapatla,ANDHRA PRADESH,india
Bhavanamvaripalem,522311,Bapatla,ANDHRA PRADESH,india
Bhoolayapalem,522311,Bapatla,ANDHRA PRADESH,india
Kovelamudi,522212,GUNTUR,ANDHRA PRADESH,india
Vellaluru,522212,GUNTUR,ANDHRA PRADESH,india
Gollamudipadu,522212,GUNTUR,ANDHRA PRADESH,india
Gundavaram,522212,GUNTUR,ANDHRA PRADESH,india
Ramabhotlapalem,522309,Bapatla,ANDHRA PRADESH,india
Arepalle Agraharam,522309,Bapatla,ANDHRA PRADESH,india
Gullapalli,522309,Bapatla,ANDHRA PRADESH,india
Venigallavaripalem,522258,Bapatla,ANDHRA PRADESH,india
Ilavaram,522259,Bapatla,ANDHRA PRADESH,india
Gudavalli,522259,Bapatla,ANDHRA PRADESH,india
Nalamothuvaripalem,522111,Bapatla,ANDHRA PRADESH,india
Pedagollapalem,522111,Bapatla,ANDHRA PRADESH,india
Pragnam,522262,Bapatla,ANDHRA PRADESH,india
Bodipalem,522315,GUNTUR,ANDHRA PRADESH,india
Nanduru,522315,GUNTUR,ANDHRA PRADESH,india
Muttupalli Agraharam,522268,Bapatla,ANDHRA PRADESH,india
Alluru,522314,Bapatla,ANDHRA PRADESH,india
Aremanda,522316,GUNTUR,ANDHRA PRADESH,india
Chinalingayapalem,522124,GUNTUR,ANDHRA PRADESH,india
Kankatapalem,522317,Bapatla,ANDHRA PRADESH,india
Moparru,522312,Bapatla,ANDHRA PRADESH,india
Annavaram,522301,GUNTUR,ANDHRA PRADESH,india
Chadalavada,522301,Bapatla,ANDHRA PRADESH,india
Valiveru,522211,Bapatla,ANDHRA PRADESH,india
Allamudi,522256,Bapatla,ANDHRA PRADESH,india
Visweswaram,522264,Bapatla,ANDHRA PRADESH,india
Tummala,522264,Bapatla,ANDHRA PRADESH,india
Vallabhapuram,522308,GUNTUR,ANDHRA PRADESH,india
Kopalle,522307,GUNTUR,ANDHRA PRADESH,india
Krapa,522324,Bapatla,ANDHRA PRADESH,india
Katevaram,522202,GUNTUR,ANDHRA PRADESH,india
Pedaravuru,522202,GUNTUR,ANDHRA PRADESH,india
Athota,522306,GUNTUR,ANDHRA PRADESH,india
Guddikayalanka,522265,Bapatla,ANDHRA PRADESH,india
Nalluru,522265,Bapatla,ANDHRA PRADESH,india
Nallurupalem,522265,Bapatla,ANDHRA PRADESH,india
Vuppudi,522265,Bapatla,ANDHRA PRADESH,india
Kiskindapalem,505325,Bapatla,ANDHRA PRADESH,india
Amudarlanka,522257,Bapatla,ANDHRA PRADESH,india
Kuchellapadu,522261,Bapatla,ANDHRA PRADESH,india
Boddapadu,521151,KRISHNA,ANDHRA PRADESH,india
Vanukuru,521151,KRISHNA,ANDHRA PRADESH,india
Uppaluru,521151,KRISHNA,ANDHRA PRADESH,india
Chodavaram,521139,KRISHNA,ANDHRA PRADESH,india
Pedaogirala,521245,KRISHNA,ANDHRA PRADESH,india
Nugondapalli,521211,Eluru,ANDHRA PRADESH,india
Vattigudipadu,521211,Eluru,ANDHRA PRADESH,india
Zakkulanekkalam,521102,KRISHNA,ANDHRA PRADESH,india
Popuru,521182,NTR,ANDHRA PRADESH,india
Veladikothapalem,521182,NTR,ANDHRA PRADESH,india
Gudimetla,521182,NTR,ANDHRA PRADESH,india
Bandipalem,521178,NTR,ANDHRA PRADESH,india
Konakanchi,521178,NTR,ANDHRA PRADESH,india
Gopavarapugudem,521101,KRISHNA,ANDHRA PRADESH,india
Budavada,521175,NTR,ANDHRA PRADESH,india
Chennaraopalem,521181,NTR,ANDHRA PRADESH,india
Vellanki,521181,NTR,ANDHRA PRADESH,india
Jaccampudi,520012,NTR,ANDHRA PRADESH,india
Chevitikallu,521180,NTR,ANDHRA PRADESH,india
Damuluru,521180,NTR,ANDHRA PRADESH,india
Putrela,521227,NTR,ANDHRA PRADESH,india
Ganugapadu,521227,NTR,ANDHRA PRADESH,india
Vemireddipalle,521227,NTR,ANDHRA PRADESH,india
Ilaprolu,521228,NTR,ANDHRA PRADESH,india
Vedadri,521457,NTR,ANDHRA PRADESH,india
Saipuram,521256,KRISHNA,ANDHRA PRADESH,india
Madhurapuram,521247,KRISHNA,ANDHRA PRADESH,india
Guruvindapalli,521247,KRISHNA,ANDHRA PRADESH,india
Srirangapuram,521247,KRISHNA,ANDHRA PRADESH,india
China Nandigama,521230,NTR,ANDHRA PRADESH,india
Kuntamukkala,521230,NTR,ANDHRA PRADESH,india
Pulluru,521230,NTR,ANDHRA PRADESH,india
Nawabpet,521185,NTR,ANDHRA PRADESH,india
Jonnalagadda,521184,NTR,ANDHRA PRADESH,india
Sivapuram,521190,NTR,ANDHRA PRADESH,india
Gummadidurru,521190,NTR,ANDHRA PRADESH,india
Mundlapadu,521190,NTR,ANDHRA PRADESH,india
Subbayyagudem,521190,NTR,ANDHRA PRADESH,india
Bhadrirajupalem,521163,KRISHNA,ANDHRA PRADESH,india
Chagantipadu,521163,KRISHNA,ANDHRA PRADESH,india
Pamulalanka,521163,KRISHNA,ANDHRA PRADESH,india
Vemulanarva,521402,NTR,ANDHRA PRADESH,india
Aminapuram,521250,KRISHNA,ANDHRA PRADESH,india
Chilukuru,521456,NTR,ANDHRA PRADESH,india
Gandigunta,521165,KRISHNA,ANDHRA PRADESH,india
Goditippa,533217,Konaseema,ANDHRA PRADESH,india
Samanthakurru,533217,Konaseema,ANDHRA PRADESH,india
Machavaram,533214,Konaseema,ANDHRA PRADESH,india
Bhatnavilli,533222,Konaseema,ANDHRA PRADESH,india
Bheemanapalli,533222,Konaseema,ANDHRA PRADESH,india
N.Kothapalli,533222,Konaseema,ANDHRA PRADESH,india
Pedagadavilli,533222,Konaseema,ANDHRA PRADESH,india
Komaragiripatnam,533210,Konaseema,ANDHRA PRADESH,india
Mokkalitippa,533212,Konaseema,ANDHRA PRADESH,india
Pallamkurru,533212,Konaseema,ANDHRA PRADESH,india
Serilanka,533220,Konaseema,ANDHRA PRADESH,india
T.Kothapalli,533220,Konaseema,ANDHRA PRADESH,india
Somidevarapalem,533216,Konaseema,ANDHRA PRADESH,india
Immidivarappadu,533218,Konaseema,ANDHRA PRADESH,india
Rollapalem,533218,Konaseema,ANDHRA PRADESH,india
Vannechintalapudi,533213,Konaseema,ANDHRA PRADESH,india
Kunavaram,533213,Konaseema,ANDHRA PRADESH,india
Tandavapalli,533213,Konaseema,ANDHRA PRADESH,india
A.Vemavaram,533577,Konaseema,ANDHRA PRADESH,india
Antarvedi,533252,Konaseema,ANDHRA PRADESH,india
Rambagh,533252,Konaseema,ANDHRA PRADESH,india
North Gopalapuram,533274,Konaseema,ANDHRA PRADESH,india
Ganti,533274,Konaseema,ANDHRA PRADESH,india
Kantevaripadu,533253,EAST GODAVARI,ANDHRA PRADESH,india
Badava,533247,Konaseema,ANDHRA PRADESH,india
Pasarlapudi,533247,Konaseema,ANDHRA PRADESH,india
Pedapatnam Lanka,533247,Konaseema,ANDHRA PRADESH,india
Gogannamatham,533248,Konaseema,ANDHRA PRADESH,india
Mulikipalli,533248,Konaseema,ANDHRA PRADESH,india
Aravapalem,533248,Konaseema,ANDHRA PRADESH,india
Magatapalli,533248,Konaseema,ANDHRA PRADESH,india
Ketharajuupalli,533238,Konaseema,ANDHRA PRADESH,india
Komarajulanka,533238,Konaseema,ANDHRA PRADESH,india
Narkedmilli,533236,Konaseema,ANDHRA PRADESH,india
Podagatapalli,533236,Konaseema,ANDHRA PRADESH,india
Eastpalem,533244,Konaseema,ANDHRA PRADESH,india
Gudapalli,533244,Konaseema,ANDHRA PRADESH,india
Mogalikuduru,533249,Konaseema,ANDHRA PRADESH,india
Pedapatnam,533249,Konaseema,ANDHRA PRADESH,india
Vadrevupalli,533249,Konaseema,ANDHRA PRADESH,india
Varada,531022,Anakapalli,ANDHRA PRADESH,india
K.J.Puram,531022,Anakapalli,ANDHRA PRADESH,india
Gattum,531151,VISAKHAPATANAM,ANDHRA PRADESH,india
Gorapur,531151,VISAKHAPATANAM,ANDHRA PRADESH,india
Korra,531151,VISAKHAPATANAM,ANDHRA PRADESH,india
Korrai,531151,VISAKHAPATANAM,ANDHRA PRADESH,india
Dosuru,531011,Anakapalli,ANDHRA PRADESH,india
Chettupalle,531036,Anakapalli,ANDHRA PRADESH,india
Gowripatnam,531036,Anakapalli,ANDHRA PRADESH,india
Rajam,531036,Anakapalli,ANDHRA PRADESH,india
Varahapuram,531036,Anakapalli,ANDHRA PRADESH,india
Chinanadipalli,531030,Anakapalli,ANDHRA PRADESH,india
Gummanti,531030,Anakapalli,ANDHRA PRADESH,india
Velamamidi,531030,Anakapalli,ANDHRA PRADESH,india
Madrebu,531030,Anakapalli,ANDHRA PRADESH,india
Dayarti,531030,Anakapalli,ANDHRA PRADESH,india
Sammeda,531030,Anakapalli,ANDHRA PRADESH,india
Murakada,531061,Anakapalli,ANDHRA PRADESH,india
Raja Koduru,531061,Anakapalli,ANDHRA PRADESH,india
Tummagunta,523230,PRAKASAM,ANDHRA PRADESH,india
Kothapenta,531034,Anakapalli,ANDHRA PRADESH,india
Kannurupalem,531031,VISAKHAPATANAM,ANDHRA PRADESH,india
Theeda,531031,VISAKHAPATANAM,ANDHRA PRADESH,india
Veduruparthi,531031,VISAKHAPATANAM,ANDHRA PRADESH,india
Chandanada,531081,VISAKHAPATANAM,ANDHRA PRADESH,india
Peda Doddigallu,531081,VISAKHAPATANAM,ANDHRA PRADESH,india
Pedateenarla,531081,VISAKHAPATANAM,ANDHRA PRADESH,india
Vedullapalem,531081,VISAKHAPATANAM,ANDHRA PRADESH,india
Ammulapalem,531002,VISAKHAPATANAM,ANDHRA PRADESH,india
Cheepurupalli,531020,VISAKHAPATANAM,ANDHRA PRADESH,india
Nunaparthi,531020,VISAKHAPATANAM,ANDHRA PRADESH,india
Gopalapatnam,531127,VISAKHAPATANAM,ANDHRA PRADESH,india
Kandipudi,531127,VISAKHAPATANAM,ANDHRA PRADESH,india
Srirampuram,531127,VISAKHAPATANAM,ANDHRA PRADESH,india
Chn Agraharam,531032,Anakapalli,ANDHRA PRADESH,india
Bowluwada,531032,Anakapalli,ANDHRA PRADESH,india
Ameena Sahebpeta,531055,Anakapalli,ANDHRA PRADESH,india
Enugutuni,531055,Anakapalli,ANDHRA PRADESH,india
Melupaka,531055,Anakapalli,ANDHRA PRADESH,india
Regupalem,531055,Anakapalli,ANDHRA PRADESH,india
Cherlopalem,531055,Anakapalli,ANDHRA PRADESH,india
Annavaram,531111,Alluri Sitharama Raju,ANDHRA PRADESH,india
Bonthilli,531029,Alluri Sitharama Raju,ANDHRA PRADESH,india
Vanthala,531029,Alluri Sitharama Raju,ANDHRA PRADESH,india
Pedalochali,531029,Alluri Sitharama Raju,ANDHRA PRADESH,india
Bongaram,531029,Alluri Sitharama Raju,ANDHRA PRADESH,india
Addumanda,531077,Alluri Sitharama Raju,ANDHRA PRADESH,india
Gamparai,531077,Alluri Sitharama Raju,ANDHRA PRADESH,india
Guda,531077,Alluri Sitharama Raju,ANDHRA PRADESH,india
Sukuru,531077,Alluri Sitharama Raju,ANDHRA PRADESH,india
Jarrakonda,531077,Alluri Sitharama Raju,ANDHRA PRADESH,india
Olda,531077,Alluri Sitharama Raju,ANDHRA PRADESH,india
Chekumaddila,531077,Alluri Sitharama Raju,ANDHRA PRADESH,india
Pathamallmpeta,531084,VISAKHAPATANAM,ANDHRA PRADESH,india
Sarabhannapalem,531084,VISAKHAPATANAM,ANDHRA PRADESH,india
Golugonda,531084,VISAKHAPATANAM,ANDHRA PRADESH,india
Chintaluru,531028,Anakapalli,ANDHRA PRADESH,india
Venkatapuram,531085,VISAKHAPATANAM,ANDHRA PRADESH,india
V Sarabhavaram,531114,Anakapalli,ANDHRA PRADESH,india
Cheedipalem,531087,VISAKHAPATANAM,ANDHRA PRADESH,india
Kakarapadu,531087,VISAKHAPATANAM,ANDHRA PRADESH,india
Chettupalle,531118,VISAKHAPATANAM,ANDHRA PRADESH,india
Downuru,531118,VISAKHAPATANAM,ANDHRA PRADESH,india
J P Agraharam,531118,VISAKHAPATANAM,ANDHRA PRADESH,india
K Yellavaram,531118,VISAKHAPATANAM,ANDHRA PRADESH,india
M K Patnam,531118,VISAKHAPATANAM,ANDHRA PRADESH,india
Sanivaram,531118,VISAKHAPATANAM,ANDHRA PRADESH,india
Kinthalli,531027,Anakapalli,ANDHRA PRADESH,india
Satyavaram,531027,Anakapalli,ANDHRA PRADESH,india
Pongalipaka,531027,Anakapalli,ANDHRA PRADESH,india
Burugupalem,531113,Anakapalli,ANDHRA PRADESH,india
Adakula,531115,VISAKHAPATANAM,ANDHRA PRADESH,india
E D Peta,531115,VISAKHAPATANAM,ANDHRA PRADESH,india
Gummadigonda,531115,VISAKHAPATANAM,ANDHRA PRADESH,india
Marripalem,531115,VISAKHAPATANAM,ANDHRA PRADESH,india
Sarugudu,531115,VISAKHAPATANAM,ANDHRA PRADESH,india
Kilagada,531040,VISAKHAPATANAM,ANDHRA PRADESH,india
Seethayyapeta,531025,Anakapalli,ANDHRA PRADESH,india
R V NAGAR,531133,Alluri Sitharama Raju,ANDHRA PRADESH,india
Pedavalasa,531133,Alluri Sitharama Raju,ANDHRA PRADESH,india
Dibbapalem,531026,Anakapalli,ANDHRA PRADESH,india
Lopudi,531026,Anakapalli,ANDHRA PRADESH,india
Veeravalli Agraharam,531026,Anakapalli,ANDHRA PRADESH,india
Vijayaramarajupeta,531026,Anakapalli,ANDHRA PRADESH,india
Bodapalem,531117,VISAKHAPATANAM,ANDHRA PRADESH,india
Cherlopalem,531117,VISAKHAPATANAM,ANDHRA PRADESH,india
M Bennavaram,531117,VISAKHAPATANAM,ANDHRA PRADESH,india
Atchampeta,533005,Kakinada,ANDHRA PRADESH,india
Panasapadu,533005,Kakinada,ANDHRA PRADESH,india
Valasapakala,533005,Kakinada,ANDHRA PRADESH,india
Patavala,533461,Kakinada,ANDHRA PRADESH,india
Chintaplli,533344,Kakinada,ANDHRA PRADESH,india
Bandanapudi,533468,Kakinada,ANDHRA PRADESH,india
Seela,533468,Kakinada,ANDHRA PRADESH,india
Selapaka,533468,Kakinada,ANDHRA PRADESH,india
Repuru,533006,Kakinada,ANDHRA PRADESH,india
Ganganapalli,533006,Kakinada,ANDHRA PRADESH,india
Z.Bhavaram,533462,Kakinada,ANDHRA PRADESH,india
Gadimoga,533463,Kakinada,ANDHRA PRADESH,india
Gurazanapalli,533016,Kakinada,ANDHRA PRADESH,india
Georgepeta,533464,Kakinada,ANDHRA PRADESH,india
Uppangala,533464,Kakinada,ANDHRA PRADESH,india
Gogullanka,533464,EAST GODAVARI,ANDHRA PRADESH,india
Bhimavaram,533428,Alluri Sitharama Raju,ANDHRA PRADESH,india
Bodlanka,533428,Alluri Sitharama Raju,ANDHRA PRADESH,india
Kinaparthi,533428,Alluri Sitharama Raju,ANDHRA PRADESH,india
Matlapadu,533428,Alluri Sitharama Raju,ANDHRA PRADESH,india
Bendapudi,533406,Kakinada,ANDHRA PRADESH,india
Mandapam,533406,Kakinada,ANDHRA PRADESH,india
P.E.Chinayapalem,533406,Kakinada,ANDHRA PRADESH,india
A Mallavaram,533449,Kakinada,ANDHRA PRADESH,india
Gokavaram,533430,EAST GODAVARI,ANDHRA PRADESH,india
Narendrapatnam,533435,Kakinada,ANDHRA PRADESH,india
Kothakottam,533407,Kakinada,ANDHRA PRADESH,india
Billananduru,533407,Kakinada,ANDHRA PRADESH,india
K E Chinnayyapalem,533407,Kakinada,ANDHRA PRADESH,india
Jalluru,533433,Kakinada,ANDHRA PRADESH,india
Gudivada,533437,Kakinada,ANDHRA PRADESH,india
Ramesampeta,533437,EAST GODAVARI,ANDHRA PRADESH,india
Goneda,533437,Kakinada,ANDHRA PRADESH,india
Vadlamuru,533437,Kakinada,ANDHRA PRADESH,india
Chandanampalem,533450,Kakinada,ANDHRA PRADESH,india
Lakshminarasapuram,533450,Kakinada,ANDHRA PRADESH,india
Vattigadda,533436,Alluri Sitharama Raju,ANDHRA PRADESH,india
Ananthagiri,533436,Alluri Sitharama Raju,ANDHRA PRADESH,india
Godi O Kurthi,533436,Alluri Sitharama Raju,ANDHRA PRADESH,india
Kirrabu,533436,Alluri Sitharama Raju,ANDHRA PRADESH,india
Lagarayi,533436,Alluri Sitharama Raju,ANDHRA PRADESH,india
Doddigunta,533291,EAST GODAVARI,ANDHRA PRADESH,india
Mulagapudi,533446,Kakinada,ANDHRA PRADESH,india
Pedamallapuram,533446,Kakinada,ANDHRA PRADESH,india
Kodada,533408,Kakinada,ANDHRA PRADESH,india
Krishnapuram,533408,Kakinada,ANDHRA PRADESH,india
Yellayyapeta,533408,EAST GODAVARI,ANDHRA PRADESH,india
Velamakothuru,533401,Kakinada,ANDHRA PRADESH,india
Boddavaram,533401,Kakinada,ANDHRA PRADESH,india
K Mallavaram,533401,Kakinada,ANDHRA PRADESH,india
Vemavaram,533401,Kakinada,ANDHRA PRADESH,india
Rayapalli,533483,Alluri Sitharama Raju,ANDHRA PRADESH,india
Chavitidibbalu,533483,Alluri Sitharama Raju,ANDHRA PRADESH,india
D. Ramavaram,533483,Alluri Sitharama Raju,ANDHRA PRADESH,india
Dakodu,533483,Alluri Sitharama Raju,ANDHRA PRADESH,india
P Yerragonda,533483,Alluri Sitharama Raju,ANDHRA PRADESH,india
Panasalapalem,533483,Alluri Sitharama Raju,ANDHRA PRADESH,india
Veeravaram,533483,Alluri Sitharama Raju,ANDHRA PRADESH,india
Maredubaka,533429,Alluri Sitharama Raju,ANDHRA PRADESH,india
Ramanayyapeta,533429,Kakinada,ANDHRA PRADESH,india
Vanchangi,533429,Alluri Sitharama Raju,ANDHRA PRADESH,india
Vannepudi,533451,EAST GODAVARI,ANDHRA PRADESH,india
Vengapuram Agraharam,535557,Parvathipuram Manyam,ANDHRA PRADESH,india
Iruwada,535557,SRIKAKULAM,ANDHRA PRADESH,india
Maruwada,535557,SRIKAKULAM,ANDHRA PRADESH,india
Vantharam,535557,Parvathipuram Manyam,ANDHRA PRADESH,india
Rajupeta,535573,VIZIANAGARAM,ANDHRA PRADESH,india
Gadelavalasa,535559,Parvathipuram Manyam,ANDHRA PRADESH,india
Kalavarai Agraharam,535559,VIZIANAGARAM,ANDHRA PRADESH,india
Mettavalasa,535559,VIZIANAGARAM,ANDHRA PRADESH,india
Garraju Chipurupalle,535128,SRIKAKULAM,ANDHRA PRADESH,india
Sivaram,535128,VIZIANAGARAM,ANDHRA PRADESH,india
Vedullavalasa,535128,VIZIANAGARAM,ANDHRA PRADESH,india
Golladi Agraharam,535578,VIZIANAGARAM,ANDHRA PRADESH,india
Bhimavaram,535578,VIZIANAGARAM,ANDHRA PRADESH,india
Koduru,535578,VIZIANAGARAM,ANDHRA PRADESH,india
Mugada,535578,VIZIANAGARAM,ANDHRA PRADESH,india
Gadelamarrivalasa,535102,VIZIANAGARAM,ANDHRA PRADESH,india
Sariki,535593,Parvathipuram Manyam,ANDHRA PRADESH,india
Maripalli,535593,Parvathipuram Manyam,ANDHRA PRADESH,india
Thonam,535593,Parvathipuram Manyam,ANDHRA PRADESH,india
Gedda Kancharam,532148,SRIKAKULAM,ANDHRA PRADESH,india
Perapi,535125,VIZIANAGARAM,ANDHRA PRADESH,india
Itlamamidipalli,535579,VIZIANAGARAM,ANDHRA PRADESH,india
Tamarakhandi,535546,Parvathipuram Manyam,ANDHRA PRADESH,india
Geddaluppi,535546,Parvathipuram Manyam,ANDHRA PRADESH,india
Krishnarayapuram,535546,Parvathipuram Manyam,ANDHRA PRADESH,india
Thondrangi,535101,VIZIANAGARAM,ANDHRA PRADESH,india
Devada,535101,VIZIANAGARAM,ANDHRA PRADESH,india
Geddapuvalasa,535101,VIZIANAGARAM,ANDHRA PRADESH,india
Konuru,535101,VIZIANAGARAM,ANDHRA PRADESH,india
Jada,532148,SRIKAKULAM,ANDHRA PRADESH,india
Boddam,532148,SRIKAKULAM,ANDHRA PRADESH,india
Chandraiahpeta,532148,SRIKAKULAM,ANDHRA PRADESH,india
Pogiri,532148,SRIKAKULAM,ANDHRA PRADESH,india
Velagavalasa,535126,VIZIANAGARAM,ANDHRA PRADESH,india
Akulakatta,535124,VIZIANAGARAM,ANDHRA PRADESH,india
Rajeru,535124,VIZIANAGARAM,ANDHRA PRADESH,india
Buradavenkatapuram,535463,Parvathipuram Manyam,ANDHRA PRADESH,india
Uddavolu,535463,Parvathipuram Manyam,ANDHRA PRADESH,india
Iridi,535523,VIZIANAGARAM,ANDHRA PRADESH,india
Rella,535523,VIZIANAGARAM,ANDHRA PRADESH,india
Dummangi,535523,VIZIANAGARAM,ANDHRA PRADESH,india
Podi,535523,VIZIANAGARAM,ANDHRA PRADESH,india
Puttajammu,535523,VIZIANAGARAM,ANDHRA PRADESH,india
Tamarakhandi Jammu,535594,Parvathipuram Manyam,ANDHRA PRADESH,india
Kottu,535521,Parvathipuram Manyam,ANDHRA PRADESH,india
Kuneru,535521,Parvathipuram Manyam,ANDHRA PRADESH,india
Naya,535521,VIZIANAGARAM,ANDHRA PRADESH,india
Sivannapeta,535524,Parvathipuram Manyam,ANDHRA PRADESH,india
Buddemkharja,535524,Parvathipuram Manyam,ANDHRA PRADESH,india
Pedamerangi,535526,Parvathipuram Manyam,ANDHRA PRADESH,india
Chintalabelagam,535526,Parvathipuram Manyam,ANDHRA PRADESH,india
Gorjipadu,535534,Parvathipuram Manyam,ANDHRA PRADESH,india
Dharmalakshmipuram,535534,Parvathipuram Manyam,ANDHRA PRADESH,india
Kondabaridi,535534,Parvathipuram Manyam,ANDHRA PRADESH,india
Neelakanthapuram,535534,Parvathipuram Manyam,ANDHRA PRADESH,india
Narsipuram,535522,Parvathipuram Manyam,ANDHRA PRADESH,india
Sangamvalasa,535522,Parvathipuram Manyam,ANDHRA PRADESH,india
Venkampeta,505187,Parvathipuram Manyam,ANDHRA PRADESH,india
Lakshminarayanapuram,535522,Parvathipuram Manyam,ANDHRA PRADESH,india
Talavaram,532462,Parvathipuram Manyam,ANDHRA PRADESH,india
Navagam,532462,Parvathipuram Manyam,ANDHRA PRADESH,india
Tettangi,532462,Parvathipuram Manyam,ANDHRA PRADESH,india
Aradali,532440,Parvathipuram Manyam,ANDHRA PRADESH,india
Bukkuru,532440,Parvathipuram Manyam,ANDHRA PRADESH,india
Pedakotipalli,532440,Parvathipuram Manyam,ANDHRA PRADESH,india
Krishnapalli,535502,Parvathipuram Manyam,ANDHRA PRADESH,india
Jamadala,535527,Parvathipuram Manyam,ANDHRA PRADESH,india
Putturu,535527,Parvathipuram Manyam,ANDHRA PRADESH,india
Lakhanapuram,535525,Parvathipuram Manyam,ANDHRA PRADESH,india
Gondi,532443,Parvathipuram Manyam,ANDHRA PRADESH,india
Pedduru,532443,Parvathipuram Manyam,ANDHRA PRADESH,india
Donubai,532460,Parvathipuram Manyam,ANDHRA PRADESH,india
Kadakella,532460,Parvathipuram Manyam,ANDHRA PRADESH,india
Pubbada,532460,Parvathipuram Manyam,ANDHRA PRADESH,india
V.Ramannapalem,533288,EAST GODAVARI,ANDHRA PRADESH,india
Burugupudi,533292,EAST GODAVARI,ANDHRA PRADESH,india
Kalavacherala,533297,EAST GODAVARI,ANDHRA PRADESH,india
Amudalabanda,533284,Alluri Sitharama Raju,ANDHRA PRADESH,india
Kothada,533284,Alluri Sitharama Raju,ANDHRA PRADESH,india
Indukuru,533354,Alluri Sitharama Raju,ANDHRA PRADESH,india
Devaram,533354,Alluri Sitharama Raju,ANDHRA PRADESH,india
Kondagunturu,533124,EAST GODAVARI,ANDHRA PRADESH,india
Rajavolu,533124,EAST GODAVARI,ANDHRA PRADESH,india
Kadiyapulanka,533126,EAST GODAVARI,ANDHRA PRADESH,india
Jegurupadu,533126,EAST GODAVARI,ANDHRA PRADESH,india
Ramadasupeta,533102,EAST GODAVARI,ANDHRA PRADESH,india
Palacherla,533353,EAST GODAVARI,ANDHRA PRADESH,india
Visranthipuram,533102,EAST GODAVARI,ANDHRA PRADESH,india
Narasapuram,533285,EAST GODAVARI,ANDHRA PRADESH,india
Nellipudi,533285,Alluri Sitharama Raju,ANDHRA PRADESH,india
Foulkspeta,533285,Alluri Sitharama Raju,ANDHRA PRADESH,india
Jaggampalem,533285,Alluri Sitharama Raju,ANDHRA PRADESH,india
Bayyanapalli,533285,Alluri Sitharama Raju,ANDHRA PRADESH,india
Vetukuru,533295,Alluri Sitharama Raju,ANDHRA PRADESH,india
Elivada,533295,Alluri Sitharama Raju,ANDHRA PRADESH,india
Thurumamidi,533295,Alluri Sitharama Raju,ANDHRA PRADESH,india
Valamuru,533295,Alluri Sitharama Raju,ANDHRA PRADESH,india
Ramaswamipeta,533294,EAST GODAVARI,ANDHRA PRADESH,india
Vemulukonda,533288,Alluri Sitharama Raju,ANDHRA PRADESH,india
Dorachintalapalem,533288,Alluri Sitharama Raju,ANDHRA PRADESH,india
Rampa,533288,Alluri Sitharama Raju,ANDHRA PRADESH,india
Tatiwada,533288,Alluri Sitharama Raju,ANDHRA PRADESH,india
Punyakshetram,533107,EAST GODAVARI,ANDHRA PRADESH,india
Ramachandrapuram,533287,EAST GODAVARI,ANDHRA PRADESH,india
Raghudevapuram,533287,EAST GODAVARI,ANDHRA PRADESH,india
MARRIGUDEM.,533350,Alluri Sitharama Raju,ANDHRA PRADESH,india
Lachigudem,533347,Alluri Sitharama Raju,ANDHRA PRADESH,india
Tellamvarigudem,533349,Alluri Sitharama Raju,ANDHRA PRADESH,india
Tulugonda,533347,Alluri Sitharama Raju,ANDHRA PRADESH,india
Kapavaram,533342,EAST GODAVARI,ANDHRA PRADESH,india
Duppalapudi,533342,EAST GODAVARI,ANDHRA PRADESH,india
Vulapalli,533343,EAST GODAVARI,ANDHRA PRADESH,india
Matsavaram,533261,Konaseema,ANDHRA PRADESH,india
Gummileru,533232,Konaseema,ANDHRA PRADESH,india
Jagannaiyakulapalem,533262,Konaseema,ANDHRA PRADESH,india
Kunduru,533262,Konaseema,ANDHRA PRADESH,india
Sivala,533262,Konaseema,ANDHRA PRADESH,india
Kesavaram,533341,Konaseema,ANDHRA PRADESH,india
G.Yerrampalem,533341,EAST GODAVARI,ANDHRA PRADESH,india
Tatapudi,533309,Konaseema,ANDHRA PRADESH,india
Valluru,533308,Konaseema,ANDHRA PRADESH,india
Satyavada,533305,Konaseema,ANDHRA PRADESH,india
Yandagandi,533305,Konaseema,ANDHRA PRADESH,india
Loharijola,532456,Parvathipuram Manyam,ANDHRA PRADESH,india
Manumakonda,532456,Parvathipuram Manyam,ANDHRA PRADESH,india
Katragada,532456,SRIKAKULAM,ANDHRA PRADESH,india
Nulakajodu,532456,SRIKAKULAM,ANDHRA PRADESH,india
Labham,532445,SRIKAKULAM,ANDHRA PRADESH,india
Neelampeta,532445,SRIKAKULAM,ANDHRA PRADESH,india
Lankam,532484,SRIKAKULAM,ANDHRA PRADESH,india
Bhagiradhipuram,532459,SRIKAKULAM,ANDHRA PRADESH,india
Gulumuru,532459,SRIKAKULAM,ANDHRA PRADESH,india
Irapadu,532459,SRIKAKULAM,ANDHRA PRADESH,india
Labba,532459,SRIKAKULAM,ANDHRA PRADESH,india
Neradi,532459,SRIKAKULAM,ANDHRA PRADESH,india
Karavanja,532432,SRIKAKULAM,ANDHRA PRADESH,india
Chinakittalapadu,532214,SRIKAKULAM,ANDHRA PRADESH,india
Dhanupuram,532214,SRIKAKULAM,ANDHRA PRADESH,india
Pedalamba,532214,SRIKAKULAM,ANDHRA PRADESH,india
Peddaseedhi,532214,SRIKAKULAM,ANDHRA PRADESH,india
Gunabhadra,532455,SRIKAKULAM,ANDHRA PRADESH,india
Dabbapadu,532458,SRIKAKULAM,ANDHRA PRADESH,india
Telikipenta,532458,SRIKAKULAM,ANDHRA PRADESH,india
Vondrajola,532458,SRIKAKULAM,ANDHRA PRADESH,india
Karagam,532421,SRIKAKULAM,ANDHRA PRADESH,india
Balada,532457,SRIKAKULAM,ANDHRA PRADESH,india
Bammidi,532457,SRIKAKULAM,ANDHRA PRADESH,india
Seetarampalli,532213,SRIKAKULAM,ANDHRA PRADESH,india
Singupuram,532213,SRIKAKULAM,ANDHRA PRADESH,india
Amapalam,532429,SRIKAKULAM,ANDHRA PRADESH,india
Gollalavalasa,532429,SRIKAKULAM,ANDHRA PRADESH,india
Belamara,532430,SRIKAKULAM,ANDHRA PRADESH,india
Gathalavalasa,532430,SRIKAKULAM,ANDHRA PRADESH,india
Malagam,532430,SRIKAKULAM,ANDHRA PRADESH,india
Savaraddapanasa,532426,SRIKAKULAM,ANDHRA PRADESH,india
Tilaru,532474,SRIKAKULAM,ANDHRA PRADESH,india
Chodavaram,532425,SRIKAKULAM,ANDHRA PRADESH,india
Alikam,532187,SRIKAKULAM,ANDHRA PRADESH,india
Cheemalavalasa,532186,SRIKAKULAM,ANDHRA PRADESH,india
Kanugulavalasa,532186,SRIKAKULAM,ANDHRA PRADESH,india
Naira,532187,SRIKAKULAM,ANDHRA PRADESH,india
Opivada Venkampeta,532186,SRIKAKULAM,ANDHRA PRADESH,india
Mofusbandar,532401,SRIKAKULAM,ANDHRA PRADESH,india
Patrunivalasa,532401,SRIKAKULAM,ANDHRA PRADESH,india
Sathivada,532405,SRIKAKULAM,ANDHRA PRADESH,india
Thotapalem,532005,SRIKAKULAM,ANDHRA PRADESH,india
Gumadam,532407,SRIKAKULAM,ANDHRA PRADESH,india
Ranasthalam,532407,SRIKAKULAM,ANDHRA PRADESH,india
Teppalavalasa,532407,SRIKAKULAM,ANDHRA PRADESH,india
Venkatapuram,532407,SRIKAKULAM,ANDHRA PRADESH,india
Ravada,532407,SRIKAKULAM,ANDHRA PRADESH,india
Allivalasa,532407,SRIKAKULAM,ANDHRA PRADESH,india
Allinagaram,532403,SRIKAKULAM,ANDHRA PRADESH,india
Tamavada,532403,SRIKAKULAM,ANDHRA PRADESH,india
Mandavakuriti,532168,SRIKAKULAM,ANDHRA PRADESH,india
Pathakumkam,532168,SRIKAKULAM,ANDHRA PRADESH,india
Walteru,532167,SRIKAKULAM,ANDHRA PRADESH,india
Pathivadapalem,532409,SRIKAKULAM,ANDHRA PRADESH,india
Rajam,532409,SRIKAKULAM,ANDHRA PRADESH,india
Sancham,532409,SRIKAKULAM,ANDHRA PRADESH,india
Naruva,532409,SRIKAKULAM,ANDHRA PRADESH,india
Nagulavalasa,532127,SRIKAKULAM,ANDHRA PRADESH,india
Rachagumadam,532127,VIZIANAGARAM,ANDHRA PRADESH,india
Kinthali,532402,SRIKAKULAM,ANDHRA PRADESH,india
Govindapuram,532123,SRIKAKULAM,ANDHRA PRADESH,india
Lingalavalasa,532123,SRIKAKULAM,ANDHRA PRADESH,india
Mamidivalasa,532123,SRIKAKULAM,ANDHRA PRADESH,india
Talada,532123,SRIKAKULAM,ANDHRA PRADESH,india
Kandisa,532122,SRIKAKULAM,ANDHRA PRADESH,india
Madduvalasa,532122,SRIKAKULAM,ANDHRA PRADESH,india
Neelayyavalasa,532122,SRIKAKULAM,ANDHRA PRADESH,india
Vonkuluru,532219,SRIKAKULAM,ANDHRA PRADESH,india
Gollagandi,532263,SRIKAKULAM,ANDHRA PRADESH,india
Nadumuru,532263,SRIKAKULAM,ANDHRA PRADESH,india
Garudakhandi,532220,SRIKAKULAM,ANDHRA PRADESH,india
Bhirlangi,532312,SRIKAKULAM,ANDHRA PRADESH,india
Dharmapuram,532312,SRIKAKULAM,ANDHRA PRADESH,india
Haripuram,532312,SRIKAKULAM,ANDHRA PRADESH,india
Mandapalli,532312,SRIKAKULAM,ANDHRA PRADESH,india
MUCHINDRA,532312,SRIKAKULAM,ANDHRA PRADESH,india
Sahalalaputtuga,532290,SRIKAKULAM,ANDHRA PRADESH,india
Dokulapadu,532222,SRIKAKULAM,ANDHRA PRADESH,india
Pallisaradhi,532222,SRIKAKULAM,ANDHRA PRADESH,india
Vajrapukotturu,532222,SRIKAKULAM,ANDHRA PRADESH,india
Borubhadra,532195,SRIKAKULAM,ANDHRA PRADESH,india
Kistupuram,532195,SRIKAKULAM,ANDHRA PRADESH,india
T.Lingalapadu,532195,SRIKAKULAM,ANDHRA PRADESH,india
Rushikudda,532292,SRIKAKULAM,ANDHRA PRADESH,india
Kerasingi,532215,SRIKAKULAM,ANDHRA PRADESH,india
Mundala,532291,SRIKAKULAM,ANDHRA PRADESH,india
Meghavaram,532211,SRIKAKULAM,ANDHRA PRADESH,india
Hanumanthunaidupeta,532211,SRIKAKULAM,ANDHRA PRADESH,india
Goppili,532221,SRIKAKULAM,ANDHRA PRADESH,india
Reyyipadu,532218,SRIKAKULAM,ANDHRA PRADESH,india
Palasapuram,532284,SRIKAKULAM,ANDHRA PRADESH,india
Narasingupalli,532203,SRIKAKULAM,ANDHRA PRADESH,india
Nowgam,532204,SRIKAKULAM,ANDHRA PRADESH,india
LINGALAVALASA,532203,SRIKAKULAM,ANDHRA PRADESH,india
POLAVARAM,532203,SRIKAKULAM,ANDHRA PRADESH,india
Sagar Nagar,530045,VISAKHAPATANAM,ANDHRA PRADESH,india
Kommadi,530048,VISAKHAPATANAM,ANDHRA PRADESH,india
Palavalasa,530052,VISAKHAPATANAM,ANDHRA PRADESH,india
Kapuluppada,531163,VISAKHAPATANAM,ANDHRA PRADESH,india
Modavalasa,531162,VIZIANAGARAM,ANDHRA PRADESH,india
Nagarajupalem,531162,VISAKHAPATANAM,ANDHRA PRADESH,india
Tatituru,531162,VISAKHAPATANAM,ANDHRA PRADESH,india
Yarada,530005,VISAKHAPATANAM,ANDHRA PRADESH,india
V. Juttada,531173,VISAKHAPATANAM,ANDHRA PRADESH,india
Gandigundam,531173,VISAKHAPATANAM,ANDHRA PRADESH,india
Gidijala,531173,VISAKHAPATANAM,ANDHRA PRADESH,india
Rampuram,531173,VISAKHAPATANAM,ANDHRA PRADESH,india
Desapatrunipalem,531173,VISAKHAPATANAM,ANDHRA PRADESH,india
Penta,531219,VISAKHAPATANAM,ANDHRA PRADESH,india
Maddi,531219,VISAKHAPATANAM,ANDHRA PRADESH,india
Padmanabham,531219,VISAKHAPATANAM,ANDHRA PRADESH,india
Duvvada,530049,VISAKHAPATANAM,ANDHRA PRADESH,india
Pakeertekya,530049,VISAKHAPATANAM,ANDHRA PRADESH,india
Devada,530031,VISAKHAPATANAM,ANDHRA PRADESH,india
Vedullavalasa,535005,VIZIANAGARAM,ANDHRA PRADESH,india
Jonnada,535005,VIZIANAGARAM,ANDHRA PRADESH,india
Raghumanda,535005,VIZIANAGARAM,ANDHRA PRADESH,india
Kancheru,535216,VIZIANAGARAM,ANDHRA PRADESH,india
Nandigam,535216,VIZIANAGARAM,ANDHRA PRADESH,india
Savaravilli,535216,VIZIANAGARAM,ANDHRA PRADESH,india
Regubilli,535160,VIZIANAGARAM,ANDHRA PRADESH,india
Madanapuram,535160,VIZIANAGARAM,ANDHRA PRADESH,india
Seetharamapuram,535160,VIZIANAGARAM,ANDHRA PRADESH,india
KONDAKINDRAM,535260,VIZIANAGARAM,ANDHRA PRADESH,india
Jakkuva,535581,VIZIANAGARAM,ANDHRA PRADESH,india
Konda.Lingalavalasa,535581,VIZIANAGARAM,ANDHRA PRADESH,india
Munginapalli,535006,VIZIANAGARAM,ANDHRA PRADESH,india
Pedathadivada,535006,VIZIANAGARAM,ANDHRA PRADESH,india
Gunupur,535006,VIZIANAGARAM,ANDHRA PRADESH,india
Vemulapalli,535148,VIZIANAGARAM,ANDHRA PRADESH,india
Krishnapuram,535148,VIZIANAGARAM,ANDHRA PRADESH,india
Bhudevipeta,535270,VIZIANAGARAM,ANDHRA PRADESH,india
Tummikapalli,535270,VIZIANAGARAM,ANDHRA PRADESH,india
P P Agraharam,535270,VIZIANAGARAM,ANDHRA PRADESH,india
Lakkidam,535215,VIZIANAGARAM,ANDHRA PRADESH,india
Vasantha,535215,VIZIANAGARAM,ANDHRA PRADESH,india
Jonnavalasa,535004,VIZIANAGARAM,ANDHRA PRADESH,india
Dharmapuri,535004,VIZIANAGARAM,ANDHRA PRADESH,india
Sarika,535004,VIZIANAGARAM,ANDHRA PRADESH,india
V B Peta,535250,VISAKHAPATANAM,ANDHRA PRADESH,india
Alugubilli,535250,VISAKHAPATANAM,ANDHRA PRADESH,india
Sasanapalli,535250,VISAKHAPATANAM,ANDHRA PRADESH,india
Tanavaram,535250,VISAKHAPATANAM,ANDHRA PRADESH,india
Kondagandredu,535220,VIZIANAGARAM,ANDHRA PRADESH,india
Gudem,535220,VIZIANAGARAM,ANDHRA PRADESH,india
Devada,535183,VIZIANAGARAM,ANDHRA PRADESH,india
Viyyammapeta,535183,VIZIANAGARAM,ANDHRA PRADESH,india
Denderu,535183,VIZIANAGARAM,ANDHRA PRADESH,india
Pindrangi,535183,Anakapalli,ANDHRA PRADESH,india
R G Peta,535161,VIZIANAGARAM,ANDHRA PRADESH,india
Golzam,535161,VIZIANAGARAM,ANDHRA PRADESH,india
Chintalapeta,535280,VIZIANAGARAM,ANDHRA PRADESH,india
Kella,535217,VIZIANAGARAM,ANDHRA PRADESH,india
Garida,535217,VIZIANAGARAM,ANDHRA PRADESH,india
Atchutapuram,535217,VIZIANAGARAM,ANDHRA PRADESH,india
Ginjeru,535221,VIZIANAGARAM,ANDHRA PRADESH,india
Kothavalasa,535221,VIZIANAGARAM,ANDHRA PRADESH,india
J Gumadam,535221,VIZIANAGARAM,ANDHRA PRADESH,india
Maradam,535580,VIZIANAGARAM,ANDHRA PRADESH,india
Datti,535582,VIZIANAGARAM,ANDHRA PRADESH,india
Komatipalli Agraharam,535580,VIZIANAGARAM,ANDHRA PRADESH,india
Sarayyavalasa,535582,VIZIANAGARAM,ANDHRA PRADESH,india
Kandivalasa,535204,VIZIANAGARAM,ANDHRA PRADESH,india
Kanimella,535204,VIZIANAGARAM,ANDHRA PRADESH,india
Lankapillipalem,535204,VIZIANAGARAM,ANDHRA PRADESH,india
Perapuram,535204,VIZIANAGARAM,ANDHRA PRADESH,india
Tangudubilli,535218,VIZIANAGARAM,ANDHRA PRADESH,india
Bheempolu,535145,VISAKHAPATANAM,ANDHRA PRADESH,india
Kondiba,535145,VISAKHAPATANAM,ANDHRA PRADESH,india
Ananthagiri,535145,VISAKHAPATANAM,ANDHRA PRADESH,india
Gumma,535145,VISAKHAPATANAM,ANDHRA PRADESH,india
Kothuru,535145,VISAKHAPATANAM,ANDHRA PRADESH,india
Tokuru,535145,VISAKHAPATANAM,ANDHRA PRADESH,india
M Kothasvalasa,535214,VIZIANAGARAM,ANDHRA PRADESH,india
Gudivada,535281,VIZIANAGARAM,ANDHRA PRADESH,india
Nallaballi,535281,VIZIANAGARAM,ANDHRA PRADESH,india
Tekkali,535003,VIZIANAGARAM,ANDHRA PRADESH,india
JNTU GV,535003,VIZIANAGARAM,ANDHRA PRADESH,india
Sarakallu,517129,CHITTOOR,ANDHRA PRADESH,india
Theertham,517415,CHITTOOR,ANDHRA PRADESH,india
K.G. Satram,517416,CHITTOOR,ANDHRA PRADESH,india
Muthukuru,517416,CHITTOOR,ANDHRA PRADESH,india
Cherlopalle,517004,CHITTOOR,ANDHRA PRADESH,india
Kajoor,517002,CHITTOOR,ANDHRA PRADESH,india
Narigapalle,517002,CHITTOOR,ANDHRA PRADESH,india
Nandanuru,517125,CHITTOOR,ANDHRA PRADESH,india
Ramanaidupalle,517125,CHITTOOR,ANDHRA PRADESH,india
Yetteri,517125,CHITTOOR,ANDHRA PRADESH,india
Ellampalle Kothuru,517130,CHITTOOR,ANDHRA PRADESH,india
Govindareddipalle,517130,CHITTOOR,ANDHRA PRADESH,india
Nampalle,517130,CHITTOOR,ANDHRA PRADESH,india
Kukkalapalle,517128,CHITTOOR,ANDHRA PRADESH,india
Kothapalle KNP,517131,CHITTOOR,ANDHRA PRADESH,india
Patnam,517131,CHITTOOR,ANDHRA PRADESH,india
Chappidipalle,517432,CHITTOOR,ANDHRA PRADESH,india
Veerakanellore,517167,CHITTOOR,ANDHRA PRADESH,india
Keeramanda,517429,CHITTOOR,ANDHRA PRADESH,india
Kattmanchi,517127,CHITTOOR,ANDHRA PRADESH,india
Narasimhapuram,517419,CHITTOOR,ANDHRA PRADESH,india
Pachanapalle,517419,CHITTOOR,ANDHRA PRADESH,india
Dandapalle,517408,CHITTOOR,ANDHRA PRADESH,india
Keelapatla,517408,CHITTOOR,ANDHRA PRADESH,india
Mandipetkotur,517408,CHITTOOR,ANDHRA PRADESH,india
Gangavaram,517408,CHITTOOR,ANDHRA PRADESH,india
Jakkidona,517126,CHITTOOR,ANDHRA PRADESH,india
Kamachinnayapalle,517126,CHITTOOR,ANDHRA PRADESH,india
Pulikallu,517126,CHITTOOR,ANDHRA PRADESH,india
Thurupupalle,517126,CHITTOOR,ANDHRA PRADESH,india
Mudigolam,517124,CHITTOOR,ANDHRA PRADESH,india
Vajjireddipalle,517124,CHITTOOR,ANDHRA PRADESH,india
Amudala,517421,CHITTOOR,ANDHRA PRADESH,india
Avalkonda,517421,CHITTOOR,ANDHRA PRADESH,india
Kothavenkatapuram,517421,CHITTOOR,ANDHRA PRADESH,india
Narasimharajapuram,517421,CHITTOOR,ANDHRA PRADESH,india
Pachigunta,517421,CHITTOOR,ANDHRA PRADESH,india
Simharajapuram,517599,CHITTOOR,ANDHRA PRADESH,india
Kotalam,517422,CHITTOOR,ANDHRA PRADESH,india
Boorlapalle,517370,Annamayya,ANDHRA PRADESH,india
Rangasamudram,517370,Annamayya,ANDHRA PRADESH,india
Rapurivaripalle,517370,Annamayya,ANDHRA PRADESH,india
Balireddigaripalle,517351,Annamayya,ANDHRA PRADESH,india
Gajulavaripalle,517319,Annamayya,ANDHRA PRADESH,india
Gaddamvaripalle,517257,CHITTOOR,ANDHRA PRADESH,india
Irikipenta,517257,CHITTOOR,ANDHRA PRADESH,india
Suraiahgaripalle,517257,CHITTOOR,ANDHRA PRADESH,india
Cheekunatham,517425,CHITTOOR,ANDHRA PRADESH,india
Lakshmipuram,517425,CHITTOOR,ANDHRA PRADESH,india
Singasamudram,517425,CHITTOOR,ANDHRA PRADESH,india
Sivaramapuram,517425,CHITTOOR,ANDHRA PRADESH,india
Bayappagaripalle,517326,Annamayya,ANDHRA PRADESH,india
Malepadu,517326,Annamayya,ANDHRA PRADESH,india
Ponnutipalem,517326,Annamayya,ANDHRA PRADESH,india
Rachavetivaripalle,517326,Annamayya,ANDHRA PRADESH,india
Kadirinathunikota,517390,Annamayya,ANDHRA PRADESH,india
Sompalem,517390,Annamayya,ANDHRA PRADESH,india
Nawabkota,517391,Annamayya,ANDHRA PRADESH,india
Pulikallu PTM,517391,Annamayya,ANDHRA PRADESH,india
Chedalla,517247,CHITTOOR,ANDHRA PRADESH,india
Malenatham,517247,Annamayya,ANDHRA PRADESH,india
Nanasahebpet,517247,CHITTOOR,ANDHRA PRADESH,india
Yetavakili,517247,CHITTOOR,ANDHRA PRADESH,india
Boyanapalle,517423,CHITTOOR,ANDHRA PRADESH,india
Nadimpalle RBDR,517423,CHITTOOR,ANDHRA PRADESH,india
Nallappareddiyuru,517423,CHITTOOR,ANDHRA PRADESH,india
Peddur,517423,CHITTOOR,ANDHRA PRADESH,india
Peddur RKPM,517401,CHITTOOR,ANDHRA PRADESH,india
Santhabandapalle,517401,CHITTOOR,ANDHRA PRADESH,india
Veeranamala,517401,CHITTOOR,ANDHRA PRADESH,india
Nellapalle,517414,CHITTOOR,ANDHRA PRADESH,india
Gongivaripalle,517123,CHITTOOR,ANDHRA PRADESH,india
Reddivaripalle SDM,517123,CHITTOOR,ANDHRA PRADESH,india
Thatiguntapalem,517123,CHITTOOR,ANDHRA PRADESH,india
Bandrevu,517418,Annamayya,ANDHRA PRADESH,india
Kotala,517418,Annamayya,ANDHRA PRADESH,india
Danamaiahgarivuru,517424,CHITTOOR,ANDHRA PRADESH,india
Ankanagodiganur,516228,Y.S.R.,ANDHRA PRADESH,india
Mekalavaripalli,516228,Y.S.R.,ANDHRA PRADESH,india
Pedullapalli,516228,Y.S.R.,ANDHRA PRADESH,india
Gudem,516227,Y.S.R.,ANDHRA PRADESH,india
Kondavandlapalli,516259,Y.S.R.,ANDHRA PRADESH,india
Thimmareddypalli,516259,Y.S.R.,ANDHRA PRADESH,india
Nandipalli,516502,Y.S.R.,ANDHRA PRADESH,india
Peddarajupalli,516502,Y.S.R.,ANDHRA PRADESH,india
Thangedupalli,516502,Y.S.R.,ANDHRA PRADESH,india
Kokkarayapalli,516162,Y.S.R.,ANDHRA PRADESH,india
Rachinnayapalli,516162,Y.S.R.,ANDHRA PRADESH,india
Sivalapalli,516162,Y.S.R.,ANDHRA PRADESH,india
Bonamala,516214,Y.S.R.,ANDHRA PRADESH,india
Devagudipalli,516214,Y.S.R.,ANDHRA PRADESH,india
Yerragatlavandlapalli,516214,Y.S.R.,ANDHRA PRADESH,india
Dumpalagattu,516163,Y.S.R.,ANDHRA PRADESH,india
Kothapalli,516163,Y.S.R.,ANDHRA PRADESH,india
Industrial Estate,516004,Y.S.R.,ANDHRA PRADESH,india
Burujupalli 1,516267,Y.S.R.,ANDHRA PRADESH,india
Cheemalacheruvupalli,516267,Y.S.R.,ANDHRA PRADESH,india
Gundlacheruvu,516267,Y.S.R.,ANDHRA PRADESH,india
Pandikunta,516267,Y.S.R.,ANDHRA PRADESH,india
Tamtamvandlapalli,516267,Y.S.R.,ANDHRA PRADESH,india
Brahmanapalli,516233,Y.S.R.,ANDHRA PRADESH,india
Madakalavaripalli,516233,Y.S.R.,ANDHRA PRADESH,india
T. Sandrapalli,516233,Y.S.R.,ANDHRA PRADESH,india
Pittigunta,516217,Y.S.R.,ANDHRA PRADESH,india
Varikunta,516217,Y.S.R.,ANDHRA PRADESH,india
Basavapuram,516503,Y.S.R.,ANDHRA PRADESH,india
Mudumala,516503,Y.S.R.,ANDHRA PRADESH,india
Etur,516203,Y.S.R.,ANDHRA PRADESH,india
K.Sunkesala,516203,Y.S.R.,ANDHRA PRADESH,india
Pullur kottalu,516203,Y.S.R.,ANDHRA PRADESH,india
Ravulapalli,516203,Y.S.R.,ANDHRA PRADESH,india
Tripuravaram,516203,Y.S.R.,ANDHRA PRADESH,india
Nallaguttapalli,516504,Y.S.R.,ANDHRA PRADESH,india
Amagampalli,516193,Y.S.R.,ANDHRA PRADESH,india
Boppapuram,516193,Y.S.R.,ANDHRA PRADESH,india
Dammanapalli,516193,Y.S.R.,ANDHRA PRADESH,india
Itigullapadu,516193,Y.S.R.,ANDHRA PRADESH,india
Rangasamudram,516193,Y.S.R.,ANDHRA PRADESH,india
Alankhan Palli,516003,Y.S.R.,ANDHRA PRADESH,india
Kopparthi,516003,Y.S.R.,ANDHRA PRADESH,india
Nagi Reddy Palli,516003,Y.S.R.,ANDHRA PRADESH,india
Ramarajupalli,516003,Y.S.R.,ANDHRA PRADESH,india
Abbavaramvandlapalli,516269,Y.S.R.,ANDHRA PRADESH,india
Anumpalli,516269,Y.S.R.,ANDHRA PRADESH,india
Pemmadapalli,516269,Y.S.R.,ANDHRA PRADESH,india
Sibyala,516269,Y.S.R.,ANDHRA PRADESH,india
Devapatla,516215,Y.S.R.,ANDHRA PRADESH,india
Narayana Reddy Palli,516215,Y.S.R.,ANDHRA PRADESH,india
Rowthukunta,516215,Y.S.R.,ANDHRA PRADESH,india
Settipalli,516215,Y.S.R.,ANDHRA PRADESH,india
Siddavaram,516505,Y.S.R.,ANDHRA PRADESH,india
Vongimalla,516268,Y.S.R.,ANDHRA PRADESH,india
Balireddy Palli,516105,Annamayya,ANDHRA PRADESH,india
Raghavarajupuram,516105,Annamayya,ANDHRA PRADESH,india
Konarachapalli,516501,Y.S.R.,ANDHRA PRADESH,india
Uppatur,516501,Y.S.R.,ANDHRA PRADESH,india
Venkatasettipalli,516501,Y.S.R.,ANDHRA PRADESH,india
Besthapalli,516128,Y.S.R.,ANDHRA PRADESH,india
Malemarpuram,516128,Y.S.R.,ANDHRA PRADESH,india
Nakkalapalli,516128,Y.S.R.,ANDHRA PRADESH,india
Anumpalli,516104,Y.S.R.,ANDHRA PRADESH,india
Rajukunta,516104,Y.S.R.,ANDHRA PRADESH,india
Surapurajupalli,516101,Y.S.R.,ANDHRA PRADESH,india
Venkatapathiraju Kandrika,516101,Y.S.R.,ANDHRA PRADESH,india
Peddapalle,516247,Y.S.R.,ANDHRA PRADESH,india
Karampalli,516126,Y.S.R.,ANDHRA PRADESH,india
Mittameedipalli,516126,Y.S.R.,ANDHRA PRADESH,india
Rollamadugu,516126,Y.S.R.,ANDHRA PRADESH,india
Cheyyeru Project,516150,Y.S.R.,ANDHRA PRADESH,india
Thogurupet,516150,Y.S.R.,ANDHRA PRADESH,india
Chinnampelli,516108,Y.S.R.,ANDHRA PRADESH,india
Nagavaram,516110,Y.S.R.,ANDHRA PRADESH,india
Siddavaram,516127,Y.S.R.,ANDHRA PRADESH,india
Ananthasamudram,516107,Y.S.R.,ANDHRA PRADESH,india
Poluruvengannagaripalli,516107,Y.S.R.,ANDHRA PRADESH,india
Ramasamudram,516107,Y.S.R.,ANDHRA PRADESH,india
Vathalur,516107,Y.S.R.,ANDHRA PRADESH,india
Gutta Kinda Racha Palli,516129,Y.S.R.,ANDHRA PRADESH,india
Pincha Dam Site,516129,Y.S.R.,ANDHRA PRADESH,india
Kanchipativandlapalli,516130,Y.S.R.,ANDHRA PRADESH,india
Peddabalija Palli,516130,Y.S.R.,ANDHRA PRADESH,india
Reddivaripalli,516130,Y.S.R.,ANDHRA PRADESH,india
Gangaperur,516213,Y.S.R.,ANDHRA PRADESH,india
Kassamudram,515556,Sri Sathya Sai,ANDHRA PRADESH,india
Apprascheruvu,515661,Sri Sathya Sai,ANDHRA PRADESH,india
Ghntapuram,515661,Sri Sathya Sai,ANDHRA PRADESH,india
Kanisettipalli,515144,Sri Sathya Sai,ANDHRA PRADESH,india
Kodapaganipalli,515144,Sri Sathya Sai,ANDHRA PRADESH,india
Narasimpalli Thanda,515144,Sri Sathya Sai,ANDHRA PRADESH,india
Dampetla,515672,Sri Sathya Sai,ANDHRA PRADESH,india
Gotluru,515672,Sri Sathya Sai,ANDHRA PRADESH,india
Tallimadugu,515672,Sri Sathya Sai,ANDHRA PRADESH,india
Malamidipalli,515521,Sri Sathya Sai,ANDHRA PRADESH,india
Maruru,515641,Sri Sathya Sai,ANDHRA PRADESH,india
Thumucherla,515641,Sri Sathya Sai,ANDHRA PRADESH,india
Bonthalapalle,515531,Sri Sathya Sai,ANDHRA PRADESH,india
Talamarla,515133,Sri Sathya Sai,ANDHRA PRADESH,india
Mukthapuram,515159,Sri Sathya Sai,ANDHRA PRADESH,india
Nelakota,515159,Sri Sathya Sai,ANDHRA PRADESH,india
Dorigallu,515511,Sri Sathya Sai,ANDHRA PRADESH,india
Marthadu,515511,Sri Sathya Sai,ANDHRA PRADESH,india
P.Kothapalli,515551,Sri Sathya Sai,ANDHRA PRADESH,india
Chinnarayanipalli,515501,Sri Sathya Sai,ANDHRA PRADESH,india
Gopepalli,515501,Sri Sathya Sai,ANDHRA PRADESH,india
Nallamada,515501,Sri Sathya Sai,ANDHRA PRADESH,india
Reddipalli,515501,Sri Sathya Sai,ANDHRA PRADESH,india
Vellamaddi,515501,Sri Sathya Sai,ANDHRA PRADESH,india
Kondapuram,515621,Sri Sathya Sai,ANDHRA PRADESH,india
Motorchintalapalle,515621,Sri Sathya Sai,ANDHRA PRADESH,india
Brahmanapalle,515134,Sri Sathya Sai,ANDHRA PRADESH,india
Dadithota,515631,Sri Sathya Sai,ANDHRA PRADESH,india
Kunukuntla,515631,Sri Sathya Sai,ANDHRA PRADESH,india
Peddachigullarevu,515631,Sri Sathya Sai,ANDHRA PRADESH,india
Peddakotla,515631,Sri Sathya Sai,ANDHRA PRADESH,india
Pinnadhari,515631,Sri Sathya Sai,ANDHRA PRADESH,india
Peddannavaripalli,515581,Sri Sathya Sai,ANDHRA PRADESH,india
Diguvathotlipalli,515571,Sri Sathya Sai,ANDHRA PRADESH,india
Errakuntapalle,515571,Sri Sathya Sai,ANDHRA PRADESH,india
Gurrambailu,515571,Sri Sathya Sai,ANDHRA PRADESH,india
Kondavenukapalli,515571,Sri Sathya Sai,ANDHRA PRADESH,india
Peddakadapalavaripalli,515571,Sri Sathya Sai,ANDHRA PRADESH,india
Aladahalli,515281,Sri Sathya Sai,ANDHRA PRADESH,india
Chitnaduku,515281,Sri Sathya Sai,ANDHRA PRADESH,india
Maddanakunta,515281,Sri Sathya Sai,ANDHRA PRADESH,india
Kallagiri,515241,Sri Sathya Sai,ANDHRA PRADESH,india
Mallepalli,515241,Sri Sathya Sai,ANDHRA PRADESH,india
Pathikuntapalli,515241,Sri Sathya Sai,ANDHRA PRADESH,india
Reddicheruvupalli,515241,Sri Sathya Sai,ANDHRA PRADESH,india
Kanisettipalli,515341,Sri Sathya Sai,ANDHRA PRADESH,india
Lalepalli,515341,Sri Sathya Sai,ANDHRA PRADESH,india
Thummalakunta,515341,Sri Sathya Sai,ANDHRA PRADESH,india
Gangampalli,515231,Sri Sathya Sai,ANDHRA PRADESH,india
Kondapuram,515231,Sri Sathya Sai,ANDHRA PRADESH,india
Pedaballi,515231,Sri Sathya Sai,ANDHRA PRADESH,india
Kenkara,515286,Sri Sathya Sai,ANDHRA PRADESH,india
Morubagalu,515286,Sri Sathya Sai,ANDHRA PRADESH,india
Srirangarajupalli,515212,Sri Sathya Sai,ANDHRA PRADESH,india
Cherlokodigepalli,515303,ANANTAPUR,ANDHRA PRADESH,india
Manur,515303,ANANTAPUR,ANDHRA PRADESH,india
Uppidipalli,515303,ANANTAPUR,ANDHRA PRADESH,india
Bevinahalli,515211,Sri Sathya Sai,ANDHRA PRADESH,india
Santhebidanur,515211,Sri Sathya Sai,ANDHRA PRADESH,india
Chagaleru,515601,Sri Sathya Sai,ANDHRA PRADESH,india
Kodur,515601,Sri Sathya Sai,ANDHRA PRADESH,india
Nesevandlapalli,515601,Sri Sathya Sai,ANDHRA PRADESH,india
Chalivendla,515331,Sri Sathya Sai,ANDHRA PRADESH,india
Kalluru,515331,Sri Sathya Sai,ANDHRA PRADESH,india
Kondur,515331,Sri Sathya Sai,ANDHRA PRADESH,india
BIT College,515202,Sri Sathya Sai,ANDHRA PRADESH,india
Gudduguriki,515291,Sri Sathya Sai,ANDHRA PRADESH,india
Narasapuram,515261,Sri Sathya Sai,ANDHRA PRADESH,india
Yerragunta,515261,Sri Sathya Sai,ANDHRA PRADESH,india
Cholemarri,515124,Sri Sathya Sai,ANDHRA PRADESH,india
Kalipi,515124,Sri Sathya Sai,ANDHRA PRADESH,india
Nallur,515124,Sri Sathya Sai,ANDHRA PRADESH,india
Sanipalli,515124,Sri Sathya Sai,ANDHRA PRADESH,india
Byrapuram,515110,Sri Sathya Sai,ANDHRA PRADESH,india
Gonipeta,515110,Sri Sathya Sai,ANDHRA PRADESH,india
Nidimamidi,515110,Sri Sathya Sai,ANDHRA PRADESH,india
Venkatareddipalli,515110,Sri Sathya Sai,ANDHRA PRADESH,india
Hirethurpi,515305,Sri Sathya Sai,ANDHRA PRADESH,india
Dodderi,515321,Sri Sathya Sai,ANDHRA PRADESH,india
Rangepalli,515122,Sri Sathya Sai,ANDHRA PRADESH,india
Basapuram,518302,KURNOOL,ANDHRA PRADESH,india
Dhanapuram,518302,KURNOOL,ANDHRA PRADESH,india
Musanahalli,518302,KURNOOL,ANDHRA PRADESH,india
Bilehalu,518395,KURNOOL,ANDHRA PRADESH,india
Halebidu,518395,KURNOOL,ANDHRA PRADESH,india
Hattibelagallu,518395,KURNOOL,ANDHRA PRADESH,india
Basarakodu,518347,KURNOOL,ANDHRA PRADESH,india
Nagaruru,518347,KURNOOL,ANDHRA PRADESH,india
Chintakunta,518348,KURNOOL,ANDHRA PRADESH,india
Kaminehal,518348,KURNOOL,ANDHRA PRADESH,india
Medehal,518348,KURNOOL,ANDHRA PRADESH,india
Sulekeri,518333,KURNOOL,ANDHRA PRADESH,india
Virupapuram,518346,KURNOOL,ANDHRA PRADESH,india
Gajjehalli,518308,KURNOOL,ANDHRA PRADESH,india
Lingadahalli,518308,KURNOOL,ANDHRA PRADESH,india
Santhekudlur,518308,KURNOOL,ANDHRA PRADESH,india
Banavanur,518350,KURNOOL,ANDHRA PRADESH,india
Chinna Pendekallu,518350,KURNOOL,ANDHRA PRADESH,india
Karumanchi,518350,KURNOOL,ANDHRA PRADESH,india
Erigeri,518344,KURNOOL,ANDHRA PRADESH,india
Hanavolu,518344,KURNOOL,ANDHRA PRADESH,india
M.Agraharam,518385,KURNOOL,ANDHRA PRADESH,india
Chatnihalli,518345,KURNOOL,ANDHRA PRADESH,india
Ibharampuram,518345,KURNOOL,ANDHRA PRADESH,india
Khajeepuram,518396,KURNOOL,ANDHRA PRADESH,india
Yeruru,518396,KURNOOL,ANDHRA PRADESH,india
Chinnahulthi,518380,KURNOOL,ANDHRA PRADESH,india
Dudekonda,518380,KURNOOL,ANDHRA PRADESH,india
Pandikona,518380,KURNOOL,ANDHRA PRADESH,india
Banavasi,518323,KURNOOL,ANDHRA PRADESH,india
Mantriki,518323,KURNOOL,ANDHRA PRADESH,india
Pagidirai,518390,KURNOOL,ANDHRA PRADESH,india
Jampapuram,518349,KURNOOL,ANDHRA PRADESH,india
Sunkeswari,518349,KURNOOL,ANDHRA PRADESH,india
Gudikal,518360,KURNOOL,ANDHRA PRADESH,india
Kambaladinne,518360,KURNOOL,ANDHRA PRADESH,india
Mugati,518360,KURNOOL,ANDHRA PRADESH,india
Dudyala,518422,Nandyal,ANDHRA PRADESH,india
Kothapalli,518422,Nandyal,ANDHRA PRADESH,india
Musalimadugu,518422,Nandyal,ANDHRA PRADESH,india
Gundrevula,518462,KURNOOL,ANDHRA PRADESH,india
Inagandla,518462,KURNOOL,ANDHRA PRADESH,india
Kambadahal,518462,KURNOOL,ANDHRA PRADESH,india
Kondapuram,518462,KURNOOL,ANDHRA PRADESH,india
Mudumala,518462,KURNOOL,ANDHRA PRADESH,india
Sitharampuram,518599,Nandyal,ANDHRA PRADESH,india
Bollavaram,518432,Nandyal,ANDHRA PRADESH,india
Bugganipalli,518206,Nandyal,ANDHRA PRADESH,india
Jilledubudakala,518465,KURNOOL,ANDHRA PRADESH,india
Kamalapuram,518222,Nandyal,ANDHRA PRADESH,india
Talamudipi,518508,Nandyal,ANDHRA PRADESH,india
Errabadu,518463,KURNOOL,ANDHRA PRADESH,india
Kulumala,518463,KURNOOL,ANDHRA PRADESH,india
Peddamarriveedu,518463,KURNOOL,ANDHRA PRADESH,india
Kothakota,518466,KURNOOL,ANDHRA PRADESH,india
Boyanacheruvupalle,518220,Nandyal,ANDHRA PRADESH,india
Kommemarri,518220,Nandyal,ANDHRA PRADESH,india
Racherla,518220,Nandyal,ANDHRA PRADESH,india
Utakonda,518220,Nandyal,ANDHRA PRADESH,india
Erradoddi,518467,KURNOOL,ANDHRA PRADESH,india
Parla,518467,KURNOOL,ANDHRA PRADESH,india
Salkapuram,518467,KURNOOL,ANDHRA PRADESH,india
Bukkapuram,518002,KURNOOL,ANDHRA PRADESH,india
Mudamalakurthi,518464,KURNOOL,ANDHRA PRADESH,india
Mutsumarri,518411,Nandyal,ANDHRA PRADESH,india
Cherukucherla,518405,Nandyal,ANDHRA PRADESH,india
G.Singavaram,518004,KURNOOL,ANDHRA PRADESH,india
Munagalapadu,518004,KURNOOL,ANDHRA PRADESH,india
Nidjur,518004,KURNOOL,ANDHRA PRADESH,india
Panchalingala,518004,KURNOOL,ANDHRA PRADESH,india
P.Lingapuram,518401,Nandyal,ANDHRA PRADESH,india
Malyala,518401,Nandyal,ANDHRA PRADESH,india
Devarabanda,518221,Nandyal,ANDHRA PRADESH,india
Mettupalli,518221,Nandyal,ANDHRA PRADESH,india
Peddapodilla,518221,Nandyal,ANDHRA PRADESH,india
Pothidoddi,518221,Nandyal,ANDHRA PRADESH,india
Yenugumarri,518221,Nandyal,ANDHRA PRADESH,india
Edduladoddi,518468,KURNOOL,ANDHRA PRADESH,india
Biravolu,518412,Nandyal,ANDHRA PRADESH,india
Sankirenipalli,518412,Nandyal,ANDHRA PRADESH,india
Thatipadu,518412,Nandyal,ANDHRA PRADESH,india
Krishnapuram,518217,KURNOOL,ANDHRA PRADESH,india
Venkatagiri,518217,KURNOOL,ANDHRA PRADESH,india
Balapalapalli,518598,Nandyal,ANDHRA PRADESH,india
Tadakanapalli,518218,KURNOOL,ANDHRA PRADESH,india
Cherukulapadu,518216,KURNOOL,ANDHRA PRADESH,india
Govardhanagiri,518216,KURNOOL,ANDHRA PRADESH,india
N.Venkatapuram,518216,KURNOOL,ANDHRA PRADESH,india
Kalva,518010,KURNOOL,ANDHRA PRADESH,india
Bollupalle,523335,PRAKASAM,ANDHRA PRADESH,india
Papinenipalle,523335,PRAKASAM,ANDHRA PRADESH,india
Gannepalle,523333,PRAKASAM,ANDHRA PRADESH,india
Magatur,523333,PRAKASAM,ANDHRA PRADESH,india
Lakshmipuram,523305,PRAKASAM,ANDHRA PRADESH,india
Rudrasamudram,523305,PRAKASAM,ANDHRA PRADESH,india
Vellampalle,523330,PRAKASAM,ANDHRA PRADESH,india
Akkapalli,523356,PRAKASAM,ANDHRA PRADESH,india
Daddavada,523356,PRAKASAM,ANDHRA PRADESH,india
Gudimetta,523356,PRAKASAM,ANDHRA PRADESH,india
Oddualvagupalle,523356,PRAKASAM,ANDHRA PRADESH,india
Satyavolu,523356,PRAKASAM,ANDHRA PRADESH,india
Thaticherla,523356,PRAKASAM,ANDHRA PRADESH,india
Boyalapalle,523327,PRAKASAM,ANDHRA PRADESH,india
Chapalamadugu,523327,PRAKASAM,ANDHRA PRADESH,india
Endrapalle,523327,PRAKASAM,ANDHRA PRADESH,india
Veerabhadrapuram,523327,PRAKASAM,ANDHRA PRADESH,india
Venkatadripalem,523327,PRAKASAM,ANDHRA PRADESH,india
Mogullapalle,523327,PRAKASAM,ANDHRA PRADESH,india
Palutla,523327,PRAKASAM,ANDHRA PRADESH,india
Ganugapenta,523315,PRAKASAM,ANDHRA PRADESH,india
Thimmapuram,523357,PRAKASAM,ANDHRA PRADESH,india
Yerramsettyvaripalle,523373,PRAKASAM,ANDHRA PRADESH,india
Donakonda,523336,PRAKASAM,ANDHRA PRADESH,india
Lingapuram,523336,PRAKASAM,ANDHRA PRADESH,india
Yerrabalem,523336,PRAKASAM,ANDHRA PRADESH,india
Obulapuram,523367,PRAKASAM,ANDHRA PRADESH,india
Chinna Dornala,523331,PRAKASAM,ANDHRA PRADESH,india
Chintala,523331,PRAKASAM,ANDHRA PRADESH,india
Nallaguntla,523331,PRAKASAM,ANDHRA PRADESH,india
Pedda Bommalapuram,523331,PRAKASAM,ANDHRA PRADESH,india
Basinepalle,523346,PRAKASAM,ANDHRA PRADESH,india
P.Venkatapuram,523346,PRAKASAM,ANDHRA PRADESH,india
Gangavaram,523328,PRAKASAM,ANDHRA PRADESH,india
Palakaveedu,523368,PRAKASAM,ANDHRA PRADESH,india
Aurangabad,523370,PRAKASAM,ANDHRA PRADESH,india
Peddaobanayunipalle,523370,PRAKASAM,ANDHRA PRADESH,india
Salakalaveedu,523370,PRAKASAM,ANDHRA PRADESH,india
Tarlupadumission Compound,523332,PRAKASAM,ANDHRA PRADESH,india
Nagellamudipi,523371,PRAKASAM,ANDHRA PRADESH,india
Akaveedu,523372,PRAKASAM,ANDHRA PRADESH,india
Narasireddypalle,523372,PRAKASAM,ANDHRA PRADESH,india
Peddanallakalva,523372,PRAKASAM,ANDHRA PRADESH,india
Gottipadia,523329,PRAKASAM,ANDHRA PRADESH,india
Nikarampalle,523329,PRAKASAM,ANDHRA PRADESH,india
Ahobilam,518543,Nandyal,ANDHRA PRADESH,india
Kondupalle,518543,Nandyal,ANDHRA PRADESH,india
Mandalur,518543,Nandyal,ANDHRA PRADESH,india
Padakandla,518543,Nandyal,ANDHRA PRADESH,india
Peddabodanam,518543,Nandyal,ANDHRA PRADESH,india
R.Krishnapuram,518543,Nandyal,ANDHRA PRADESH,india
S.Lingam Dinne,518543,Nandyal,ANDHRA PRADESH,india
Gollagutta,518124,Nandyal,ANDHRA PRADESH,india
Nandavaram,518124,Nandyal,ANDHRA PRADESH,india
Venkatapuram,518124,Nandyal,ANDHRA PRADESH,india
Bhimavaram,518523,Nandyal,ANDHRA PRADESH,india
Mallavemula,518553,Nandyal,ANDHRA PRADESH,india
Ammireddinagar,518135,Nandyal,ANDHRA PRADESH,india
U.Govindinne,518135,Nandyal,ANDHRA PRADESH,india
Gopavaram,518583,Nandyal,ANDHRA PRADESH,india
Gundampadu,518583,Nandyal,ANDHRA PRADESH,india
Bhimunipadu,518134,Nandyal,ANDHRA PRADESH,india
Gunjalapadu,518134,Nandyal,ANDHRA PRADESH,india
Lingala,518134,Nandyal,ANDHRA PRADESH,india
Nandipadu,518123,Nandyal,ANDHRA PRADESH,india
Cheruvupalle,518176,Nandyal,ANDHRA PRADESH,india
Ramathirtham,518176,Nandyal,ANDHRA PRADESH,india
S.Kothur,518176,Nandyal,ANDHRA PRADESH,india
Chabolu,518502,Nandyal,ANDHRA PRADESH,india
Chalama,518583,Nandyal,ANDHRA PRADESH,india
Chapirevula,518502,Nandyal,ANDHRA PRADESH,india
Kothapalle,518502,Nandyal,ANDHRA PRADESH,india
Nandipalle,518502,Nandyal,ANDHRA PRADESH,india
Togarchedu,518502,Nandyal,ANDHRA PRADESH,india
Udumalpuram,518502,Nandyal,ANDHRA PRADESH,india
Santhiram Medical College,518502,Nandyal,ANDHRA PRADESH,india
Kakaravada,518145,Nandyal,ANDHRA PRADESH,india
Belum,518122,Nandyal,ANDHRA PRADESH,india
Chennampalli,518122,Nandyal,ANDHRA PRADESH,india
Cherlopalli,518122,Nandyal,ANDHRA PRADESH,india
Kondamanayunipalli,518122,Nandyal,ANDHRA PRADESH,india
Ramapuram,518122,Nandyal,ANDHRA PRADESH,india
Ramavaram,518122,Nandyal,ANDHRA PRADESH,india
Vaddugandla,518112,Nandyal,ANDHRA PRADESH,india
Yerragudi,518166,Nandyal,ANDHRA PRADESH,india
Koratamaddi,518511,Nandyal,ANDHRA PRADESH,india
T.Lingamdinne,518594,Nandyal,ANDHRA PRADESH,india
Galichennayapalem,518513,Nandyal,ANDHRA PRADESH,india
Lingapuram,518513,Nandyal,ANDHRA PRADESH,india
Eernapadu,518512,Nandyal,ANDHRA PRADESH,india
Mayalur,518155,Nandyal,ANDHRA PRADESH,india
Peddaemmanur,518155,Nandyal,ANDHRA PRADESH,india
Rupanagudi,518155,Nandyal,ANDHRA PRADESH,india
Erragudidinne,518510,Nandyal,ANDHRA PRADESH,india
Alladupalle,516356,Y.S.R.,ANDHRA PRADESH,india
Khaderapalle,516356,Y.S.R.,ANDHRA PRADESH,india
Nidizuvvi,516310,Y.S.R.,ANDHRA PRADESH,india
Ponnampalle,516433,Y.S.R.,ANDHRA PRADESH,india
Talamanchipatnam,516433,Y.S.R.,ANDHRA PRADESH,india
Torrivemula,516433,Y.S.R.,ANDHRA PRADESH,india
Karamalavandlapalle,516431,Y.S.R.,ANDHRA PRADESH,india
SUppalapadu,516431,Y.S.R.,ANDHRA PRADESH,india
Bayanapalle,516175,Y.S.R.,ANDHRA PRADESH,india
Chinnasinganapalle,516175,Y.S.R.,ANDHRA PRADESH,india
Kanagudur,516175,Y.S.R.,ANDHRA PRADESH,india
Krishnampalle,516175,Y.S.R.,ANDHRA PRADESH,india
Madirepalle,516175,Y.S.R.,ANDHRA PRADESH,india
Chennamarajupalle,516361,Y.S.R.,ANDHRA PRADESH,india
Dorasanipalle,516361,Y.S.R.,ANDHRA PRADESH,india
Somulavaripalle,516361,Y.S.R.,ANDHRA PRADESH,india
Ambavaram,516434,Y.S.R.,ANDHRA PRADESH,india
Devagudi,516434,Y.S.R.,ANDHRA PRADESH,india
Purvabommepalle,516434,Y.S.R.,ANDHRA PRADESH,india
Annavaram,516362,Y.S.R.,ANDHRA PRADESH,india
Annavaram,531118,VISAKHAPATANAM,ANDHRA PRADESH,india
Gopayapalle,516359,Y.S.R.,ANDHRA PRADESH,india
Rajupalem,516359,Y.S.R.,ANDHRA PRADESH,india
Bondalakunta,516380,Y.S.R.,ANDHRA PRADESH,india
Rajulaguruvayapalle,516380,Y.S.R.,ANDHRA PRADESH,india
Velpucherla,516380,Y.S.R.,ANDHRA PRADESH,india
Anandashram,516172,Y.S.R.,ANDHRA PRADESH,india
Sivapuram,516172,Y.S.R.,ANDHRA PRADESH,india
N Yerraballe,516172,Y.S.R.,ANDHRA PRADESH,india
Settivaripalle,516173,Y.S.R.,ANDHRA PRADESH,india
Chinnapasupula,516411,Y.S.R.,ANDHRA PRADESH,india
J Kothapalle,516411,Y.S.R.,ANDHRA PRADESH,india
Nemalladinne,516411,Y.S.R.,ANDHRA PRADESH,india
Kallutla,516432,Y.S.R.,ANDHRA PRADESH,india
Achavalli,516421,Y.S.R.,ANDHRA PRADESH,india
Nallacheruvupalle,516421,Y.S.R.,ANDHRA PRADESH,india
Letapalle,516289,Y.S.R.,ANDHRA PRADESH,india
Chowtapalle,516444,Y.S.R.,ANDHRA PRADESH,india
Chevvaripalle,516464,Y.S.R.,ANDHRA PRADESH,india
Jangamreddypalle,516464,Y.S.R.,ANDHRA PRADESH,india
Musalreddipalle,516464,Y.S.R.,ANDHRA PRADESH,india
Nandyalampalle,516464,Y.S.R.,ANDHRA PRADESH,india
Paidipalem,516464,Y.S.R.,ANDHRA PRADESH,india
Akkulugaripalle,516396,Y.S.R.,ANDHRA PRADESH,india
U Rajupalem,516218,Y.S.R.,ANDHRA PRADESH,india
Alidena,516339,Y.S.R.,ANDHRA PRADESH,india
Garlamittapalle,516339,Y.S.R.,ANDHRA PRADESH,india
Kommaddi,516339,Y.S.R.,ANDHRA PRADESH,india
Talapanur,516339,Y.S.R.,ANDHRA PRADESH,india
Veldurthi,516339,Y.S.R.,ANDHRA PRADESH,india
Diguvapalle,516216,Y.S.R.,ANDHRA PRADESH,india
Gopalapuram,516216,Y.S.R.,ANDHRA PRADESH,india
Moillakalav,516216,Y.S.R.,ANDHRA PRADESH,india
Ippatla,516391,Y.S.R.,ANDHRA PRADESH,india
Nallapureddypalle,516391,Y.S.R.,ANDHRA PRADESH,india
Erraballe,516391,Y.S.R.,ANDHRA PRADESH,india
Alavalapadu,516350,Y.S.R.,ANDHRA PRADESH,india
Ayyavaripalle,516350,Y.S.R.,ANDHRA PRADESH,india
Giddankipalle,516350,Y.S.R.,ANDHRA PRADESH,india
Erragudi,516474,Y.S.R.,ANDHRA PRADESH,india
Ravulakolanu,516401,Y.S.R.,ANDHRA PRADESH,india
Gotur,516293,Y.S.R.,ANDHRA PRADESH,india
Koppalu,516293,Y.S.R.,ANDHRA PRADESH,india
Lebaka,516293,Y.S.R.,ANDHRA PRADESH,india
Udayamanikyam,517194,Tirupati,ANDHRA PRADESH,india
Yegavuru,517194,Tirupati,ANDHRA PRADESH,india
Yellutla,517305,Annamayya,ANDHRA PRADESH,india
Thippireddigarialle,517193,Tirupati,ANDHRA PRADESH,india
Manchuru,517277,Annamayya,ANDHRA PRADESH,india
Pullleticheruvupalle,517277,Annamayya,ANDHRA PRADESH,india
Krishnapuram,517152,Tirupati,ANDHRA PRADESH,india
Kadirirayacheruvu,517297,Annamayya,ANDHRA PRADESH,india
Kukkarajupalle,517297,Annamayya,ANDHRA PRADESH,india
Siddavaram,517297,Annamayya,ANDHRA PRADESH,india
Veligallu,517297,Annamayya,ANDHRA PRADESH,india
Kambhamvaripalle,517213,CHITTOOR,ANDHRA PRADESH,india
Maddipatlavandlapalle,517213,CHITTOOR,ANDHRA PRADESH,india
Moorevandlapalle,517213,CHITTOOR,ANDHRA PRADESH,india
Moorevandlapalle,517234,CHITTOOR,ANDHRA PRADESH,india
Cherukuvaripalle,517113,CHITTOOR,ANDHRA PRADESH,india
Reddivaripalle,517113,CHITTOOR,ANDHRA PRADESH,india
Desireddigaripalle,517172,CHITTOOR,ANDHRA PRADESH,india
Marrikuntapalle,517237,CHITTOOR,ANDHRA PRADESH,india
Nayanicheruvupalle,517237,CHITTOOR,ANDHRA PRADESH,india
Bopparajupalle,517102,Tirupati,ANDHRA PRADESH,india
Mangapuram,517102,Tirupati,ANDHRA PRADESH,india
Mungilipattu,517102,Tirupati,ANDHRA PRADESH,india
Rangampet,517102,Tirupati,ANDHRA PRADESH,india
Kalroadpalle,517112,CHITTOOR,ANDHRA PRADESH,india
Kasipentla,517112,CHITTOOR,ANDHRA PRADESH,india
Nendragunta,517112,CHITTOOR,ANDHRA PRADESH,india
Peddagorpadu,517112,CHITTOOR,ANDHRA PRADESH,india
Ganugachinta,517214,CHITTOOR,ANDHRA PRADESH,india
Challavaripalle,517192,CHITTOOR,ANDHRA PRADESH,india
Motumallela,517192,CHITTOOR,ANDHRA PRADESH,india
Vittalam,517299,Annamayya,ANDHRA PRADESH,india
Gajulapellur,517645,Tirupati,ANDHRA PRADESH,india
Peddapalavedu,517645,Tirupati,ANDHRA PRADESH,india
R.K.V.Bahadurpet,517582,CHITTOOR,ANDHRA PRADESH,india
Vathalur,517582,CHITTOOR,ANDHRA PRADESH,india
Ollur,517643,Tirupati,ANDHRA PRADESH,india
Sadasivapuram,517643,Tirupati,ANDHRA PRADESH,india
Krishnapuram,517589,Tirupati,ANDHRA PRADESH,india
Sadasiva Sankarapuram,517589,Tirupati,ANDHRA PRADESH,india
Bugga Agraharam,517590,CHITTOOR,ANDHRA PRADESH,india
Kakavedu,517590,CHITTOOR,ANDHRA PRADESH,india
Mangadu Kothur,517590,CHITTOOR,ANDHRA PRADESH,india
Palamangalam,517581,Tirupati,ANDHRA PRADESH,india
Agaram,517591,CHITTOOR,ANDHRA PRADESH,india
Alapakam,517591,CHITTOOR,ANDHRA PRADESH,india
Empedu,517620,Tirupati,ANDHRA PRADESH,india
Vagavedu,517620,Tirupati,ANDHRA PRADESH,india
Yelavedu,517620,Tirupati,ANDHRA PRADESH,india
Urandur,517640,Tirupati,ANDHRA PRADESH,india
Kaliyambakam,517586,CHITTOOR,ANDHRA PRADESH,india
Konathaneri,517642,CHITTOOR,ANDHRA PRADESH,india
Kotamangapuram,517587,Tirupati,ANDHRA PRADESH,india
Nandimangalam,517583,Tirupati,ANDHRA PRADESH,india
Rachapalem,517583,Tirupati,ANDHRA PRADESH,india
Ambakam,517588,Tirupati,ANDHRA PRADESH,india
Madanambedu,517588,Tirupati,ANDHRA PRADESH,india
Rajagopalapuram,517588,Tirupati,ANDHRA PRADESH,india
Alimelumangapuram,517571,Tirupati,ANDHRA PRADESH,india
Lingamanaidupalle,517541,CHITTOOR,ANDHRA PRADESH,india
West Varathur,517541,CHITTOOR,ANDHRA PRADESH,india
Kumarabommarajapuram,517584,Tirupati,ANDHRA PRADESH,india
Durgaperi,517619,Tirupati,ANDHRA PRADESH,india
Merlapaka,517619,Tirupati,ANDHRA PRADESH,india
Musilipedu,517619,Tirupati,ANDHRA PRADESH,india
Kuntrapakam,517561,Tirupati,ANDHRA PRADESH,india
Mittakandriga,517561,Tirupati,ANDHRA PRADESH,india
Nethakuppam,517561,Tirupati,ANDHRA PRADESH,india
Madibaka,517526,Tirupati,ANDHRA PRADESH,india
Pudipatla,517505,Tirupati,ANDHRA PRADESH,india
Sanambhatla,517505,Tirupati,ANDHRA PRADESH,india
Gajulamandyam,517520,Tirupati,ANDHRA PRADESH,india
Vedullacheruvu,517520,Tirupati,ANDHRA PRADESH,india
Padi,517503,Tirupati,ANDHRA PRADESH,india
Panakam,517503,Tirupati,ANDHRA PRADESH,india
Tirumala North,517504,Tirupati,ANDHRA PRADESH,india
A.P.H.B.Colony,517507,Tirupati,ANDHRA PRADESH,india
Pathiputtur,517551,Tirupati,ANDHRA PRADESH,india
Pudi R.S.,517551,Tirupati,ANDHRA PRADESH,india
Chinakapavaram,534235,WEST GODAVARI,ANDHRA PRADESH,india
Dumpagadapa,534235,WEST GODAVARI,ANDHRA PRADESH,india
Gummuluru,534235,WEST GODAVARI,ANDHRA PRADESH,india
Gollavanitippa,534239,WEST GODAVARI,ANDHRA PRADESH,india
Doddanapudi,534237,WEST GODAVARI,ANDHRA PRADESH,india
Kolanapalli,534237,WEST GODAVARI,ANDHRA PRADESH,india
Andaluru,534238,WEST GODAVARI,ANDHRA PRADESH,india
Bondada,534206,WEST GODAVARI,ANDHRA PRADESH,india
Lakshminarasimhapuram,534206,WEST GODAVARI,ANDHRA PRADESH,india
Vendra,534210,WEST GODAVARI,ANDHRA PRADESH,india
Ankoderu,534208,WEST GODAVARI,ANDHRA PRADESH,india
China amiram,534204,WEST GODAVARI,ANDHRA PRADESH,india
Arthamuru,534199,WEST GODAVARI,ANDHRA PRADESH,india
Goraganamudi,534244,WEST GODAVARI,ANDHRA PRADESH,india
Kalavapudi,534236,WEST GODAVARI,ANDHRA PRADESH,india
Podalada,534126,WEST GODAVARI,ANDHRA PRADESH,india
Penumanchili,534123,WEST GODAVARI,ANDHRA PRADESH,india
Gumparru,534266,WEST GODAVARI,ANDHRA PRADESH,india
Ilapakurru,534266,WEST GODAVARI,ANDHRA PRADESH,india
Chinchinada,534268,WEST GODAVARI,ANDHRA PRADESH,india
Medapadu,534268,WEST GODAVARI,ANDHRA PRADESH,india
Penumarru,534268,WEST GODAVARI,ANDHRA PRADESH,india
Adavipalem,534268,WEST GODAVARI,ANDHRA PRADESH,india
Bhaggeswaram,534250,WEST GODAVARI,ANDHRA PRADESH,india
Koderu,534269,WEST GODAVARI,ANDHRA PRADESH,india
Aratlakatta,534250,WEST GODAVARI,ANDHRA PRADESH,india
Kapavaram,534250,WEST GODAVARI,ANDHRA PRADESH,india
Velivela,534250,WEST GODAVARI,ANDHRA PRADESH,india
Darabharevu,534275,WEST GODAVARI,ANDHRA PRADESH,india
Vemuladeevi,534275,WEST GODAVARI,ANDHRA PRADESH,india
Digamarru,534275,WEST GODAVARI,ANDHRA PRADESH,india
Komarru,534134,Eluru,ANDHRA PRADESH,india
Kommara,534134,WEST GODAVARI,ANDHRA PRADESH,india
Moyyeru,534134,Eluru,ANDHRA PRADESH,india
Paluru,534134,WEST GODAVARI,ANDHRA PRADESH,india
Paluru,523101,PRAKASAM,ANDHRA PRADESH,india
Uradallapalem LWE,534134,WEST GODAVARI,ANDHRA PRADESH,india
Arjunudupalem,534217,WEST GODAVARI,ANDHRA PRADESH,india
Goteru,534217,WEST GODAVARI,ANDHRA PRADESH,india
Tetali,534218,WEST GODAVARI,ANDHRA PRADESH,india
Kakileru,534320,WEST GODAVARI,ANDHRA PRADESH,india
Pekeru,534320,WEST GODAVARI,ANDHRA PRADESH,india
Mallipudi,534124,WEST GODAVARI,ANDHRA PRADESH,india
Nattarameswaram,534124,WEST GODAVARI,ANDHRA PRADESH,india
Komaravaram,534222,WEST GODAVARI,ANDHRA PRADESH,india
Sriparru,534004,Eluru,ANDHRA PRADESH,india
Satynarayanapuram,534432,Eluru,ANDHRA PRADESH,india
Ramasingavaram,534435,Eluru,ANDHRA PRADESH,india
Somavarappadu,534450,Eluru,ANDHRA PRADESH,india
Agadalalanka,534427,Eluru,ANDHRA PRADESH,india
Pothunuru,534442,Eluru,ANDHRA PRADESH,india
Veerammakunta,534437,Eluru,ANDHRA PRADESH,india
Mupparu,534002,Eluru,ANDHRA PRADESH,india
Korasavarigudem,534448,Eluru,ANDHRA PRADESH,india
Muppinavarigudem,534448,Eluru,ANDHRA PRADESH,india
Nimmalagudem,534448,Eluru,ANDHRA PRADESH,india
Gollagudem,534406,WEST GODAVARI,ANDHRA PRADESH,india
Kanthampalem,534460,Eluru,ANDHRA PRADESH,india
Kalarayanagudem,534462,Eluru,ANDHRA PRADESH,india
Lingapalem,534462,Eluru,ANDHRA PRADESH,india
Mattamagudem,534462,Eluru,ANDHRA PRADESH,india
G.Pangidigudem,534455,Eluru,ANDHRA PRADESH,india
Guravaigudem,534455,Eluru,ANDHRA PRADESH,india
Pattenapalem,534455,Eluru,ANDHRA PRADESH,india
Swarnavarigudem,534455,Eluru,ANDHRA PRADESH,india
Vegavaram,534455,Eluru,ANDHRA PRADESH,india
Appalarajugudem,534456,Eluru,ANDHRA PRADESH,india
Gavaravaram,534312,Eluru,ANDHRA PRADESH,india
Ramanujapuram,534312,Eluru,ANDHRA PRADESH,india
Tirumalapuram,534312,Eluru,ANDHRA PRADESH,india
Vedanthapuram,534312,Eluru,ANDHRA PRADESH,india
Edavally,534461,Eluru,ANDHRA PRADESH,india
Kurellagudem,534401,Eluru,ANDHRA PRADESH,india
M.M.Puram,534401,Eluru,ANDHRA PRADESH,india
Epigunta,534467,Eluru,ANDHRA PRADESH,india
Tirumaladevipeta,534467,Eluru,ANDHRA PRADESH,india
Munduru,534450,Eluru,ANDHRA PRADESH,india
Vemulapally,534452,Eluru,ANDHRA PRADESH,india
Chandrala,521330,KRISHNA,ANDHRA PRADESH,india
Amudalapalli,521324,KRISHNA,ANDHRA PRADESH,india
Chorampudi,521324,KRISHNA,ANDHRA PRADESH,india
Korlapadu,521324,KRISHNA,ANDHRA PRADESH,india
Mulaparru,521324,KRISHNA,ANDHRA PRADESH,india
Pandraka,521324,KRISHNA,ANDHRA PRADESH,india
Edulamaddali,521148,KRISHNA,ANDHRA PRADESH,india
Dosapadu,521321,KRISHNA,ANDHRA PRADESH,india
Ramapuram,521321,KRISHNA,ANDHRA PRADESH,india
Vennanapudi,521321,KRISHNA,ANDHRA PRADESH,india
Achavaram,521333,Eluru,ANDHRA PRADESH,india
Kallapalem,521333,Eluru,ANDHRA PRADESH,india
China Tadinada,521333,Eluru,ANDHRA PRADESH,india
Alluru,521343,Eluru,ANDHRA PRADESH,india
Bomminampadu,521343,Eluru,ANDHRA PRADESH,india
Tamarakollu,521343,Eluru,ANDHRA PRADESH,india
Singanapudi,521345,Eluru,ANDHRA PRADESH,india
Kanukollu,521325,Eluru,ANDHRA PRADESH,india
Lingala,521325,Eluru,ANDHRA PRADESH,india
Peruru,521325,Eluru,ANDHRA PRADESH,india
Kolletikota,521340,Eluru,ANDHRA PRADESH,india
Kottada,521340,Eluru,ANDHRA PRADESH,india
Seetanapalli,521340,Eluru,ANDHRA PRADESH,india
Gunnanapudi,521326,Eluru,ANDHRA PRADESH,india
Ingilipakalanka,521326,Eluru,ANDHRA PRADESH,india
Putlacheruvu,521326,Eluru,ANDHRA PRADESH,india
Polukonda,521327,KRISHNA,ANDHRA PRADESH,india
Valivarthipadu,521327,KRISHNA,ANDHRA PRADESH,india
Guruvindagunta,521263,KRISHNA,ANDHRA PRADESH,india
Pedaparupudi,521263,KRISHNA,ANDHRA PRADESH,india
Hanumanthunigudem,521202,Eluru,ANDHRA PRADESH,india
Ravicherla,521202,Eluru,ANDHRA PRADESH,india
Annavaram,521202,Eluru,ANDHRA PRADESH,india
Morsapudi,521111,Eluru,ANDHRA PRADESH,india
Devaragunta,521111,Eluru,ANDHRA PRADESH,india
Tukkuluru,521111,Eluru,ANDHRA PRADESH,india
Perikeedu Bridge,521105,KRISHNA,ANDHRA PRADESH,india
Aripirala,521106,KRISHNA,ANDHRA PRADESH,india
Gopavaram,521207,Eluru,ANDHRA PRADESH,india
Velpucherla,521207,Eluru,ANDHRA PRADESH,india
Digavalli,521213,Eluru,ANDHRA PRADESH,india
Valasapalli,521213,Eluru,ANDHRA PRADESH,india
Janardhanavaram,521214,Eluru,ANDHRA PRADESH,india
Chandrupatla,521215,NTR,ANDHRA PRADESH,india
Garapadu,521312,Eluru,ANDHRA PRADESH,india
Koyyagurapadu,521312,Eluru,ANDHRA PRADESH,india
Konijerla,521401,NTR,ANDHRA PRADESH,india
Ampapuram,521109,KRISHNA,ANDHRA PRADESH,india
Suravaram,521109,Eluru,ANDHRA PRADESH,india
Lakshmipuram,521235,KRISHNA,ANDHRA PRADESH,india
Munukulla,521235,KRISHNA,ANDHRA PRADESH,india
Vamukuntla,521235,KRISHNA,ANDHRA PRADESH,india
Rajagopalapuram,521110,KRISHNA,ANDHRA PRADESH,india
Veleru,521110,KRISHNA,ANDHRA PRADESH,india
Chittalur,524341,SPSR NELLORE,ANDHRA PRADESH,india
Kommaneturu,524406,Tirupati,ANDHRA PRADESH,india
Thippavarappadu,524406,Tirupati,ANDHRA PRADESH,india
Nellatur,524406,Tirupati,ANDHRA PRADESH,india
Momidi,524412,Tirupati,ANDHRA PRADESH,india
Tippaguntapalem,524412,Tirupati,ANDHRA PRADESH,india
Yerur,524412,Tirupati,ANDHRA PRADESH,india
Velikallu,524134,Tirupati,ANDHRA PRADESH,india
Ramakur,524414,SPSR NELLORE,ANDHRA PRADESH,india
Kundakur,524131,SPSR NELLORE,ANDHRA PRADESH,india
Kundam,524131,SPSR NELLORE,ANDHRA PRADESH,india
Vajjavaripalem,524131,SPSR NELLORE,ANDHRA PRADESH,india
P.R.Palem,524131,SPSR NELLORE,ANDHRA PRADESH,india
Ayyavaripalem,524410,Tirupati,ANDHRA PRADESH,india
Vodur,524410,Tirupati,ANDHRA PRADESH,india
Degapudi,524409,SPSR NELLORE,ANDHRA PRADESH,india
Chipinapi,524343,SPSR NELLORE,ANDHRA PRADESH,india
Nagulavellatur,524343,SPSR NELLORE,ANDHRA PRADESH,india
Tirumalapadu,524343,SPSR NELLORE,ANDHRA PRADESH,india
Anepudi,524123,Tirupati,ANDHRA PRADESH,india
Buradagalikothapalem,524403,Tirupati,ANDHRA PRADESH,india
Akkampeta,524405,SPSR NELLORE,ANDHRA PRADESH,india
Kommalapudi,524405,SPSR NELLORE,ANDHRA PRADESH,india
Kotambedu,524421,Tirupati,ANDHRA PRADESH,india
Perimidi,524421,Tirupati,ANDHRA PRADESH,india
Chavali,524126,SPSR NELLORE,ANDHRA PRADESH,india
Juvvalapalem,524126,SPSR NELLORE,ANDHRA PRADESH,india
Rajupalem,524126,SPSR NELLORE,ANDHRA PRADESH,india
Pantapalem,524323,SPSR NELLORE,ANDHRA PRADESH,india
Sirasanambedu,524129,Tirupati,ANDHRA PRADESH,india
Althurthi,524345,SPSR NELLORE,ANDHRA PRADESH,india
Toderu,524345,SPSR NELLORE,ANDHRA PRADESH,india
Vavintaparthi,524345,SPSR NELLORE,ANDHRA PRADESH,india
Maddurupalli,524408,SPSR NELLORE,ANDHRA PRADESH,india
Tanamcherla,524408,SPSR NELLORE,ANDHRA PRADESH,india
Anikepalli,524321,SPSR NELLORE,ANDHRA PRADESH,india
Edagali,524321,SPSR NELLORE,ANDHRA PRADESH,india
Golagamudi,524321,SPSR NELLORE,ANDHRA PRADESH,india
Vemulachedu,524407,SPSR NELLORE,ANDHRA PRADESH,india
Karur,524401,Tirupati,ANDHRA PRADESH,india
Ramapuram,524401,Tirupati,ANDHRA PRADESH,india
Kanupuru,524320,SPSR NELLORE,ANDHRA PRADESH,india
Kasumur,524320,SPSR NELLORE,ANDHRA PRADESH,india
Amuduru,524132,Tirupati,ANDHRA PRADESH,india
Chilakampadu,524132,Tirupati,ANDHRA PRADESH,india
Chinnapareddypalli,524132,Tirupati,ANDHRA PRADESH,india
Manulalpeta,524132,Tirupati,ANDHRA PRADESH,india
Periavaram,524132,Tirupati,ANDHRA PRADESH,india
Tinnelapudi,524413,Tirupati,ANDHRA PRADESH,india
Pathapadu,524309,SPSR NELLORE,ANDHRA PRADESH,india
Gunupadu,524402,SPSR NELLORE,ANDHRA PRADESH,india
Eswrawaka,524127,Tirupati,ANDHRA PRADESH,india
Katrapadu,522017,GUNTUR,ANDHRA PRADESH,india
Pallapadu,522017,GUNTUR,ANDHRA PRADESH,india
Gorantla,522034,GUNTUR,ANDHRA PRADESH,india
Lam,522034,GUNTUR,ANDHRA PRADESH,india
Appapuram,522112,GUNTUR,ANDHRA PRADESH,india
Pothuru,522005,GUNTUR,ANDHRA PRADESH,india
Garlapadu,522235,GUNTUR,ANDHRA PRADESH,india
Nagualapadu,522235,GUNTUR,ANDHRA PRADESH,india
Varagani,522235,GUNTUR,ANDHRA PRADESH,india
Enamadala,522019,GUNTUR,ANDHRA PRADESH,india
Ganikapudi,522019,GUNTUR,ANDHRA PRADESH,india
Nimmagaddavaripalem,522019,GUNTUR,ANDHRA PRADESH,india
Perecherla,522009,GUNTUR,ANDHRA PRADESH,india
Pedamadduru,522020,Palnadu,ANDHRA PRADESH,india
Neerukonda,522240,GUNTUR,ANDHRA PRADESH,india
Nidamarru,522240,GUNTUR,ANDHRA PRADESH,india
Endroy,522016,Palnadu,ANDHRA PRADESH,india
Mukkamala,522016,GUNTUR,ANDHRA PRADESH,india
Nidumukkala,522016,GUNTUR,ANDHRA PRADESH,india
Vunguturu,522016,Palnadu,ANDHRA PRADESH,india
Kanteru,522508,GUNTUR,ANDHRA PRADESH,india
Chinakakani,522508,GUNTUR,ANDHRA PRADESH,india
Perikalapudi,522305,GUNTUR,ANDHRA PRADESH,india
Ippatam,522302,GUNTUR,ANDHRA PRADESH,india
Bandarupalle,522018,GUNTUR,ANDHRA PRADESH,india
Bejathpuram,522018,GUNTUR,ANDHRA PRADESH,india
Nekkallu,522236,GUNTUR,ANDHRA PRADESH,india
Vaddamanu,522236,GUNTUR,ANDHRA PRADESH,india
Borupalem,522237,GUNTUR,ANDHRA PRADESH,india
Mandadam,522237,GUNTUR,ANDHRA PRADESH,india
Rudramkota,534444,Eluru,ANDHRA PRADESH,india
Tatkuragommu,534444,Eluru,ANDHRA PRADESH,india
Pulluru Phc,533347,Alluri Sitharama Raju,ANDHRA PRADESH,india
Edurallapalli,533352,EAST GODAVARI,ANDHRA PRADESH,india
Bokinala,521260,Eluru,ANDHRA PRADESH,india
Tarigoppula R.S.,521260,Eluru,ANDHRA PRADESH,india
Goridindla,515751,ANANTAPUR,ANDHRA PRADESH,india
Kothapalli,515751,ANANTAPUR,ANDHRA PRADESH,india
Muttala,515751,ANANTAPUR,ANDHRA PRADESH,india
Sanapa,515751,ANANTAPUR,ANDHRA PRADESH,india
Yerragudi,515741,ANANTAPUR,ANDHRA PRADESH,india
Budimepalli,515763,ANANTAPUR,ANDHRA PRADESH,india
Gonchireddypalli,515763,ANANTAPUR,ANDHRA PRADESH,india
Muppalakunta,515763,ANANTAPUR,ANDHRA PRADESH,india
Theetakallu,515763,ANANTAPUR,ANDHRA PRADESH,india
Danduvaripalli,515701,ANANTAPUR,ANDHRA PRADESH,india
Peravali,515701,ANANTAPUR,ANDHRA PRADESH,india
Kaverisamudram,515415,ANANTAPUR,ANDHRA PRADESH,india
Rajaji Street,515005,ANANTAPUR,ANDHRA PRADESH,india
Kanampalli,515731,ANANTAPUR,ANDHRA PRADESH,india
Thimmampeta,515731,ANANTAPUR,ANDHRA PRADESH,india
Rajiv Colony,515004,ANANTAPUR,ANDHRA PRADESH,india
Somaladoddi,515004,ANANTAPUR,ANDHRA PRADESH,india
Hampapuram,515722,ANANTAPUR,ANDHRA PRADESH,india
K Garudapuram,515761,ANANTAPUR,ANDHRA PRADESH,india
Yerrampalli,515761,ANANTAPUR,ANDHRA PRADESH,india
Marrimakulapalli,515765,ANANTAPUR,ANDHRA PRADESH,india
Ipperu,515711,ANANTAPUR,ANDHRA PRADESH,india
Jallipalli,515711,ANANTAPUR,ANDHRA PRADESH,india
Marutla,515711,ANANTAPUR,ANDHRA PRADESH,india
Jambugumpala,515766,ANANTAPUR,ANDHRA PRADESH,india
Lakshmampalli,515766,ANANTAPUR,ANDHRA PRADESH,india
Pappuru,515425,ANANTAPUR,ANDHRA PRADESH,india
Venkatampalli,515425,ANANTAPUR,ANDHRA PRADESH,india
Durdakunta,515787,ANANTAPUR,ANDHRA PRADESH,india
Ramapuram,515787,ANANTAPUR,ANDHRA PRADESH,india
Cherlopalli,515414,ANANTAPUR,ANDHRA PRADESH,india
Cheliminahalli,515767,ANANTAPUR,ANDHRA PRADESH,india
Chintarlapalli,515767,ANANTAPUR,ANDHRA PRADESH,india
Kanakuru,515767,ANANTAPUR,ANDHRA PRADESH,india
Khairevu,515767,ANANTAPUR,ANDHRA PRADESH,india
Mamaduru,515767,ANANTAPUR,ANDHRA PRADESH,india
Bondaladinne,515411,ANANTAPUR,ANDHRA PRADESH,india
Challavaripalli,515411,ANANTAPUR,ANDHRA PRADESH,india
Chinnapolamada,515411,ANANTAPUR,ANDHRA PRADESH,india
Lingareddipalli,515465,ANANTAPUR,ANDHRA PRADESH,india
Raketla,515822,ANANTAPUR,ANDHRA PRADESH,india
Sollapuram,515822,ANANTAPUR,ANDHRA PRADESH,india
Gootyanantapur,515401,ANANTAPUR,ANDHRA PRADESH,india
Jakkalacheruvu,515401,ANANTAPUR,ANDHRA PRADESH,india
Nagasamudram,515401,ANANTAPUR,ANDHRA PRADESH,india
Rajapuram,515401,ANANTAPUR,ANDHRA PRADESH,india
B.T.Project,515863,ANANTAPUR,ANDHRA PRADESH,india
Gundiganipalli,515863,ANANTAPUR,ANDHRA PRADESH,india
Brahmasamudram,515871,ANANTAPUR,ANDHRA PRADESH,india
Gonehal,515871,ANANTAPUR,ANDHRA PRADESH,india
Kolaganahalli,515871,ANANTAPUR,ANDHRA PRADESH,india
Yerragunta,515871,ANANTAPUR,ANDHRA PRADESH,india
Gulapalyam,515842,ANANTAPUR,ANDHRA PRADESH,india
Dosaludiki,515803,ANANTAPUR,ANDHRA PRADESH,india
Kasapuram,515803,ANANTAPUR,ANDHRA PRADESH,india
Anumpalli,515775,ANANTAPUR,ANDHRA PRADESH,india
Ayyavaripalli,515775,ANANTAPUR,ANDHRA PRADESH,india
Gajarampalli,515775,ANANTAPUR,ANDHRA PRADESH,india
Khaderpeta,515775,ANANTAPUR,ANDHRA PRADESH,india
Dimmagudi,515405,ANANTAPUR,ANDHRA PRADESH,india
Miduthur,515405,ANANTAPUR,ANDHRA PRADESH,india
Rayadurg Fort,515865,ANANTAPUR,ANDHRA PRADESH,india
Chadam,515865,ANANTAPUR,ANDHRA PRADESH,india
Kadalur,515865,ANANTAPUR,ANDHRA PRADESH,india
Muradi Hanumapuram,515865,ANANTAPUR,ANDHRA PRADESH,india
Appecharla,515455,ANANTAPUR,ANDHRA PRADESH,india
Chandana,515455,ANANTAPUR,ANDHRA PRADESH,india
Puppala,515455,ANANTAPUR,ANDHRA PRADESH,india
Chittur,515611,ANANTAPUR,ANDHRA PRADESH,india
Illuru,515611,ANANTAPUR,ANDHRA PRADESH,india
Ullikallu,515611,ANANTAPUR,ANDHRA PRADESH,india
B.N.Halli,515867,ANANTAPUR,ANDHRA PRADESH,india
Budagavi,515812,ANANTAPUR,ANDHRA PRADESH,india
Chinnamusturu,515812,ANANTAPUR,ANDHRA PRADESH,india
Gadehothur,515832,ANANTAPUR,ANDHRA PRADESH,india
Ragulapadu,515832,ANANTAPUR,ANDHRA PRADESH,india
Venkatampalli,515832,ANANTAPUR,ANDHRA PRADESH,india
Bollanaguddem,515870,ANANTAPUR,ANDHRA PRADESH,india
Karakamukkala,515870,ANANTAPUR,ANDHRA PRADESH,india
Kothakota,515870,ANANTAPUR,ANDHRA PRADESH,india
Kamalapadu,515408,ANANTAPUR,ANDHRA PRADESH,india
Peddayakkalur,515408,ANANTAPUR,ANDHRA PRADESH,india
Eachaneri,517129,CHITTOOR,ANDHRA PRADESH,india
Dasnapur,504346,PRAKASAM,ANDHRA PRADESH,india
Gourapur,504346,PRAKASAM,ANDHRA PRADESH,india
Muthnur,504346,PRAKASAM,ANDHRA PRADESH,india
Pipri,504346,PRAKASAM,ANDHRA PRADESH,india
Dhanora B,504346,PRAKASAM,ANDHRA PRADESH,india
Yenda,504346,PRAKASAM,ANDHRA PRADESH,india
Komatipalli,535559,VIZIANAGARAM,ANDHRA PRADESH,india
Kadiri,515591,Sri Sathya Sai,ANDHRA PRADESH,india
Krishnapuram,515159,Sri Sathya Sai,ANDHRA PRADESH,india
Medapuram,515651,Sri Sathya Sai,ANDHRA PRADESH,india
Mudigubba,515511,Sri Sathya Sai,ANDHRA PRADESH,india
Nallacheruvu,515551,Sri Sathya Sai,ANDHRA PRADESH,india
Patnam,515501,Sri Sathya Sai,ANDHRA PRADESH,india
Perur,515621,Sri Sathya Sai,ANDHRA PRADESH,india
Puttaparthy Main Bazar NDTSO,515134,ANANTAPUR,ANDHRA PRADESH,india
Agali,515311,Sri Sathya Sai,ANDHRA PRADESH,india
Chilamathur,515341,Sri Sathya Sai,ANDHRA PRADESH,india
Hemavathi,515286,Sri Sathya Sai,ANDHRA PRADESH,india
Peddamanthur,515124,Sri Sathya Sai,ANDHRA PRADESH,india
Roddam,515123,Sri Sathya Sai,ANDHRA PRADESH,india
Adoni Arts College,518302,KURNOOL,ANDHRA PRADESH,india
Aspari,518347,KURNOOL,ANDHRA PRADESH,india
Nemakallu,518396,KURNOOL,ANDHRA PRADESH,india
Balaji Nagar,518006,KURNOOL,ANDHRA PRADESH,india
Brahmanakotkur,518432,Nandyal,ANDHRA PRADESH,india
Devanakonda,518465,KURNOOL,ANDHRA PRADESH,india
Konidela,518411,Nandyal,ANDHRA PRADESH,india
Kurnool Bazar,518001,KURNOOL,ANDHRA PRADESH,india
Peapully,518221,Nandyal,ANDHRA PRADESH,india
Prathakota,518412,Nandyal,ANDHRA PRADESH,india
Srisailam,518101,Nandyal,ANDHRA PRADESH,india
Cumbum East,523333,PRAKASAM,ANDHRA PRADESH,india
Dupadu,523330,PRAKASAM,ANDHRA PRADESH,india
Mohiddin Puram,523336,PRAKASAM,ANDHRA PRADESH,india
Rajupalem,523369,PRAKASAM,ANDHRA PRADESH,india
Akumalla,518196,Nandyal,ANDHRA PRADESH,india
Bandi Atmakur,518523,Nandyal,ANDHRA PRADESH,india
Chagalamarri,518553,Nandyal,ANDHRA PRADESH,india
Kolimigundla,518123,Nandyal,ANDHRA PRADESH,india
Nandivargam,518176,Nandyal,ANDHRA PRADESH,india
Panem,518112,Nandyal,ANDHRA PRADESH,india
Chapadu,516356,Y.S.R.,ANDHRA PRADESH,india
Chilamakur,516310,Y.S.R.,ANDHRA PRADESH,india
Holmespet,516361,Y.S.R.,ANDHRA PRADESH,india
Jammalamadugu East,516434,Y.S.R.,ANDHRA PRADESH,india
Jammalamadugu,516434,Y.S.R.,ANDHRA PRADESH,india
Krishna Nagar,516311,Y.S.R.,ANDHRA PRADESH,india
Muddanur,516380,Y.S.R.,ANDHRA PRADESH,india
Mylavaram,516439,Y.S.R.,ANDHRA PRADESH,india
Vv Reddy Nagar,516312,Y.S.R.,ANDHRA PRADESH,india
Yerraguntla,516309,Y.S.R.,ANDHRA PRADESH,india
YMR Colony,516360,Y.S.R.,ANDHRA PRADESH,india
Agadur,516421,Y.S.R.,ANDHRA PRADESH,india
Pendlimarri,516216,Y.S.R.,ANDHRA PRADESH,india
Tallapalle,516350,Y.S.R.,ANDHRA PRADESH,india
Vallur,516293,Y.S.R.,ANDHRA PRADESH,india
Idupulapaya,516330,Y.S.R.,ANDHRA PRADESH,india
Cherlopalle,517305,Annamayya,ANDHRA PRADESH,india
Mangalampet,517172,CHITTOOR,ANDHRA PRADESH,india
Medikurthi,517237,CHITTOOR,ANDHRA PRADESH,india
Nehru Bazar,517214,CHITTOOR,ANDHRA PRADESH,india
Rompicherla,517192,CHITTOOR,ANDHRA PRADESH,india
Ekambarakuppam,517592,CHITTOOR,ANDHRA PRADESH,india
Karvetinagar,517582,CHITTOOR,ANDHRA PRADESH,india
Kothapet,517644,CHITTOOR,ANDHRA PRADESH,india
Nagalapuram,517589,Tirupati,ANDHRA PRADESH,india
Pallam,517620,Tirupati,ANDHRA PRADESH,india
Sricity S.E.Z,517646,Tirupati,ANDHRA PRADESH,india
Bhavani Nagar,517501,CHITTOOR,ANDHRA PRADESH,india
Pachikapallam,517569,CHITTOOR,ANDHRA PRADESH,india
Tirumala,517504,Tirupati,ANDHRA PRADESH,india
Tirupati West,517501,CHITTOOR,ANDHRA PRADESH,india
Satyanarayanapuram NDSO,517507,CHITTOOR,ANDHRA PRADESH,india
Kalla,534237,WEST GODAVARI,ANDHRA PRADESH,india
Polamuru,534238,WEST GODAVARI,ANDHRA PRADESH,india
Rayalam,534208,WEST GODAVARI,ANDHRA PRADESH,india
Sivaraopeta,534202,WEST GODAVARI,ANDHRA PRADESH,india
Viravasaram,534245,WEST GODAVARI,ANDHRA PRADESH,india
Gummaluru,534267,WEST GODAVARI,ANDHRA PRADESH,india
Kavitam,534338,WEST GODAVARI,ANDHRA PRADESH,india
Kodamanchili,534269,WEST GODAVARI,ANDHRA PRADESH,india
Palakol Bazar,534260,WEST GODAVARI,ANDHRA PRADESH,india
Attili,534134,WEST GODAVARI,ANDHRA PRADESH,india
Sajjapuram,534211,WEST GODAVARI,ANDHRA PRADESH,india
Tanuku Old Town,534211,WEST GODAVARI,ANDHRA PRADESH,india
Narasimharao Peta,534006,Eluru,ANDHRA PRADESH,india
P&t Colony,534007,Eluru,ANDHRA PRADESH,india
Power Peta,534002,Eluru,ANDHRA PRADESH,india
Sanivarapu Peta,534003,Eluru,ANDHRA PRADESH,india
Bhimadole,534425,Eluru,ANDHRA PRADESH,india
Chebrole,534406,WEST GODAVARI,ANDHRA PRADESH,india
Dharmajigudem,534462,Eluru,ANDHRA PRADESH,india
Pragadavaram,534461,Eluru,ANDHRA PRADESH,india
Elamarru,521148,KRISHNA,ANDHRA PRADESH,india
Kaikalur,521333,Eluru,ANDHRA PRADESH,india
Kalidindi,521344,Eluru,ANDHRA PRADESH,india
Pedamaddali,521390,KRISHNA,ANDHRA PRADESH,india
Rajendranagar Colony,521301,KRISHNA,ANDHRA PRADESH,india
Rudrapaka,521326,KRISHNA,ANDHRA PRADESH,india
Satyanarayanapuram,521301,KRISHNA,ANDHRA PRADESH,india
APIIIT,521202,Eluru,ANDHRA PRADESH,india
Dum Dum Gardens,521201,Eluru,ANDHRA PRADESH,india
Gollapalli,521111,Eluru,ANDHRA PRADESH,india
Indupalli,521311,Eluru,ANDHRA PRADESH,india
Nuzvid Bazar,521201,Eluru,ANDHRA PRADESH,india
Vunguturu,521312,Eluru,ANDHRA PRADESH,india
Veeravalli,521110,KRISHNA,ANDHRA PRADESH,india
Dachur,524342,SPSR NELLORE,ANDHRA PRADESH,india
Gudur East,524101,SPSR NELLORE,ANDHRA PRADESH,india
Kadivedu,524410,Tirupati,ANDHRA PRADESH,india
Manubolu,524405,SPSR NELLORE,ANDHRA PRADESH,india
Tada,524401,Tirupati,ANDHRA PRADESH,india
Venkatagiri Bazar,524132,SPSR NELLORE,ANDHRA PRADESH,india
Yellasiri,524127,Tirupati,ANDHRA PRADESH,india
Brodipet,522002,GUNTUR,ANDHRA PRADESH,india
Bus Stand,522001,GUNTUR,ANDHRA PRADESH,india
Chandramoulinagar,522007,GUNTUR,ANDHRA PRADESH,india
College Road,522001,GUNTUR,ANDHRA PRADESH,india
Koritepadu,522007,GUNTUR,ANDHRA PRADESH,india
L.W.Works,522007,GUNTUR,ANDHRA PRADESH,india
Nallapadu,522005,GUNTUR,ANDHRA PRADESH,india
S.K.P.Temple,522003,GUNTUR,ANDHRA PRADESH,india
A.P.Secretariat,522238,GUNTUR,ANDHRA PRADESH,india
Donkarayi,533348,Alluri Sitharama Raju,ANDHRA PRADESH,india
Nellipaka,533352,EAST GODAVARI,ANDHRA PRADESH,india
Thotapalli,533351,Alluri Sitharama Raju,ANDHRA PRADESH,india
Mopidevi,521125,KRISHNA,ANDHRA PRADESH,india
Nagayalanka,521120,KRISHNA,ANDHRA PRADESH,india
Nidumolu,521156,KRISHNA,ANDHRA PRADESH,india
Pamarru,521157,KRISHNA,ANDHRA PRADESH,india
Pedasanagallu,521138,KRISHNA,ANDHRA PRADESH,india
Polavaram,521162,KRISHNA,ANDHRA PRADESH,india
Batchupet,521001,KRISHNA,ANDHRA PRADESH,india
Dt.Court,521002,KRISHNA,ANDHRA PRADESH,india
K.P.Pur,521002,KRISHNA,ANDHRA PRADESH,india
Pedana,521366,KRISHNA,ANDHRA PRADESH,india
U.G.C.Works,521001,KRISHNA,ANDHRA PRADESH,india
Krishna University,521004,KRISHNA,ANDHRA PRADESH,india
Arundalpet,522601,Palnadu,ANDHRA PRADESH,india
Muppalla,522661,Palnadu,ANDHRA PRADESH,india
Murikipudi,522626,Palnadu,ANDHRA PRADESH,india
Nadendla,522234,Palnadu,ANDHRA PRADESH,india
NSP Colony,522647,Palnadu,ANDHRA PRADESH,india
Nuzendla,522660,Palnadu,ANDHRA PRADESH,india
Bellamkonda,522411,Palnadu,ANDHRA PRADESH,india
Muppalla,522408,Palnadu,ANDHRA PRADESH,india
Rentachintala,522421,Palnadu,ANDHRA PRADESH,india
Chakalakonda,524221,SPSR NELLORE,ANDHRA PRADESH,india
Duthalur,524222,SPSR NELLORE,ANDHRA PRADESH,india
Janathapeta,524201,SPSR NELLORE,ANDHRA PRADESH,india
Nandipadu,524230,SPSR NELLORE,ANDHRA PRADESH,india
Allur,524315,SPSR NELLORE,ANDHRA PRADESH,india
Anantasagaram,524302,SPSR NELLORE,ANDHRA PRADESH,india
Andhrakesari Nagar,524004,SPSR NELLORE,ANDHRA PRADESH,india
Brahmadevam,524346,SPSR NELLORE,ANDHRA PRADESH,india
Duvvur,524306,SPSR NELLORE,ANDHRA PRADESH,india
Gumparlapadu,524234,SPSR NELLORE,ANDHRA PRADESH,india
Karatampadu,524307,SPSR NELLORE,ANDHRA PRADESH,india
Ramalingapuram,524003,SPSR NELLORE,ANDHRA PRADESH,india
Trunk Road,524001,SPSR NELLORE,ANDHRA PRADESH,india
Vidavalur,524318,SPSR NELLORE,ANDHRA PRADESH,india
Parchur,523169,Bapatla,ANDHRA PRADESH,india
Vetapalem,523187,Bapatla,ANDHRA PRADESH,india
Kondepi,523270,PRAKASAM,ANDHRA PRADESH,india
Linga Samudram,523114,PRAKASAM,ANDHRA PRADESH,india
V V Palem,523116,PRAKASAM,ANDHRA PRADESH,india
Botlagudur,523110,PRAKASAM,ANDHRA PRADESH,india
H.M.Padu,523227,PRAKASAM,ANDHRA PRADESH,india
P.C.Palli,523117,PRAKASAM,ANDHRA PRADESH,india
Pa Padu,523111,PRAKASAM,ANDHRA PRADESH,india
Pedarikatla,523245,PRAKASAM,ANDHRA PRADESH,india
Addanki Gate,523001,PRAKASAM,ANDHRA PRADESH,india
M.M.Donka,523002,PRAKASAM,ANDHRA PRADESH,india
N.G.Padu,523183,PRAKASAM,ANDHRA PRADESH,india
Santhamagulur,523302,Bapatla,ANDHRA PRADESH,india
Thurupupalem,523001,PRAKASAM,ANDHRA PRADESH,india
Polavaram,534315,WEST GODAVARI,ANDHRA PRADESH,india
Aphb Colony,534101,WEST GODAVARI,ANDHRA PRADESH,india
Ch.Agraharam,534196,WEST GODAVARI,ANDHRA PRADESH,india
West Vipparru,534165,WEST GODAVARI,ANDHRA PRADESH,india
Bapatla Engg College,522102,Bapatla,ANDHRA PRADESH,india
Pittalavanipalem,522329,Bapatla,ANDHRA PRADESH,india
Ponnur Bazar,522124,GUNTUR,ANDHRA PRADESH,india
Stuvartpuram,522317,Bapatla,ANDHRA PRADESH,india
Duggirala,522330,GUNTUR,ANDHRA PRADESH,india
Kuchipudi,522313,Bapatla,ANDHRA PRADESH,india
Wahabchowk tenali,522201,GUNTUR,ANDHRA PRADESH,india
Autonagar,520007,NTR,ANDHRA PRADESH,india
Gunadala,520004,NTR,ANDHRA PRADESH,india
Kolavennu,521153,KRISHNA,ANDHRA PRADESH,india
Punnamathota,520010,NTR,ANDHRA PRADESH,india
Tadigadapa,521134,KRISHNA,ANDHRA PRADESH,india
Venkateswarapuram,520010,NTR,ANDHRA PRADESH,india
Aukiripalli,521211,Eluru,ANDHRA PRADESH,india
Gandhinagaram,520003,NTR,ANDHRA PRADESH,india
Kamakotinagar,520012,NTR,ANDHRA PRADESH,india
Kanchikacharla,521180,NTR,ANDHRA PRADESH,india
Kondapalli,521228,NTR,ANDHRA PRADESH,india
Muppalla,521183,NTR,ANDHRA PRADESH,india
Nunna,521212,NTR,ANDHRA PRADESH,india
Satyanarayanapuram,520011,NTR,ANDHRA PRADESH,india
Vja Railway Junction,520001,NTR,ANDHRA PRADESH,india
International Business Centre,520010,NTR,ANDHRA PRADESH,india
Allavaram,533217,Konaseema,ANDHRA PRADESH,india
Ambajipeta,533214,Konaseema,ANDHRA PRADESH,india
Bendamurlanka,533210,Konaseema,ANDHRA PRADESH,india
Moberlypeta,533201,Konaseema,ANDHRA PRADESH,india
Peruru,533218,Konaseema,ANDHRA PRADESH,india
Kothapeta,533223,Konaseema,ANDHRA PRADESH,india
Mori,533250,Konaseema,ANDHRA PRADESH,india
Araku Colony,531149,VISAKHAPATANAM,ANDHRA PRADESH,india
Govada,531023,Anakapalli,ANDHRA PRADESH,india
Thummapala,531032,Anakapalli,ANDHRA PRADESH,india
Yellamanchili,531055,Anakapalli,ANDHRA PRADESH,india
G Madugula,531029,Alluri Sitharama Raju,ANDHRA PRADESH,india
Madugula,531027,Anakapalli,ANDHRA PRADESH,india
Bhaskarnagar,533003,EAST GODAVARI,ANDHRA PRADESH,india
Indrapalem,533006,Kakinada,ANDHRA PRADESH,india
Mehernagar,533003,EAST GODAVARI,ANDHRA PRADESH,india
Kathipudi,533444,Kakinada,ANDHRA PRADESH,india
Kirlampudi,533431,Kakinada,ANDHRA PRADESH,india
Mallam,533433,Kakinada,ANDHRA PRADESH,india
Tuni,533401,Kakinada,ANDHRA PRADESH,india
Uppada,533448,Kakinada,ANDHRA PRADESH,india
Bobbili Govt.Hospital Road,535559,VIZIANAGARAM,ANDHRA PRADESH,india
Makkuva,535547,Parvathipuram Manyam,ANDHRA PRADESH,india
Sigadam,532148,SRIKAKULAM,ANDHRA PRADESH,india
Mrutyunjayarayanagaram,535522,Parvathipuram Manyam,ANDHRA PRADESH,india
Parvatipuram Bus Stand,535502,Parvathipuram Manyam,ANDHRA PRADESH,india
Parvatipuram Town,535501,Parvathipuram Manyam,ANDHRA PRADESH,india
Gokaram,533286,EAST GODAVARI,ANDHRA PRADESH,india
Konthamuru,533102,EAST GODAVARI,ANDHRA PRADESH,india
Sriramnagar,533105,EAST GODAVARI,ANDHRA PRADESH,india
Hukumpeta,533107,EAST GODAVARI,ANDHRA PRADESH,india
Dangeru,533263,Konaseema,ANDHRA PRADESH,india
Dwarapudi,533341,Konaseema,ANDHRA PRADESH,india
Kotipalli,533306,Konaseema,ANDHRA PRADESH,india
Rayavaram,533346,Konaseema,ANDHRA PRADESH,india
Kotturu,532455,SRIKAKULAM,ANDHRA PRADESH,india
Mukhalingam,532428,SRIKAKULAM,ANDHRA PRADESH,india
P.S.Puram,532190,SRIKAKULAM,ANDHRA PRADESH,india
Pathapatnam,532213,SRIKAKULAM,ANDHRA PRADESH,india
Arasavilli,532401,SRIKAKULAM,ANDHRA PRADESH,india
Calingapatnam,532406,SRIKAKULAM,ANDHRA PRADESH,india
Etcherla,532410,SRIKAKULAM,ANDHRA PRADESH,india
Gara,532405,SRIKAKULAM,ANDHRA PRADESH,india
J.R.Puram,532407,SRIKAKULAM,ANDHRA PRADESH,india
Pydibheemavaram,532409,SRIKAKULAM,ANDHRA PRADESH,india
S.R.Puram,532123,SRIKAKULAM,ANDHRA PRADESH,india
Srikakulam District Court,532001,SRIKAKULAM,ANDHRA PRADESH,india
Srikakulam Official Colony,532001,SRIKAKULAM,ANDHRA PRADESH,india
Akkupalli,532219,SRIKAKULAM,ANDHRA PRADESH,india
Baruva,532263,SRIKAKULAM,ANDHRA PRADESH,india
Haripuram,532243,SRIKAKULAM,ANDHRA PRADESH,india
Ichchapuram,532312,SRIKAKULAM,ANDHRA PRADESH,india
Manikyapuram,532292,SRIKAKULAM,ANDHRA PRADESH,india
Meliaputti,532215,SRIKAKULAM,ANDHRA PRADESH,india
Pundi R S,532218,SRIKAKULAM,ANDHRA PRADESH,india
H B Colony,530022,VISAKHAPATANAM,ANDHRA PRADESH,india
LIC Building,530004,VISAKHAPATANAM,ANDHRA PRADESH,india
Vidya Bhavan,530003,VISAKHAPATANAM,ANDHRA PRADESH,india
Visalakshinagar,530043,VISAKHAPATANAM,ANDHRA PRADESH,india
B H P V,530012,VISAKHAPATANAM,ANDHRA PRADESH,india
Gopalapatnam,530027,VISAKHAPATANAM,ANDHRA PRADESH,india
Nausenabagh,530005,VISAKHAPATANAM,ANDHRA PRADESH,india
Naval Base,530014,VISAKHAPATANAM,ANDHRA PRADESH,india
Simhachalam,530028,VISAKHAPATANAM,ANDHRA PRADESH,india
Visakhapatnam Steel Project,530031,VISAKHAPATANAM,ANDHRA PRADESH,india
Zinc Smelter P,530015,VISAKHAPATANAM,ANDHRA PRADESH,india
Bondapalli,535260,VIZIANAGARAM,ANDHRA PRADESH,india
Challapeta,535581,VIZIANAGARAM,ANDHRA PRADESH,india
Dasannapeta,535002,VIZIANAGARAM,ANDHRA PRADESH,india
Moida,535280,VIZIANAGARAM,ANDHRA PRADESH,india
Nellimarla,535217,VIZIANAGARAM,ANDHRA PRADESH,india
Pedamanapuram,535580,VIZIANAGARAM,ANDHRA PRADESH,india
S Kota,535145,VIZIANAGARAM,ANDHRA PRADESH,india
Vizianagaram Contonment,535003,VIZIANAGARAM,ANDHRA PRADESH,india
Adoni,518301,KURNOOL,ANDHRA PRADESH,india
Chandragiri,517101,Tirupati,ANDHRA PRADESH,india
Palakol,534260,WEST GODAVARI,ANDHRA PRADESH,india
Kavali,524201,SPSR NELLORE,ANDHRA PRADESH,india
Podili,523240,PRAKASAM,ANDHRA PRADESH,india
Vijayawada,520001,NTR,ANDHRA PRADESH,india
Amalapuram,533201,Konaseema,ANDHRA PRADESH,india
Samalkot,533440,Kakinada,ANDHRA PRADESH,india
Amadalavalasa,532185,SRIKAKULAM,ANDHRA PRADESH,india
Waltair R S,530004,VISAKHAPATANAM,ANDHRA PRADESH,india
Bommaganipalli,515763,ANANTAPUR,ANDHRA PRADESH,india
Garladinne,515731,ANANTAPUR,ANDHRA PRADESH,india
Kandukur,515721,ANANTAPUR,ANDHRA PRADESH,india
Narapla,515425,ANANTAPUR,ANDHRA PRADESH,india
Putlur,515414,ANANTAPUR,ANDHRA PRADESH,india
Syndicate Nagar,515006,ANANTAPUR,ANDHRA PRADESH,india
Gooty,515401,ANANTAPUR,ANDHRA PRADESH,india
Modinabad,515801,ANANTAPUR,ANDHRA PRADESH,india
Pedda Vadagur,515405,ANANTAPUR,ANDHRA PRADESH,india
Rayadurg,515865,ANANTAPUR,ANDHRA PRADESH,india
Timmanacharla,515801,ANANTAPUR,ANDHRA PRADESH,india
Udegolam,515867,ANANTAPUR,ANDHRA PRADESH,india
Uravakonda,515812,ANANTAPUR,ANDHRA PRADESH,india
Vajrakarur,515832,ANANTAPUR,ANDHRA PRADESH,india
Baireddipalle,517415,CHITTOOR,ANDHRA PRADESH,india
Ctr Court Buildings,517001,CHITTOOR,ANDHRA PRADESH,india
Ctr Market,517001,CHITTOOR,ANDHRA PRADESH,india
Kolamasanapalle,517432,CHITTOOR,ANDHRA PRADESH,india
Readspet,517001,CHITTOOR,ANDHRA PRADESH,india
Dravidian University,517426,CHITTOOR,ANDHRA PRADESH,india
Madanapalle Society Colony,517325,Annamayya,ANDHRA PRADESH,india
Punganur,517247,CHITTOOR,ANDHRA PRADESH,india
Rishivalley,517352,Annamayya,ANDHRA PRADESH,india
Balathimmayyagaripalli,516259,Y.S.R.,ANDHRA PRADESH,india
Chinnamandem,516214,Y.S.R.,ANDHRA PRADESH,india
Kandimallayapalli,516503,Y.S.R.,ANDHRA PRADESH,india
Lakkireddy Palli,516257,Y.S.R.,ANDHRA PRADESH,india
Maruti Nagar,516001,Y.S.R.,ANDHRA PRADESH,india
Porumamilla,516193,Y.S.R.,ANDHRA PRADESH,india
Ravindra Nagar,516003,Y.S.R.,ANDHRA PRADESH,india
Rayachoti,516269,Y.S.R.,ANDHRA PRADESH,india
RIMS,516002,Y.S.R.,ANDHRA PRADESH,india
Sanjeevi Nagar,516269,Y.S.R.,ANDHRA PRADESH,india
Shankarapuram,516002,Y.S.R.,ANDHRA PRADESH,india
Veeraballi,516268,Y.S.R.,ANDHRA PRADESH,india
Yogi Vemana University.,516005,Y.S.R.,ANDHRA PRADESH,india
Vontimitta,516213,Y.S.R.,ANDHRA PRADESH,india
Clock Tower Kadiri,515591,ANANTAPUR,ANDHRA PRADESH,india
Dharmavaram R.S,515672,Sri Sathya Sai,ANDHRA PRADESH,india
Gadanki,517112,CHITTOOR,ANDHRA PRADESH,india
Agraharam,517214,Annamayya,ANDHRA PRADESH,india
Ellamanda,517214,Tirupati,ANDHRA PRADESH,india
Mellacheruvu,517214,Annamayya,ANDHRA PRADESH,india
Talupula,517214,Annamayya,ANDHRA PRADESH,india
Peddamallela,517192,CHITTOOR,ANDHRA PRADESH,india
Amilepalle,517291,Annamayya,ANDHRA PRADESH,india
Diguvapalem,517291,Annamayya,ANDHRA PRADESH,india
Marripadu,517299,Annamayya,ANDHRA PRADESH,india
Muchivolu,517536,Tirupati,ANDHRA PRADESH,india
Alathur,517645,Tirupati,ANDHRA PRADESH,india
Karakollu,517645,Tirupati,ANDHRA PRADESH,india
Adavikothuru,517592,CHITTOOR,ANDHRA PRADESH,india
Mudipalle,517592,CHITTOOR,ANDHRA PRADESH,india
Damodaramaharajapuram,517582,CHITTOOR,ANDHRA PRADESH,india
Kavetipuram,517590,CHITTOOR,ANDHRA PRADESH,india
Thumbur,517581,Tirupati,ANDHRA PRADESH,india
Venkatakrishnapalem,517581,Tirupati,ANDHRA PRADESH,india
Padiri,517591,CHITTOOR,ANDHRA PRADESH,india
Inagalur,517620,Tirupati,ANDHRA PRADESH,india
Poli,517620,Tirupati,ANDHRA PRADESH,india
Thotambedu,517640,Tirupati,ANDHRA PRADESH,india
Kosalanagaram,517586,CHITTOOR,ANDHRA PRADESH,india
Ardhamalaputheri,517642,CHITTOOR,ANDHRA PRADESH,india
Bhavanisankarapuram,517642,CHITTOOR,ANDHRA PRADESH,india
Agaram,517587,CHITTOOR,ANDHRA PRADESH,india
Koppedu,517587,CHITTOOR,ANDHRA PRADESH,india
Sriramapuram,517587,CHITTOOR,ANDHRA PRADESH,india
Cherlopalle,517583,Tirupati,ANDHRA PRADESH,india
Surendranagaram,517583,CHITTOOR,ANDHRA PRADESH,india
Kothamarikuppam,517588,Tirupati,ANDHRA PRADESH,india
Narayanapuram,517571,Tirupati,ANDHRA PRADESH,india
Thimmarajukandriga,517571,Tirupati,ANDHRA PRADESH,india
Challapalem,517641,Tirupati,ANDHRA PRADESH,india
Pullareddikandriga,517641,Tirupati,ANDHRA PRADESH,india
Ramapuram,517641,Tirupati,ANDHRA PRADESH,india
Kancharapalem,517541,CHITTOOR,ANDHRA PRADESH,india
Tirumala Kuppam,517584,Tirupati,ANDHRA PRADESH,india
Panguru,517619,Tirupati,ANDHRA PRADESH,india
Thimmarajupalle,517561,Tirupati,ANDHRA PRADESH,india
Komaragunta,517569,CHITTOOR,ANDHRA PRADESH,india
Munagalapalem,517526,Tirupati,ANDHRA PRADESH,india
C.Gollapalle,517505,Tirupati,ANDHRA PRADESH,india
Thondavada,517505,Tirupati,ANDHRA PRADESH,india
Venkatapathy Nagar,517505,CHITTOOR,ANDHRA PRADESH,india
Athur,517520,Tirupati,ANDHRA PRADESH,india
Cotton Mills,517520,Tirupati,ANDHRA PRADESH,india
Kothapalem,517520,Tirupati,ANDHRA PRADESH,india
Kummarapalle,517520,Tirupati,ANDHRA PRADESH,india
Thandlam,517503,Tirupati,ANDHRA PRADESH,india
Kollaparru,534235,WEST GODAVARI,ANDHRA PRADESH,india
Deyyalatippa,534239,WEST GODAVARI,ANDHRA PRADESH,india
Tokatippa,534239,WEST GODAVARI,ANDHRA PRADESH,india
Dongapindi,534239,WEST GODAVARI,ANDHRA PRADESH,india
Nelapogula,534240,WEST GODAVARI,ANDHRA PRADESH,india
Panjavemavaram,534247,WEST GODAVARI,ANDHRA PRADESH,india
Tokalapudi,534247,WEST GODAVARI,ANDHRA PRADESH,india
Annavaram,534202,WEST GODAVARI,ANDHRA PRADESH,india
Gollalakoderu,534202,WEST GODAVARI,ANDHRA PRADESH,india
Pennada,534243,WEST GODAVARI,ANDHRA PRADESH,india
Matsyapuri,534207,WEST GODAVARI,ANDHRA PRADESH,india
Vempa,534207,WEST GODAVARI,ANDHRA PRADESH,india
Chilukuru,534199,WEST GODAVARI,ANDHRA PRADESH,india
Pedapulleru,534199,WEST GODAVARI,ANDHRA PRADESH,india
Vandram,534206,WEST GODAVARI,ANDHRA PRADESH,india
Tillapudi,534245,WEST GODAVARI,ANDHRA PRADESH,india
Prathalameraka,534236,WEST GODAVARI,ANDHRA PRADESH,india
Kaza,534268,WEST GODAVARI,ANDHRA PRADESH,india
Nelamuru,534126,WEST GODAVARI,ANDHRA PRADESH,india
Ayodhya Lanka,534266,WEST GODAVARI,ANDHRA PRADESH,india
Bhimala Puram,534266,WEST GODAVARI,ANDHRA PRADESH,india
Burugupalli,534266,WEST GODAVARI,ANDHRA PRADESH,india
Matla Palem,534266,WEST GODAVARI,ANDHRA PRADESH,india
Konteru,534268,WEST GODAVARI,ANDHRA PRADESH,india
Vaddiparru,534267,WEST GODAVARI,ANDHRA PRADESH,india
Appanna Cheruvu,534267,WEST GODAVARI,ANDHRA PRADESH,india
Chintaparru,534250,WEST GODAVARI,ANDHRA PRADESH,india
Serepalem,534281,WEST GODAVARI,ANDHRA PRADESH,india
Saripalli,534275,WEST GODAVARI,ANDHRA PRADESH,india
Miniminchilipadu,534327,WEST GODAVARI,ANDHRA PRADESH,india
Kummarapurugupalem,534280,WEST GODAVARI,ANDHRA PRADESH,india
Pasaladeevi,534280,WEST GODAVARI,ANDHRA PRADESH,india
Tirupathipuram,534225,WEST GODAVARI,ANDHRA PRADESH,india
K.Illindalaparru,534217,WEST GODAVARI,ANDHRA PRADESH,india
Kothapadu,534217,WEST GODAVARI,ANDHRA PRADESH,india
Annavarappadu,534330,WEST GODAVARI,ANDHRA PRADESH,india
Malleswaram,534330,WEST GODAVARI,ANDHRA PRADESH,india
Juttiga,534124,WEST GODAVARI,ANDHRA PRADESH,india
Kapavaram,534328,WEST GODAVARI,ANDHRA PRADESH,india
Gavarlapalem,534225,WEST GODAVARI,ANDHRA PRADESH,india
Varighedu,534225,WEST GODAVARI,ANDHRA PRADESH,india
Munamarru,534324,WEST GODAVARI,ANDHRA PRADESH,india
Chilakapadu,534216,WEST GODAVARI,ANDHRA PRADESH,india
Palangi,534216,WEST GODAVARI,ANDHRA PRADESH,india
Kuchimpudi,534435,Eluru,ANDHRA PRADESH,india
Chettunnapadu,534427,Eluru,ANDHRA PRADESH,india
Krothagudem,534427,Eluru,ANDHRA PRADESH,india
Dosapadu,534442,Eluru,ANDHRA PRADESH,india
Raju Peta,534437,Eluru,ANDHRA PRADESH,india
Ponangi,534002,Eluru,ANDHRA PRADESH,india
Bapirajugudem,534475,Eluru,ANDHRA PRADESH,india
Janampeta,534475,Eluru,ANDHRA PRADESH,india
Rayannapalem,534475,Eluru,ANDHRA PRADESH,india
Gopalapuram,534425,Eluru,ANDHRA PRADESH,india
Gunnampally,534425,Eluru,ANDHRA PRADESH,india
Kommugudem,534448,Eluru,ANDHRA PRADESH,india
Regulakunta,534448,Eluru,ANDHRA PRADESH,india
Vippalapadu,534448,Eluru,ANDHRA PRADESH,india
Chinanindrakolanu,534406,Eluru,ANDHRA PRADESH,india
Thokalapally,534406,Eluru,ANDHRA PRADESH,india
Lingagudem,534460,Eluru,ANDHRA PRADESH,india
Raghavapuram,534460,Eluru,ANDHRA PRADESH,india
Rallakunta,534426,Eluru,ANDHRA PRADESH,india
Tadicherla,534426,Eluru,ANDHRA PRADESH,india
Chinnavarigudem,534455,Eluru,ANDHRA PRADESH,india
Jonnavarigudem,534455,Eluru,ANDHRA PRADESH,india
Mulagalampally,534455,Eluru,ANDHRA PRADESH,india
Veerannapalem,534455,Eluru,ANDHRA PRADESH,india
A.Gokavaram,534416,WEST GODAVARI,ANDHRA PRADESH,india
Merakagudem,534311,Eluru,ANDHRA PRADESH,india
Rajanagaram,534311,Eluru,ANDHRA PRADESH,india
Ramannapalem,534311,Eluru,ANDHRA PRADESH,india
Jagannadhapuram,534475,Eluru,ANDHRA PRADESH,india
Saripalli,534312,Eluru,ANDHRA PRADESH,india
Yerrampeta,534312,Eluru,ANDHRA PRADESH,india
Borrampalem,534451,Eluru,ANDHRA PRADESH,india
I.S.Raghavapuram,534451,Eluru,ANDHRA PRADESH,india
Ravikampadu,534451,Eluru,ANDHRA PRADESH,india
Amberpeta,534401,Eluru,ANDHRA PRADESH,india
Kallacheruvu,534452,Eluru,ANDHRA PRADESH,india
ARVAIPALLE,534444,Eluru,ANDHRA PRADESH,india
Cherukumilli,521324,KRISHNA,ANDHRA PRADESH,india
Malleswaram,521324,KRISHNA,ANDHRA PRADESH,india
Matlam,521320,KRISHNA,ANDHRA PRADESH,india
Neelipudi,521320,KRISHNA,ANDHRA PRADESH,india
Pendurru,521324,KRISHNA,ANDHRA PRADESH,india
Chinaparupudi,521148,KRISHNA,ANDHRA PRADESH,india
Chinayerukapadu,521322,KRISHNA,ANDHRA PRADESH,india
Billapadu,521322,KRISHNA,ANDHRA PRADESH,india
Kudaravalli,521321,KRISHNA,ANDHRA PRADESH,india
Pedavirivada,521321,KRISHNA,ANDHRA PRADESH,india
Chavalipadu,521333,Eluru,ANDHRA PRADESH,india
Tadinada,521333,Eluru,ANDHRA PRADESH,india
Vinjaram,521333,Eluru,ANDHRA PRADESH,india
Mulaupparagudem,521344,Eluru,ANDHRA PRADESH,india
Pedalanka,521344,Eluru,ANDHRA PRADESH,india
Pothumarru,521344,Eluru,ANDHRA PRADESH,india
Venkatapuram,521344,Eluru,ANDHRA PRADESH,india
Sanarudravaram,521343,Eluru,ANDHRA PRADESH,india
Bhyravapatnam,521345,Eluru,ANDHRA PRADESH,india
Korlapadu,521345,Eluru,ANDHRA PRADESH,india
Dondapadu,521323,KRISHNA,ANDHRA PRADESH,india
Serigolvepalli,521323,KRISHNA,ANDHRA PRADESH,india
Chinapalaparru,521325,Eluru,ANDHRA PRADESH,india
Koduru,521325,Eluru,ANDHRA PRADESH,india
Komarru,521325,Eluru,ANDHRA PRADESH,india
Sankarshanapuram,521325,Eluru,ANDHRA PRADESH,india
Vinnakota,521325,KRISHNA,ANDHRA PRADESH,india
Bollapadu,521261,KRISHNA,ANDHRA PRADESH,india
Penchikalamarru,521340,Eluru,ANDHRA PRADESH,india
Utukuru,521329,Eluru,ANDHRA PRADESH,india
Lingavaram,521327,KRISHNA,ANDHRA PRADESH,india
Vanapumala,521263,KRISHNA,ANDHRA PRADESH,india
Boruvancha,521202,Eluru,ANDHRA PRADESH,india
Mallavalli,521111,KRISHNA,ANDHRA PRADESH,india
Mirzapuram,521111,Eluru,ANDHRA PRADESH,india
Bommuluru,521105,KRISHNA,ANDHRA PRADESH,india
Madicherla,521105,KRISHNA,ANDHRA PRADESH,india
Nandamuru,521311,Eluru,ANDHRA PRADESH,india
Pedalingala,521106,KRISHNA,ANDHRA PRADESH,india
Ellapuram,521207,Eluru,ANDHRA PRADESH,india
Korlagunta,521207,Eluru,ANDHRA PRADESH,india
Gullapudi,521213,Eluru,ANDHRA PRADESH,india
Somavaram,521213,Eluru,ANDHRA PRADESH,india
Pothanapalli,521214,Eluru,ANDHRA PRADESH,india
Veldipadu,521312,Eluru,ANDHRA PRADESH,india
Arlapadu,521403,NTR,ANDHRA PRADESH,india
Mallela,509132,KRISHNA,ANDHRA PRADESH,india
Vavilala,521235,KRISHNA,ANDHRA PRADESH,india
Rangannagudem,521110,KRISHNA,ANDHRA PRADESH,india
Umamaheswarapuram,521110,KRISHNA,ANDHRA PRADESH,india
Balayapalli,524404,Tirupati,ANDHRA PRADESH,india
Chejerla Kandriga,524341,SPSR NELLORE,ANDHRA PRADESH,india
Perumallapadu,524341,SPSR NELLORE,ANDHRA PRADESH,india
Kandali,524406,Tirupati,ANDHRA PRADESH,india
Palicherlavaripalem,524412,Tirupati,ANDHRA PRADESH,india
Tikkavaram,524412,Tirupati,ANDHRA PRADESH,india
Udathavaripalem,524412,Tirupati,ANDHRA PRADESH,india
Kollapanayunipalli,524342,SPSR NELLORE,ANDHRA PRADESH,india
Lingasamudram,524134,Tirupati,ANDHRA PRADESH,india
Vembuluru,524134,Tirupati,ANDHRA PRADESH,india
Penubarthi,524414,SPSR NELLORE,ANDHRA PRADESH,india
Thumaya,524414,SPSR NELLORE,ANDHRA PRADESH,india
Kamakur,524131,SPSR NELLORE,ANDHRA PRADESH,india
Budanam,524410,Tirupati,ANDHRA PRADESH,india
Mittatmakur,524409,Tirupati,ANDHRA PRADESH,india
Nookanapalli,524343,SPSR NELLORE,ANDHRA PRADESH,india
Telugurayapuram,524343,SPSR NELLORE,ANDHRA PRADESH,india
Virubhotlapalli,524343,SPSR NELLORE,ANDHRA PRADESH,india
Siddavaram,524411,Tirupati,ANDHRA PRADESH,india
Doravarisatram,524123,Tirupati,ANDHRA PRADESH,india
Nidigurthi,524403,Tirupati,ANDHRA PRADESH,india
Yellore,524403,Tirupati,ANDHRA PRADESH,india
Kattuvapalli,524405,SPSR NELLORE,ANDHRA PRADESH,india
Kuricherlapadu,524405,SPSR NELLORE,ANDHRA PRADESH,india
Thimmajikandriga,524421,Tirupati,ANDHRA PRADESH,india
Thummur,524126,SPSR NELLORE,ANDHRA PRADESH,india
Doruvulapalem,524323,SPSR NELLORE,ANDHRA PRADESH,india
Gudluruvaripalem,524323,SPSR NELLORE,ANDHRA PRADESH,india
Iskapalem,524323,SPSR NELLORE,ANDHRA PRADESH,india
Tirumalammapalem,524323,SPSR NELLORE,ANDHRA PRADESH,india
Chatagotla,524345,SPSR NELLORE,ANDHRA PRADESH,india
Vepinapi,524408,SPSR NELLORE,ANDHRA PRADESH,india
Phase II,524124,Tirupati,ANDHRA PRADESH,india
Venadu,524124,Tirupati,ANDHRA PRADESH,india
Damanellore,524121,Tirupati,ANDHRA PRADESH,india
Mambathi,524121,Tirupati,ANDHRA PRADESH,india
Manganellore,524121,Tirupati,ANDHRA PRADESH,india
Uchur,524121,Tirupati,ANDHRA PRADESH,india
Idimepalli,524321,SPSR NELLORE,ANDHRA PRADESH,india
Pudiparthi,524321,SPSR NELLORE,ANDHRA PRADESH,india
Daggavolu,524407,SPSR NELLORE,ANDHRA PRADESH,india
Lingasamudram,524407,SPSR NELLORE,ANDHRA PRADESH,india
Perumallapadu,524407,SPSR NELLORE,ANDHRA PRADESH,india
Nellipudi,524415,Tirupati,ANDHRA PRADESH,india
Tikkavarapadu,524320,SPSR NELLORE,ANDHRA PRADESH,india
Lalapeta,524132,Tirupati,ANDHRA PRADESH,india
Paravolu,524132,Tirupati,ANDHRA PRADESH,india
Petlur,524132,Tirupati,ANDHRA PRADESH,india
Vallivedu,524132,Tirupati,ANDHRA PRADESH,india
Mamudur,524309,SPSR NELLORE,ANDHRA PRADESH,india
Vellanti,524309,SPSR NELLORE,ANDHRA PRADESH,india
Bhatlakanupur,524402,SPSR NELLORE,ANDHRA PRADESH,india
Karaballavolu,524402,SPSR NELLORE,ANDHRA PRADESH,india
Chittamur,524127,Tirupati,ANDHRA PRADESH,india
Gottirprolu,524127,Tirupati,ANDHRA PRADESH,india
Gogulamudi,522015,GUNTUR,ANDHRA PRADESH,india
Vinjanampadu,522017,GUNTUR,ANDHRA PRADESH,india
Kondapaturu,522112,GUNTUR,ANDHRA PRADESH,india
Pedapalem,522112,GUNTUR,ANDHRA PRADESH,india
Palaparru,522235,GUNTUR,ANDHRA PRADESH,india
Kondepadu,522019,GUNTUR,ANDHRA PRADESH,india
Tikkireddyvaripalem,522019,GUNTUR,ANDHRA PRADESH,india
Karlapudi,522016,Palnadu,ANDHRA PRADESH,india
Mothadaka,522016,GUNTUR,ANDHRA PRADESH,india
Narukullapadu,522016,Palnadu,ANDHRA PRADESH,india
Kaza,522016,GUNTUR,ANDHRA PRADESH,india
Pedakonduru,522305,GUNTUR,ANDHRA PRADESH,india
Srungarapuram,522305,GUNTUR,ANDHRA PRADESH,india
Veerlapalem,522305,GUNTUR,ANDHRA PRADESH,india
Revendrapadu,522302,GUNTUR,ANDHRA PRADESH,india
Kolanukonda,522302,GUNTUR,ANDHRA PRADESH,india
K.L.University,522302,GUNTUR,ANDHRA PRADESH,india
Prathuru,522501,GUNTUR,ANDHRA PRADESH,india
Pedaparimi,522236,GUNTUR,ANDHRA PRADESH,india
Madhavaram,534444,Eluru,ANDHRA PRADESH,india
Upperu,534444,Eluru,ANDHRA PRADESH,india
Vinjaram,534444,Eluru,ANDHRA PRADESH,india
Chidumuru,533347,EAST GODAVARI,ANDHRA PRADESH,india
Godlagudem,533347,EAST GODAVARI,ANDHRA PRADESH,india
Kolturu,533347,EAST GODAVARI,ANDHRA PRADESH,india
Kommuru,533347,EAST GODAVARI,ANDHRA PRADESH,india
Laxmipuram,533352,EAST GODAVARI,ANDHRA PRADESH,india
Mukunuru,533347,EAST GODAVARI,ANDHRA PRADESH,india
Stafordpeta,533347,Alluri Sitharama Raju,ANDHRA PRADESH,india
KANNAIGUDEM.,533352,EAST GODAVARI,ANDHRA PRADESH,india
REGULAPADU.,533347,EAST GODAVARI,ANDHRA PRADESH,india
Chintalagudem,533352,EAST GODAVARI,ANDHRA PRADESH,india
Gannavaram,533351,Alluri Sitharama Raju,ANDHRA PRADESH,india
Gannerugoyyapadu,533351,Alluri Sitharama Raju,ANDHRA PRADESH,india
Tekubaka,533351,Alluri Sitharama Raju,ANDHRA PRADESH,india
Chintaregupalli,533349,Alluri Sitharama Raju,ANDHRA PRADESH,india
Nadakuduru,521126,KRISHNA,ANDHRA PRADESH,india
Pagolu,521126,KRISHNA,ANDHRA PRADESH,india
Yarlagadda,521126,KRISHNA,ANDHRA PRADESH,india
Bandlaicheruvu,521122,KRISHNA,ANDHRA PRADESH,india
Kothapet,521122,KRISHNA,ANDHRA PRADESH,india
Viswanadhapalli,521122,KRISHNA,ANDHRA PRADESH,india
Devarakota,521133,KRISHNA,ANDHRA PRADESH,india
Chittiguduru,521149,KRISHNA,ANDHRA PRADESH,india
Eddanapudi,521136,KRISHNA,ANDHRA PRADESH,india
Pedamuttevi,521136,KRISHNA,ANDHRA PRADESH,india
Kosuru,521150,KRISHNA,ANDHRA PRADESH,india
Chinakallepalli,521132,KRISHNA,ANDHRA PRADESH,india
Papanasanam,521132,KRISHNA,ANDHRA PRADESH,india
Divigollapalem,521328,KRISHNA,ANDHRA PRADESH,india
Bhogireddipalli,521131,KRISHNA,ANDHRA PRADESH,india
Majeru,521131,KRISHNA,ANDHRA PRADESH,india
Mangalapuram,521131,KRISHNA,ANDHRA PRADESH,india
Tarakaturu,521156,KRISHNA,ANDHRA PRADESH,india
Daggumilli,521157,KRISHNA,ANDHRA PRADESH,india
Jujjuvaram,521157,KRISHNA,ANDHRA PRADESH,india
Perisepalli,521157,KRISHNA,ANDHRA PRADESH,india
Rimmanapudi,521157,KRISHNA,ANDHRA PRADESH,india
Uruturu,521157,KRISHNA,ANDHRA PRADESH,india
Bhatlapenumarru,521138,KRISHNA,ANDHRA PRADESH,india
Tallapalem,521002,KRISHNA,ANDHRA PRADESH,india
Chinnapuram,521003,KRISHNA,ANDHRA PRADESH,india
Gilakaladindi,521003,KRISHNA,ANDHRA PRADESH,india
Mpm Fort,521003,KRISHNA,ANDHRA PRADESH,india
Pedayadara,521003,KRISHNA,ANDHRA PRADESH,india
Pesaramilli,521332,KRISHNA,ANDHRA PRADESH,india
Daggumailli,521356,KRISHNA,ANDHRA PRADESH,india
Mamidikolla,521356,KRISHNA,ANDHRA PRADESH,india
Penjendra,521356,KRISHNA,ANDHRA PRADESH,india
Vemavaram,521331,KRISHNA,ANDHRA PRADESH,india
Jinjeru,521369,KRISHNA,ANDHRA PRADESH,india
Kakarlamudi,521369,KRISHNA,ANDHRA PRADESH,india
Nandamuru,521369,KRISHNA,ANDHRA PRADESH,india
Nandigama,521366,KRISHNA,ANDHRA PRADESH,india
Chintalacheruvu,522659,Palnadu,ANDHRA PRADESH,india
Mukkellapadu,522659,Palnadu,ANDHRA PRADESH,india
Domalagundam,522663,Palnadu,ANDHRA PRADESH,india
Mugachintalapalem,522663,Palnadu,ANDHRA PRADESH,india
Remidicherla,522663,Palnadu,ANDHRA PRADESH,india
Maddirala,522616,Palnadu,ANDHRA PRADESH,india
Purushothapatnam,522616,Palnadu,ANDHRA PRADESH,india
Kolagutla,522612,Palnadu,ANDHRA PRADESH,india
Mutukuru,522612,Palnadu,ANDHRA PRADESH,india
Polepalle,522612,Palnadu,ANDHRA PRADESH,india
TERALA,522612,Palnadu,ANDHRA PRADESH,india
RAJANAGAR,522612,Palnadu,ANDHRA PRADESH,india
Jaladi,522233,Palnadu,ANDHRA PRADESH,india
Bommarajupalle,522658,Palnadu,ANDHRA PRADESH,india
Chittapuram,522658,Palnadu,ANDHRA PRADESH,india
Kondayapalem,522658,Palnadu,ANDHRA PRADESH,india
Chinakodamagundla,522614,Palnadu,ANDHRA PRADESH,india
Garikapadu,522614,Palnadu,ANDHRA PRADESH,india
Marripalem,522614,Palnadu,ANDHRA PRADESH,india
Pedakodamagundla,522614,Palnadu,ANDHRA PRADESH,india
PAMIDIPADU,522614,Palnadu,ANDHRA PRADESH,india
Appapuram,522611,Palnadu,ANDHRA PRADESH,india
Inumella,522661,Palnadu,ANDHRA PRADESH,india
Solasa,522234,Palnadu,ANDHRA PRADESH,india
Chejerla,522615,Palnadu,ANDHRA PRADESH,india
Inumetla,522615,Palnadu,ANDHRA PRADESH,india
Uppalapadu,522615,Palnadu,ANDHRA PRADESH,india
Vipparla,522615,Palnadu,ANDHRA PRADESH,india
EDWARDPET,522615,Palnadu,ANDHRA PRADESH,india
Reddipalem,522660,Palnadu,ANDHRA PRADESH,india
Talarlapalle,522660,Palnadu,ANDHRA PRADESH,india
Chinakancherla,522649,Palnadu,ANDHRA PRADESH,india
Enugupalem,522649,Palnadu,ANDHRA PRADESH,india
Ameenabad,522529,GUNTUR,ANDHRA PRADESH,india
Nudurupadu,522529,GUNTUR,ANDHRA PRADESH,india
Singhiskhanpet,522529,Palnadu,ANDHRA PRADESH,india
Palapadu,522603,Palnadu,ANDHRA PRADESH,india
Rupenagunta,522603,Palnadu,ANDHRA PRADESH,india
Ikkurru,522603,Palnadu,ANDHRA PRADESH,india
Kakani,522603,Palnadu,ANDHRA PRADESH,india
Mulakaluru,522603,Palnadu,ANDHRA PRADESH,india
Gogulapadu,522617,Palnadu,ANDHRA PRADESH,india
Ramireddipalem,522617,Palnadu,ANDHRA PRADESH,india
ATCHAIAHPALEM,522617,Palnadu,ANDHRA PRADESH,india
Gorizavole,522549,Palnadu,ANDHRA PRADESH,india
Gundalapadu,522549,GUNTUR,ANDHRA PRADESH,india
Ponugupadu,522549,GUNTUR,ANDHRA PRADESH,india
Potluru,522646,Palnadu,ANDHRA PRADESH,india
Kandrika,522657,Palnadu,ANDHRA PRADESH,india
Perurupadu,522657,Palnadu,ANDHRA PRADESH,india
Vaddemgunta,522657,Palnadu,ANDHRA PRADESH,india
Andugula Kothapalem,522647,Palnadu,ANDHRA PRADESH,india
Brahmanapalle,522647,Palnadu,ANDHRA PRADESH,india
Cheekateegalapalem,522647,Palnadu,ANDHRA PRADESH,india
Tellabadu,522647,Palnadu,ANDHRA PRADESH,india
Thimmayapalem,522647,Palnadu,ANDHRA PRADESH,india
Vupparapalem,522647,Palnadu,ANDHRA PRADESH,india
Challagariga,522409,Palnadu,ANDHRA PRADESH,india
NEELESWARAPALEM,522409,Palnadu,ANDHRA PRADESH,india
Chandrajupalem,522411,Palnadu,ANDHRA PRADESH,india
Emmajigudem,522411,Palnadu,ANDHRA PRADESH,india
Papayapalem,522411,Palnadu,ANDHRA PRADESH,india
Venkatayapalem,522411,Palnadu,ANDHRA PRADESH,india
China Garlapadu,522437,Palnadu,ANDHRA PRADESH,india
Chinaagraharam,522437,Palnadu,ANDHRA PRADESH,india
Karalapadu,522437,Palnadu,ANDHRA PRADESH,india
Gamalapadu,522414,Palnadu,ANDHRA PRADESH,india
Madinapadu,522414,Palnadu,ANDHRA PRADESH,india
Daida,522415,Palnadu,ANDHRA PRADESH,india
Gottimukkala,522415,Palnadu,ANDHRA PRADESH,india
Miriyala,522415,Palnadu,ANDHRA PRADESH,india
Pallegunta,522415,Palnadu,ANDHRA PRADESH,india
Pulipadu,522415,Palnadu,ANDHRA PRADESH,india
Dodleru,522410,Palnadu,ANDHRA PRADESH,india
Kastala,522410,Palnadu,ANDHRA PRADESH,india
Pakalapadu,522410,Palnadu,ANDHRA PRADESH,india
Pakalapadu,531118,VISAKHAPATANAM,ANDHRA PRADESH,india
GORANTLA,522410,Palnadu,ANDHRA PRADESH,india
Koppunuru,522426,Palnadu,ANDHRA PRADESH,india
Komerapudi,522438,Palnadu,ANDHRA PRADESH,india
Takkellapadu,522438,GUNTUR,ANDHRA PRADESH,india
Paludevarlapadu,522408,Palnadu,ANDHRA PRADESH,india
Rudravaram,522408,Palnadu,ANDHRA PRADESH,india
Jalalapuram,522436,Palnadu,ANDHRA PRADESH,india
Kambhampadu,522436,Palnadu,ANDHRA PRADESH,india
ABBARAJUPALEM,522436,Palnadu,ANDHRA PRADESH,india
Kattamuru,522402,Palnadu,ANDHRA PRADESH,india
Munugodu,522402,Palnadu,ANDHRA PRADESH,india
Patibandla,522402,Palnadu,ANDHRA PRADESH,india
Pedamakkena,522402,Palnadu,ANDHRA PRADESH,india
Panidem,522402,Palnadu,ANDHRA PRADESH,india
Kotanemalipuri,522413,Palnadu,ANDHRA PRADESH,india
Dhulipalla,522412,Palnadu,ANDHRA PRADESH,india
Nagavaram,522412,Palnadu,ANDHRA PRADESH,india
MALLAVARAM,522421,Palnadu,ANDHRA PRADESH,india
Paladugu,522401,GUNTUR,ANDHRA PRADESH,india
PODAPADU,522401,GUNTUR,ANDHRA PRADESH,india
Kothapullareddipuram,522613,Palnadu,ANDHRA PRADESH,india
Latchambhavi,522613,Palnadu,ANDHRA PRADESH,india
Mondidinnepalem,524203,SPSR NELLORE,ANDHRA PRADESH,india
Thummalapenta,524203,SPSR NELLORE,ANDHRA PRADESH,india
Gowravaram-B,524142,SPSR NELLORE,ANDHRA PRADESH,india
Ganeswarapuram,524221,SPSR NELLORE,ANDHRA PRADESH,india
Vellupodu,524240,SPSR NELLORE,ANDHRA PRADESH,india
Rachavaripalli,524222,SPSR NELLORE,ANDHRA PRADESH,india
Somalaregada,524222,SPSR NELLORE,ANDHRA PRADESH,india
Tsoudepalli,524236,SPSR NELLORE,ANDHRA PRADESH,india
Guvvadi,524236,SPSR NELLORE,ANDHRA PRADESH,india
Chalamcherla,524223,SPSR NELLORE,ANDHRA PRADESH,india
Dubagunta-K,524239,SPSR NELLORE,ANDHRA PRADESH,india
Nekunampeta,524239,SPSR NELLORE,ANDHRA PRADESH,india
Thoorpupalem,524239,SPSR NELLORE,ANDHRA PRADESH,india
Krishnapuram,524230,SPSR NELLORE,ANDHRA PRADESH,india
Yepilagunta,524230,SPSR NELLORE,ANDHRA PRADESH,india
Chinna Nagampalli,524310,SPSR NELLORE,ANDHRA PRADESH,india
Gudladona,524225,SPSR NELLORE,ANDHRA PRADESH,india
Jaladevi,524227,SPSR NELLORE,ANDHRA PRADESH,india
Thimmareddypalli,524227,SPSR NELLORE,ANDHRA PRADESH,india
Gundemadakala,524228,SPSR NELLORE,ANDHRA PRADESH,india
Utukur-VJ,524228,SPSR NELLORE,ANDHRA PRADESH,india
Dubagunta,523109,PRAKASAM,ANDHRA PRADESH,india
North Amaluru,524315,SPSR NELLORE,ANDHRA PRADESH,india
Talamanchi,524315,SPSR NELLORE,ANDHRA PRADESH,india
Gowravaram-A,524302,SPSR NELLORE,ANDHRA PRADESH,india
Mangupalli,524302,SPSR NELLORE,ANDHRA PRADESH,india
Ponguru,524302,SPSR NELLORE,ANDHRA PRADESH,india
Buja Buja Nellore,524004,SPSR NELLORE,ANDHRA PRADESH,india
Pottepalem,524004,SPSR NELLORE,ANDHRA PRADESH,india
Venkataraopalli,524322,SPSR NELLORE,ANDHRA PRADESH,india
Penubarthi,524346,SPSR NELLORE,ANDHRA PRADESH,india
Kattubadipalem,524305,SPSR NELLORE,ANDHRA PRADESH,india
Bhaktavatsalanagar,524003,SPSR NELLORE,ANDHRA PRADESH,india
Gundlapalem,524003,SPSR NELLORE,ANDHRA PRADESH,india
Kanuparthipadu,524003,SPSR NELLORE,ANDHRA PRADESH,india
Vangallu,524306,SPSR NELLORE,ANDHRA PRADESH,india
Kakarlapadu,524234,SPSR NELLORE,ANDHRA PRADESH,india
Pathanapuram,524234,SPSR NELLORE,ANDHRA PRADESH,india
Narayanareddypeta,524314,SPSR NELLORE,ANDHRA PRADESH,india
Basavarajupalem,524307,SPSR NELLORE,ANDHRA PRADESH,india
Ramaswamypalli,524307,SPSR NELLORE,ANDHRA PRADESH,india
Vennavada,524307,SPSR NELLORE,ANDHRA PRADESH,india
Padmanabhasatram,524316,SPSR NELLORE,ANDHRA PRADESH,india
Cherlopalem,524137,SPSR NELLORE,ANDHRA PRADESH,india
Leguntapadu,524137,SPSR NELLORE,ANDHRA PRADESH,india
Vegur,524137,SPSR NELLORE,ANDHRA PRADESH,india
Tikkavaram,524312,SPSR NELLORE,ANDHRA PRADESH,india
Bheemavaram,524312,SPSR NELLORE,ANDHRA PRADESH,india
Irlapadu,524312,SPSR NELLORE,ANDHRA PRADESH,india
Vallur,524344,SPSR NELLORE,ANDHRA PRADESH,india
Narasapuram,524313,SPSR NELLORE,ANDHRA PRADESH,india
Nidi Musali,524313,SPSR NELLORE,ANDHRA PRADESH,india
Korimerla,524308,SPSR NELLORE,ANDHRA PRADESH,india
Srikolanu,524308,SPSR NELLORE,ANDHRA PRADESH,india
Chinacherukuru,524002,SPSR NELLORE,ANDHRA PRADESH,india
Dampur,524318,SPSR NELLORE,ANDHRA PRADESH,india
Parlapalli,524318,SPSR NELLORE,ANDHRA PRADESH,india
Utukur-VD,524318,SPSR NELLORE,ANDHRA PRADESH,india
Inagallu,523171,Bapatla,ANDHRA PRADESH,india
Timmarajupalem,523171,Bapatla,ANDHRA PRADESH,india
Naidu Vari Palem,523167,Bapatla,ANDHRA PRADESH,india
Gandhinagar,523165,Bapatla,ANDHRA PRADESH,india
Chinagumpalle,523181,Bapatla,ANDHRA PRADESH,india
Nuthalapadu,523169,Bapatla,ANDHRA PRADESH,india
Pothukatla,523169,Bapatla,ANDHRA PRADESH,india
Budavada,523169,Bapatla,ANDHRA PRADESH,india
Yerramvaripalem,523169,Bapatla,ANDHRA PRADESH,india
Ramanayyapalem,523169,Bapatla,ANDHRA PRADESH,india
Burlavaripalem,523157,Bapatla,ANDHRA PRADESH,india
Kurthula,523157,Bapatla,ANDHRA PRADESH,india
Audipudi,523170,Bapatla,ANDHRA PRADESH,india
Chimidithapadu,523281,PRAKASAM,ANDHRA PRADESH,india
Jallapalem,523271,PRAKASAM,ANDHRA PRADESH,india
Tangella,523271,PRAKASAM,ANDHRA PRADESH,india
Uppaledinne,523271,PRAKASAM,ANDHRA PRADESH,india
Ramayyapalem,523270,PRAKASAM,ANDHRA PRADESH,india
Cherukur,523109,PRAKASAM,ANDHRA PRADESH,india
Malepadu,523109,PRAKASAM,ANDHRA PRADESH,india
Edlurapadu,523109,PRAKASAM,ANDHRA PRADESH,india
Ravuru,523291,PRAKASAM,ANDHRA PRADESH,india
Kalikavayabitragunta,523101,PRAKASAM,ANDHRA PRADESH,india
Ananandapuram,523101,PRAKASAM,ANDHRA PRADESH,india
Devagudur,523274,PRAKASAM,ANDHRA PRADESH,india
Kakuturivaripalem,523274,PRAKASAM,ANDHRA PRADESH,india
Chagallu,523292,PRAKASAM,ANDHRA PRADESH,india
Karedu,523292,PRAKASAM,ANDHRA PRADESH,india
Krishnapuram,523292,PRAKASAM,ANDHRA PRADESH,india
Mannetikota,523292,PRAKASAM,ANDHRA PRADESH,india
M.Nidamanur,523279,PRAKASAM,ANDHRA PRADESH,india
Vennuru,523279,PRAKASAM,ANDHRA PRADESH,india
Kondasamudram,523116,PRAKASAM,ANDHRA PRADESH,india
Polinenicheruvu,523116,PRAKASAM,ANDHRA PRADESH,india
Konizedu,523272,PRAKASAM,ANDHRA PRADESH,india
Mallavarappadu,523272,PRAKASAM,ANDHRA PRADESH,india
Marlapadu,523272,PRAKASAM,ANDHRA PRADESH,india
Savireddi Palem,523272,PRAKASAM,ANDHRA PRADESH,india
Guntupalli,523110,PRAKASAM,ANDHRA PRADESH,india
Lakshminarasapuram,523110,PRAKASAM,ANDHRA PRADESH,india
Arivemula,523112,PRAKASAM,ANDHRA PRADESH,india
Thurupuchavatapalem,523247,PRAKASAM,ANDHRA PRADESH,india
Perareddipalli,523246,PRAKASAM,ANDHRA PRADESH,india
Batchalakurapadu,523246,PRAKASAM,ANDHRA PRADESH,india
Nagampalli,523246,PRAKASAM,ANDHRA PRADESH,india
Naidupet,523246,PRAKASAM,ANDHRA PRADESH,india
Seetharampuram,523227,PRAKASAM,ANDHRA PRADESH,india
Nagarajukunta,523241,PRAKASAM,ANDHRA PRADESH,india
Siddavaram,523241,PRAKASAM,ANDHRA PRADESH,india
Vaddimadugu,523241,PRAKASAM,ANDHRA PRADESH,india
Veligandla,523241,PRAKASAM,ANDHRA PRADESH,india
Nayudupalem,504215,PRAKASAM,ANDHRA PRADESH,india
Alavalapadu,523304,PRAKASAM,ANDHRA PRADESH,india
Bandiveli Gandla,523304,PRAKASAM,ANDHRA PRADESH,india
Kalluru,523304,PRAKASAM,ANDHRA PRADESH,india
Namasivayapuram,523304,PRAKASAM,ANDHRA PRADESH,india
West Veerayapalem,523304,PRAKASAM,ANDHRA PRADESH,india
Ballavaram,523223,PRAKASAM,ANDHRA PRADESH,india
Gollaplli,523223,PRAKASAM,ANDHRA PRADESH,india
Pasupugallu,523265,PRAKASAM,ANDHRA PRADESH,india
Neredupalli,523111,PRAKASAM,ANDHRA PRADESH,india
Talluru,523111,PRAKASAM,ANDHRA PRADESH,india
Dubagunta,523108,PRAKASAM,ANDHRA PRADESH,india
Naddimallapuram,523108,PRAKASAM,ANDHRA PRADESH,india
Gundlasamudram,523253,PRAKASAM,ANDHRA PRADESH,india
Ramulaveedu,523247,PRAKASAM,ANDHRA PRADESH,india
Madalavaripalem,523245,PRAKASAM,ANDHRA PRADESH,india
Bellamkondavaripalem,523252,PRAKASAM,ANDHRA PRADESH,india
East Veerayapalem,523252,PRAKASAM,ANDHRA PRADESH,india
Annavaram,523253,PRAKASAM,ANDHRA PRADESH,india
Chimata,523253,PRAKASAM,ANDHRA PRADESH,india
Kakarla,523253,PRAKASAM,ANDHRA PRADESH,india
Panduvanagulavaram,523224,PRAKASAM,ANDHRA PRADESH,india
Purimetla,523265,PRAKASAM,ANDHRA PRADESH,india
Velamuripadu,506003,Bapatla,ANDHRA PRADESH,india
Vemparala,523201,Bapatla,ANDHRA PRADESH,india
Kalavakur,523201,Bapatla,ANDHRA PRADESH,india
Kotikalapudi,523201,Bapatla,ANDHRA PRADESH,india
Mailavaram,523201,Bapatla,ANDHRA PRADESH,india
Chinaravipadu,523226,PRAKASAM,ANDHRA PRADESH,india
Rajupalem,523280,PRAKASAM,ANDHRA PRADESH,india
Dasarajupalli,523182,PRAKASAM,ANDHRA PRADESH,india
Chennupalli,523303,Bapatla,ANDHRA PRADESH,india
Elchuru,523303,Bapatla,ANDHRA PRADESH,india
Pitchikalagudipadu,523212,Bapatla,ANDHRA PRADESH,india
Nelaturu,523211,PRAKASAM,ANDHRA PRADESH,india
Guntupalli,523301,Bapatla,ANDHRA PRADESH,india
Uppumagulur,523301,Bapatla,ANDHRA PRADESH,india
Rajugaripalem,523301,Bapatla,ANDHRA PRADESH,india
Kondamuru,523261,Bapatla,ANDHRA PRADESH,india
Prasangulapadu,523183,Bapatla,ANDHRA PRADESH,india
Vellalacheruvu,523302,Bapatla,ANDHRA PRADESH,india
Gummalampadu,523225,PRAKASAM,ANDHRA PRADESH,india
Mainampadu,523225,PRAKASAM,ANDHRA PRADESH,india
Y.Laxmipuram,523225,PRAKASAM,ANDHRA PRADESH,india
Eastgangavaram,523264,PRAKASAM,ANDHRA PRADESH,india
Korrapativaripalem,523264,PRAKASAM,ANDHRA PRADESH,india
Madhavaram,523264,PRAKASAM,ANDHRA PRADESH,india
Dhenuvakonda,523263,Bapatla,ANDHRA PRADESH,india
Nekunambadu,523263,PRAKASAM,ANDHRA PRADESH,india
Manduvavaripalem,523262,PRAKASAM,ANDHRA PRADESH,india
Chimmiribanda,523260,Bapatla,ANDHRA PRADESH,india
Konanki,523260,Bapatla,ANDHRA PRADESH,india
Pedjangalapalli,523260,Bapatla,ANDHRA PRADESH,india
Dharmavaram,523260,Bapatla,ANDHRA PRADESH,india
Ramannapalem,534313,WEST GODAVARI,ANDHRA PRADESH,india
Yarnagudem,534313,WEST GODAVARI,ANDHRA PRADESH,india
Dhumantunigudem,534313,WEST GODAVARI,ANDHRA PRADESH,india
Hukumpeta,534318,WEST GODAVARI,ANDHRA PRADESH,india
Karagapadu,534318,WEST GODAVARI,ANDHRA PRADESH,india
Chityala,534316,WEST GODAVARI,ANDHRA PRADESH,india
V.Ch.Gudem,534316,WEST GODAVARI,ANDHRA PRADESH,india
KOMATIKUNTA,534316,WEST GODAVARI,ANDHRA PRADESH,india
Usulumarru,534329,WEST GODAVARI,ANDHRA PRADESH,india
Kaldhari,534329,WEST GODAVARI,ANDHRA PRADESH,india
Brahmanagudem,534301,WEST GODAVARI,ANDHRA PRADESH,india
Timmarajupalem,534301,WEST GODAVARI,ANDHRA PRADESH,india
Bodigudem,534315,WEST GODAVARI,ANDHRA PRADESH,india
Kotha Pattisam,534341,WEST GODAVARI,ANDHRA PRADESH,india
Vakapalli,534196,WEST GODAVARI,ANDHRA PRADESH,india
Surya Rao Palem,534156,WEST GODAVARI,ANDHRA PRADESH,india
Adavikolanu,534198,Eluru,ANDHRA PRADESH,india
Bhuvanapalli,534198,Eluru,ANDHRA PRADESH,india
Krovvidi,534198,Eluru,ANDHRA PRADESH,india
Dandagarra,534145,WEST GODAVARI,ANDHRA PRADESH,india
Pullayagudem,534145,WEST GODAVARI,ANDHRA PRADESH,india
Marellamudi,534112,WEST GODAVARI,ANDHRA PRADESH,india
Jajulakunta,534112,WEST GODAVARI,ANDHRA PRADESH,india
Valluru,534197,Eluru,ANDHRA PRADESH,india
Nabipeta,534176,WEST GODAVARI,ANDHRA PRADESH,india
Pothineedipalem,534176,WEST GODAVARI,ANDHRA PRADESH,india
Kavuluru,534176,WEST GODAVARI,ANDHRA PRADESH,india
Arugolanu,534146,WEST GODAVARI,ANDHRA PRADESH,india
Konala,534146,WEST GODAVARI,ANDHRA PRADESH,india
Krishnayampalemi,534146,WEST GODAVARI,ANDHRA PRADESH,india
Marampalli,534146,WEST GODAVARI,ANDHRA PRADESH,india
Tadepalli,534102,WEST GODAVARI,ANDHRA PRADESH,india
Kagupadu,534411,WEST GODAVARI,ANDHRA PRADESH,india
Mounjipadu,534165,WEST GODAVARI,ANDHRA PRADESH,india
Mypa,534186,WEST GODAVARI,ANDHRA PRADESH,india
Vundurru,534186,WEST GODAVARI,ANDHRA PRADESH,india
Gudipudiagraharam,522310,Bapatla,ANDHRA PRADESH,india
Maruproluvaripalem,522102,Bapatla,ANDHRA PRADESH,india
Nandirajuthota,522102,Bapatla,ANDHRA PRADESH,india
Koduru komali,522311,Bapatla,ANDHRA PRADESH,india
Pathareddypalem,522212,GUNTUR,ANDHRA PRADESH,india
Kothapalli narikellapalli,522212,Bapatla,ANDHRA PRADESH,india
Lingamguntlapalem,522212,GUNTUR,ANDHRA PRADESH,india
Manchala,522212,GUNTUR,ANDHRA PRADESH,india
Mutluru,522212,GUNTUR,ANDHRA PRADESH,india
Kavuru,522309,Bapatla,ANDHRA PRADESH,india
Arumbaka,522309,Bapatla,ANDHRA PRADESH,india
Jillellamudi,522113,Bapatla,ANDHRA PRADESH,india
Narasayapalem,522113,Bapatla,ANDHRA PRADESH,india
Reteru,522113,GUNTUR,ANDHRA PRADESH,india
Chinkapalem,522262,Bapatla,ANDHRA PRADESH,india
Adavuladivi,522262,Bapatla,ANDHRA PRADESH,india
Dindi,522262,Bapatla,ANDHRA PRADESH,india
Mulukuduru,522315,GUNTUR,ANDHRA PRADESH,india
Pudivada,522268,Bapatla,ANDHRA PRADESH,india
Yeletipalem,522268,Bapatla,ANDHRA PRADESH,india
Amudalapalli,522314,Bapatla,ANDHRA PRADESH,india
Doppalapudi,522316,GUNTUR,ANDHRA PRADESH,india
Mannava,522316,GUNTUR,ANDHRA PRADESH,india
Kollimarla,522316,GUNTUR,ANDHRA PRADESH,india
Manthenavaripalem,522329,Bapatla,ANDHRA PRADESH,india
Murukondapadu,522317,Bapatla,ANDHRA PRADESH,india
Mamillapalli,522318,GUNTUR,ANDHRA PRADESH,india
Burripalem,522301,GUNTUR,ANDHRA PRADESH,india
Hanumanpalem,522301,GUNTUR,ANDHRA PRADESH,india
Penumarru,522256,Bapatla,ANDHRA PRADESH,india
Vaddevaripalem,522264,Bapatla,ANDHRA PRADESH,india
Morampudi,522330,GUNTUR,ANDHRA PRADESH,india
Manchikalapudi,522330,GUNTUR,ANDHRA PRADESH,india
Chivaluru,522304,GUNTUR,ANDHRA PRADESH,india
Munnangi,522304,GUNTUR,ANDHRA PRADESH,india
Boddulurupadu,522324,Bapatla,ANDHRA PRADESH,india
Gajullanka,522324,Bapatla,ANDHRA PRADESH,india
Chinaparimi,522313,Bapatla,ANDHRA PRADESH,india
Yadavuru,522313,Bapatla,ANDHRA PRADESH,india
Kancherlapalem,522202,GUNTUR,ANDHRA PRADESH,india
Yerukalapudi,522306,GUNTUR,ANDHRA PRADESH,india
Murthota,522265,Bapatla,ANDHRA PRADESH,india
Sajjavaripalem,522265,Bapatla,ANDHRA PRADESH,india
Vadlamudi,522213,GUNTUR,ANDHRA PRADESH,india
Champadu,522261,Bapatla,ANDHRA PRADESH,india
Peravali,522261,Bapatla,ANDHRA PRADESH,india
Varahapuram Agraharam,522261,Bapatla,ANDHRA PRADESH,india
Vasanthanagar,520007,NTR,ANDHRA PRADESH,india
Enikepadu,521108,NTR,ANDHRA PRADESH,india
Kotha Edara,521211,Eluru,ANDHRA PRADESH,india
Wambay Colony,520015,NTR,ANDHRA PRADESH,india
Vibharintapadu,521182,NTR,ANDHRA PRADESH,india
Bobbellapadu,521182,NTR,ANDHRA PRADESH,india
Pokkunuru,521182,NTR,ANDHRA PRADESH,india
Cheruvu Madhavaram,521229,NTR,ANDHRA PRADESH,india
Velagaleru,521229,NTR,ANDHRA PRADESH,india
Azzampudi,521101,KRISHNA,ANDHRA PRADESH,india
Budhavaram,521101,KRISHNA,ANDHRA PRADESH,india
Jami Annavaram,521175,NTR,ANDHRA PRADESH,india
Srinivasa Nagar Colony,521175,NTR,ANDHRA PRADESH,india
Takkellapadu,521175,NTR,ANDHRA PRADESH,india
Narasimharaopalem,521181,NTR,ANDHRA PRADESH,india
Jammavaram,521180,NTR,ANDHRA PRADESH,india
Hanumanthapuram,521246,KRISHNA,ANDHRA PRADESH,india
Kadavakollu,521164,KRISHNA,ANDHRA PRADESH,india
Chavutapalli,521227,NTR,ANDHRA PRADESH,india
Rudravaram,521227,NTR,ANDHRA PRADESH,india
Gurazada,521256,KRISHNA,ANDHRA PRADESH,india
Velpuru,521256,KRISHNA,ANDHRA PRADESH,india
Chintalapadu,521183,NTR,ANDHRA PRADESH,india
Koduru,521230,NTR,ANDHRA PRADESH,india
Velvdam,521230,NTR,ANDHRA PRADESH,india
Munagacherla,521185,NTR,ANDHRA PRADESH,india
Vemulapalli,521185,NTR,ANDHRA PRADESH,india
Pallagiri,521184,NTR,ANDHRA PRADESH,india
Raghavapuram,521184,NTR,ANDHRA PRADESH,india
Ramireddipalli,521184,NTR,ANDHRA PRADESH,india
Torragudipadu,521184,NTR,ANDHRA PRADESH,india
Lingagudem,521190,NTR,ANDHRA PRADESH,india
Kannevidu,521190,NTR,ANDHRA PRADESH,india
Muchintala,521190,NTR,ANDHRA PRADESH,india
Machinenipalem,521402,NTR,ANDHRA PRADESH,india
Pentalavarigudem,521402,NTR,ANDHRA PRADESH,india
Doddadevarapadu,521170,NTR,ANDHRA PRADESH,india
Agniparru,521250,KRISHNA,ANDHRA PRADESH,india
Guthulavaripalem,533217,Konaseema,ANDHRA PRADESH,india
Isukapudi,533214,Konaseema,ANDHRA PRADESH,india
Munganda,533214,Konaseema,ANDHRA PRADESH,india
Sannavilli,533222,Konaseema,ANDHRA PRADESH,india
Gangalakurru Agraharam,533221,Konaseema,ANDHRA PRADESH,india
Vodalarevu,533210,Konaseema,ANDHRA PRADESH,india
Battucheruvu,533212,Konaseema,ANDHRA PRADESH,india
Uppudi,533212,Konaseema,ANDHRA PRADESH,india
Chirrayanam,533212,Konaseema,ANDHRA PRADESH,india
Kesanakurru,533220,Konaseema,ANDHRA PRADESH,india
Tillakuppa,533220,Konaseema,ANDHRA PRADESH,india
Komaragiri,533220,Konaseema,ANDHRA PRADESH,india
Kamujuvarilanka,533241,Konaseema,ANDHRA PRADESH,india
Nedunuru,533241,Konaseema,ANDHRA PRADESH,india
Ainavalli,533211,Konaseema,ANDHRA PRADESH,india
Sanapallilanka,533211,Konaseema,ANDHRA PRADESH,india
Kothalanka,533216,Konaseema,ANDHRA PRADESH,india
Krapa Chintalapudi,533216,Konaseema,ANDHRA PRADESH,india
Annampalli,533216,Konaseema,ANDHRA PRADESH,india
Gopavaram,533213,Konaseema,ANDHRA PRADESH,india
Kamanagaruvu,533213,Konaseema,ANDHRA PRADESH,india
Saripalli,533213,Konaseema,ANDHRA PRADESH,india
Surasani Yanam,533213,Konaseema,ANDHRA PRADESH,india
Magam,533577,Konaseema,ANDHRA PRADESH,india
Peravaram,533235,Konaseema,ANDHRA PRADESH,india
Vadapalem,533223,Konaseema,ANDHRA PRADESH,india
Sankaraguptam,533250,Konaseema,ANDHRA PRADESH,india
Adurru,533247,Konaseema,ANDHRA PRADESH,india
Idarada,533247,Konaseema,ANDHRA PRADESH,india
Chirata Pudi,533229,EAST GODAVARI,ANDHRA PRADESH,india
Vegivaripalem,533248,Konaseema,ANDHRA PRADESH,india
Karavaka,533248,Konaseema,ANDHRA PRADESH,india
Gondi,533251,Konaseema,ANDHRA PRADESH,india
Sakhinetipalli Lanka,533251,Konaseema,ANDHRA PRADESH,india
Gudapalli pallipalem,533244,EAST GODAVARI,ANDHRA PRADESH,india
Palagummi,533249,Konaseema,ANDHRA PRADESH,india
Manepalli,533249,Konaseema,ANDHRA PRADESH,india
Billakurru,533228,Konaseema,ANDHRA PRADESH,india
A Kothapalle,531022,Anakapalli,ANDHRA PRADESH,india
Gavarapalem,531022,Anakapalli,ANDHRA PRADESH,india
Baski,531149,VISAKHAPATANAM,ANDHRA PRADESH,india
Bondam,531149,VISAKHAPATANAM,ANDHRA PRADESH,india
Guntagannela,531151,VISAKHAPATANAM,ANDHRA PRADESH,india
Kandrum,531151,VISAKHAPATANAM,ANDHRA PRADESH,india
Layaganda,531151,VISAKHAPATANAM,ANDHRA PRADESH,india
Rangaseela,531151,VISAKHAPATANAM,ANDHRA PRADESH,india
Yangada,531151,VIZIANAGARAM,ANDHRA PRADESH,india
Dibbapalem SEZ R.H Colony,531011,Anakapalli,ANDHRA PRADESH,india
Pudimadaka,531011,Anakapalli,ANDHRA PRADESH,india
Arjunagiri,531036,Anakapalli,ANDHRA PRADESH,india
Kandipudi,531036,Anakapalli,ANDHRA PRADESH,india
Pedagogada,531036,Anakapalli,ANDHRA PRADESH,india
Bennavolu,531036,Anakapalli,ANDHRA PRADESH,india
Pedakota,531030,Alluri Sitharama Raju,ANDHRA PRADESH,india
Zeenabadu,531030,Alluri Sitharama Raju,ANDHRA PRADESH,india
Garisingi,531030,Anakapalli,ANDHRA PRADESH,india
Chintalapudi,531030,Anakapalli,ANDHRA PRADESH,india
Poderti,531030,Anakapalli,ANDHRA PRADESH,india
Patipalle,531030,Anakapalli,ANDHRA PRADESH,india
Dharapalem,531061,Anakapalli,ANDHRA PRADESH,india
Haripuram,531061,Anakapalli,ANDHRA PRADESH,india
Kothuru,531061,Anakapalli,ANDHRA PRADESH,india
Duddupalem,531023,Anakapalli,ANDHRA PRADESH,india
Valluru,531019,Anakapalli,ANDHRA PRADESH,india
Gullepalle,531034,Anakapalli,ANDHRA PRADESH,india
Medicherla,531034,Anakapalli,ANDHRA PRADESH,india
Bayyavaram,531031,VISAKHAPATANAM,ANDHRA PRADESH,india
Gavaravaram,531075,Anakapalli,ANDHRA PRADESH,india
Vadrapalle,531033,Anakapalli,ANDHRA PRADESH,india
Chinadoddigallu,531081,VISAKHAPATANAM,ANDHRA PRADESH,india
Vempadu,531081,VISAKHAPATANAM,ANDHRA PRADESH,india
Batlapudi,531002,VISAKHAPATANAM,ANDHRA PRADESH,india
Kondupalem,531002,VISAKHAPATANAM,ANDHRA PRADESH,india
Thotada,531002,VISAKHAPATANAM,ANDHRA PRADESH,india
Bharnikam,531021,Anakapalli,ANDHRA PRADESH,india
Donkada,531126,Anakapalli,ANDHRA PRADESH,india
Gullipadu,531126,Anakapalli,ANDHRA PRADESH,india
Guntapalle,531126,Anakapalli,ANDHRA PRADESH,india
Uddandapuram,531126,Anakapalli,ANDHRA PRADESH,india
Aripaka,531035,VISAKHAPATANAM,ANDHRA PRADESH,india
Asakapalle,531035,VISAKHAPATANAM,ANDHRA PRADESH,india
Gollalapalem,531035,VISAKHAPATANAM,ANDHRA PRADESH,india
Gullepalli,531035,VISAKHAPATANAM,ANDHRA PRADESH,india
Mallunaidupalem,531035,VISAKHAPATANAM,ANDHRA PRADESH,india
Papayya Santhapalem,531032,Anakapalli,ANDHRA PRADESH,india
Uderoo,531032,Anakapalli,ANDHRA PRADESH,india
Venkupalem,531032,Anakapalli,ANDHRA PRADESH,india
Ganaparthi,531055,Anakapalli,ANDHRA PRADESH,india
Janguluru,531055,Anakapalli,ANDHRA PRADESH,india
Narasingabilli,531055,Anakapalli,ANDHRA PRADESH,india
Pulaparthi,531055,Anakapalli,ANDHRA PRADESH,india
Vemagiri,531055,Anakapalli,ANDHRA PRADESH,india
Bennavaram,531111,Alluri Sitharama Raju,ANDHRA PRADESH,india
Damanapalli,531111,Alluri Sitharama Raju,ANDHRA PRADESH,india
Jerrala,531111,Alluri Sitharama Raju,ANDHRA PRADESH,india
Kothapalem,531111,Alluri Sitharama Raju,ANDHRA PRADESH,india
Mondigedda,531111,Alluri Sitharama Raju,ANDHRA PRADESH,india
Yerrabommalu,531111,Alluri Sitharama Raju,ANDHRA PRADESH,india
Bhimavaram,531082,VISAKHAPATANAM,ANDHRA PRADESH,india
Killamkota,531029,Alluri Sitharama Raju,ANDHRA PRADESH,india
Kokkirapalle,531029,Alluri Sitharama Raju,ANDHRA PRADESH,india
Beeram,531029,Alluri Sitharama Raju,ANDHRA PRADESH,india
Gulleli,531029,Alluri Sitharama Raju,ANDHRA PRADESH,india
Guttulaputtu,531077,Alluri Sitharama Raju,ANDHRA PRADESH,india
Pathakota,531077,Alluri Sitharama Raju,ANDHRA PRADESH,india
Tadigiri,531077,Alluri Sitharama Raju,ANDHRA PRADESH,india
Ganneruputtu,531077,Alluri Sitharama Raju,ANDHRA PRADESH,india
Chittempadu,531084,VISAKHAPATANAM,ANDHRA PRADESH,india
K Mallampeta,531084,VISAKHAPATANAM,ANDHRA PRADESH,india
Kantaram,531084,VISAKHAPATANAM,ANDHRA PRADESH,india
Konkasingi,531084,VISAKHAPATANAM,ANDHRA PRADESH,india
Pedamakavaram,531084,VISAKHAPATANAM,ANDHRA PRADESH,india
Nallagonda,531084,VISAKHAPATANAM,ANDHRA PRADESH,india
Appalrajupuram,531028,Anakapalli,ANDHRA PRADESH,india
Jaithavaram,531028,Anakapalli,ANDHRA PRADESH,india
Gotivada Agraharam,531028,Anakapalli,ANDHRA PRADESH,india
Panduru,531085,VISAKHAPATANAM,ANDHRA PRADESH,india
Sunkapur,531085,VISAKHAPATANAM,ANDHRA PRADESH,india
Jaggampeta,531114,Anakapalli,ANDHRA PRADESH,india
Kalayanapulova,531114,Anakapalli,ANDHRA PRADESH,india
Kanchugummala,531114,Anakapalli,ANDHRA PRADESH,india
Gangavaram,531087,VISAKHAPATANAM,ANDHRA PRADESH,india
M Makavaram,531087,VISAKHAPATANAM,ANDHRA PRADESH,india
Gurandarapalem,531118,VISAKHAPATANAM,ANDHRA PRADESH,india
Kitumula,531118,VISAKHAPATANAM,ANDHRA PRADESH,india
Rajupakalu,531118,VISAKHAPATANAM,ANDHRA PRADESH,india
D Gottivada,531027,Anakapalli,ANDHRA PRADESH,india
Gadirai,531027,Anakapalli,ANDHRA PRADESH,india
M Koduru,531027,Anakapalli,ANDHRA PRADESH,india
Sagaram,531027,Anakapalli,ANDHRA PRADESH,india
Tatiparthi,531027,Anakapalli,ANDHRA PRADESH,india
Kondala Agraharam,531113,Anakapalli,ANDHRA PRADESH,india
Pydipala,531113,Anakapalli,ANDHRA PRADESH,india
Tutipala,531113,Anakapalli,ANDHRA PRADESH,india
T R Project,531115,VISAKHAPATANAM,ANDHRA PRADESH,india
Y B Agraharam,531115,VISAKHAPATANAM,ANDHRA PRADESH,india
Dokuluru,531024,Alluri Sitharama Raju,ANDHRA PRADESH,india
Salugu,531024,Alluri Sitharama Raju,ANDHRA PRADESH,india
Thumpada,531024,Alluri Sitharama Raju,ANDHRA PRADESH,india
Modapalli,531024,Alluri Sitharama Raju,ANDHRA PRADESH,india
Jarrela,531040,VISAKHAPATANAM,ANDHRA PRADESH,india
Panasaput,531040,VISAKHAPATANAM,ANDHRA PRADESH,india
Jamiguda,531040,VISAKHAPATANAM,ANDHRA PRADESH,india
Laxmipuram,531040,VISAKHAPATANAM,ANDHRA PRADESH,india
Bondapalli,531040,VISAKHAPATANAM,ANDHRA PRADESH,india
Vanagumma,531040,VISAKHAPATANAM,ANDHRA PRADESH,india
Gudivada,531083,Anakapalli,ANDHRA PRADESH,india
Gunnempudi,531025,Anakapalli,ANDHRA PRADESH,india
Marupaka,531025,Anakapalli,ANDHRA PRADESH,india
Thotakurapalem,531025,Anakapalli,ANDHRA PRADESH,india
Devarapalli,531133,Alluri Sitharama Raju,ANDHRA PRADESH,india
Duppulavada,531105,Alluri Sitharama Raju,ANDHRA PRADESH,india
China Appannapalem,531026,Anakapalli,ANDHRA PRADESH,india
Turakalapudi,531026,Anakapalli,ANDHRA PRADESH,india
Polipalli,531026,Anakapalli,ANDHRA PRADESH,india
Panduru,533005,Kakinada,ANDHRA PRADESH,india
Thammavaram,533005,Kakinada,ANDHRA PRADESH,india
Thimmaparam,533005,Kakinada,ANDHRA PRADESH,india
Kumarapriyam,533344,Kakinada,ANDHRA PRADESH,india
Aryavatam,533468,Kakinada,ANDHRA PRADESH,india
Kesavapuram,533463,Kakinada,ANDHRA PRADESH,india
Kovvuru,533016,Kakinada,ANDHRA PRADESH,india
Nadakuduru,533016,Kakinada,ANDHRA PRADESH,india
G.Moolapalem,533464,Konaseema,ANDHRA PRADESH,india
Kolanka,533464,Kakinada,ANDHRA PRADESH,india
Injaram,533464,Kakinada,ANDHRA PRADESH,india
Doramamidi,533428,Alluri Sitharama Raju,ANDHRA PRADESH,india
Pandraprolu,533428,Alluri Sitharama Raju,ANDHRA PRADESH,india
Thungamadugula,533428,Alluri Sitharama Raju,ANDHRA PRADESH,india
Cheedipalem,533428,Alluri Sitharama Raju,ANDHRA PRADESH,india
Mohanapuram,533428,Alluri Sitharama Raju,ANDHRA PRADESH,india
Somannapalem,533428,Alluri Sitharama Raju,ANDHRA PRADESH,india
Thimmapuram,533428,Alluri Sitharama Raju,ANDHRA PRADESH,india
Tetagunta,533406,Kakinada,ANDHRA PRADESH,india
Koduru,533406,Kakinada,ANDHRA PRADESH,india
N Narendrapatnam,533406,Kakinada,ANDHRA PRADESH,india
A V Nagaram,533449,Kakinada,ANDHRA PRADESH,india
Durgada,533449,Kakinada,ANDHRA PRADESH,india
Uttarakanchi,533430,Kakinada,ANDHRA PRADESH,india
P.Donthamuru,533445,Kakinada,ANDHRA PRADESH,india
Gurrampalem,533435,Kakinada,ANDHRA PRADESH,india
Talluru,533435,Kakinada,ANDHRA PRADESH,india
Mallisala,533435,Kakinada,ANDHRA PRADESH,india
Rajupalem,533431,Kakinada,ANDHRA PRADESH,india
Surapurajupeta,533407,Kakinada,ANDHRA PRADESH,india
Bhimavarapukota,533407,Kakinada,ANDHRA PRADESH,india
Chadalada,533433,Kakinada,ANDHRA PRADESH,india
Anuru,533437,Kakinada,ANDHRA PRADESH,india
Marlova,533437,Kakinada,ANDHRA PRADESH,india
Nayakampalli,533437,Kakinada,ANDHRA PRADESH,india
Chitrada,533450,Kakinada,ANDHRA PRADESH,india
Isukapalli,533450,Kakinada,ANDHRA PRADESH,india
Kondevaram,533450,Kakinada,ANDHRA PRADESH,india
Badadanampalli,533436,Alluri Sitharama Raju,ANDHRA PRADESH,india
Chikilintha,533436,Alluri Sitharama Raju,ANDHRA PRADESH,india
Vathangi,533436,Alluri Sitharama Raju,ANDHRA PRADESH,india
Aminabad,533436,Alluri Sitharama Raju,ANDHRA PRADESH,india
Cherukumpalem,533436,Alluri Sitharama Raju,ANDHRA PRADESH,india
Kindra,533436,Alluri Sitharama Raju,ANDHRA PRADESH,india
Labbarthi,533436,Alluri Sitharama Raju,ANDHRA PRADESH,india
Subhadrampeta,533291,EAST GODAVARI,ANDHRA PRADESH,india
Chintaluru,533446,Kakinada,ANDHRA PRADESH,india
Meraka Chamavaram,533446,Kakinada,ANDHRA PRADESH,india
Rekhavanipalem,533401,Kakinada,ANDHRA PRADESH,india
Chamavaram,533401,Kakinada,ANDHRA PRADESH,india
Unduru,533434,Kakinada,ANDHRA PRADESH,india
Chamagadda,533483,Alluri Sitharama Raju,ANDHRA PRADESH,india
Dalipadu,533483,Alluri Sitharama Raju,ANDHRA PRADESH,india
Peravaram,533429,Kakinada,ANDHRA PRADESH,india
Puligogulapadu,533429,Alluri Sitharama Raju,ANDHRA PRADESH,india
Chilakalapalli,535557,Parvathipuram Manyam,ANDHRA PRADESH,india
Kinjangi,535557,SRIKAKULAM,ANDHRA PRADESH,india
Gangada,535557,Parvathipuram Manyam,ANDHRA PRADESH,india
Koppara,535557,SRIKAKULAM,ANDHRA PRADESH,india
Dalemrajuvalasa,535128,SRIKAKULAM,ANDHRA PRADESH,india
Mokhasa Duggivalasa,535128,VIZIANAGARAM,ANDHRA PRADESH,india
Yadika,535128,VIZIANAGARAM,ANDHRA PRADESH,india
Gajarayanavalasa,535578,VIZIANAGARAM,ANDHRA PRADESH,india
Naidu Valasa,535578,VIZIANAGARAM,ANDHRA PRADESH,india
Pappala Lingalavalasa,535578,VIZIANAGARAM,ANDHRA PRADESH,india
Shikarganj,535578,VIZIANAGARAM,ANDHRA PRADESH,india
Gottipalli,535102,VIZIANAGARAM,ANDHRA PRADESH,india
Bhupalarajapuram,535102,VIZIANAGARAM,ANDHRA PRADESH,india
Mokhasa Lingalavalasa,535102,VIZIANAGARAM,ANDHRA PRADESH,india
Kaviripalli,535547,Parvathipuram Manyam,ANDHRA PRADESH,india
Antivalasa,535593,Parvathipuram Manyam,ANDHRA PRADESH,india
Kurukutti,535593,Parvathipuram Manyam,ANDHRA PRADESH,india
Ganjaipadar,535593,Parvathipuram Manyam,ANDHRA PRADESH,india
Sivadavalasa,535568,VIZIANAGARAM,ANDHRA PRADESH,india
Kottakki,503145,VIZIANAGARAM,ANDHRA PRADESH,india
Paradi,503321,VIZIANAGARAM,ANDHRA PRADESH,india
Patharega,535579,VIZIANAGARAM,ANDHRA PRADESH,india
Duppalapudi,535579,VIZIANAGARAM,ANDHRA PRADESH,india
Kota Sirlam,535579,VIZIANAGARAM,ANDHRA PRADESH,india
Narlavalasa,535591,Parvathipuram Manyam,ANDHRA PRADESH,india
Nelliparthi,535591,Parvathipuram Manyam,ANDHRA PRADESH,india
Pedapadam,535591,Parvathipuram Manyam,ANDHRA PRADESH,india
Koyyannapeta,535546,Parvathipuram Manyam,ANDHRA PRADESH,india
Maripivalasa,535546,Parvathipuram Manyam,ANDHRA PRADESH,india
Nidagallu,535546,Parvathipuram Manyam,ANDHRA PRADESH,india
Arthamuru,535101,VIZIANAGARAM,ANDHRA PRADESH,india
Dummeda,535101,VIZIANAGARAM,ANDHRA PRADESH,india
Pedabantupalli,535101,VIZIANAGARAM,ANDHRA PRADESH,india
Penubarthi,535101,VIZIANAGARAM,ANDHRA PRADESH,india
Niddam,532148,SRIKAKULAM,ANDHRA PRADESH,india
Goluguvalasa,535126,VIZIANAGARAM,ANDHRA PRADESH,india
Nandigam,535124,VIZIANAGARAM,ANDHRA PRADESH,india
Kotturu,535463,Parvathipuram Manyam,ANDHRA PRADESH,india
Sanyasirajupeta,535463,Parvathipuram Manyam,ANDHRA PRADESH,india
Sivvam,535463,Parvathipuram Manyam,ANDHRA PRADESH,india
Vullibhadra,535463,Parvathipuram Manyam,ANDHRA PRADESH,india
Lumbesu,503225,VIZIANAGARAM,ANDHRA PRADESH,india
Amiti,535523,VIZIANAGARAM,ANDHRA PRADESH,india
Gumma,535523,VIZIANAGARAM,ANDHRA PRADESH,india
Kondavada,535523,VIZIANAGARAM,ANDHRA PRADESH,india
Lakkaguda,535523,VIZIANAGARAM,ANDHRA PRADESH,india
Dangabhadra,535594,Parvathipuram Manyam,ANDHRA PRADESH,india
Sikhabadi,535594,Parvathipuram Manyam,ANDHRA PRADESH,india
Antivalasa,535521,Parvathipuram Manyam,ANDHRA PRADESH,india
Goipaka,535521,Parvathipuram Manyam,ANDHRA PRADESH,india
Thodumu,535521,Parvathipuram Manyam,ANDHRA PRADESH,india
Kuntesu,535521,VIZIANAGARAM,ANDHRA PRADESH,india
Duddukhallu,535524,Parvathipuram Manyam,ANDHRA PRADESH,india
Kitchada,535524,Parvathipuram Manyam,ANDHRA PRADESH,india
Kannapudoravalasa,535526,Parvathipuram Manyam,ANDHRA PRADESH,india
Jamparakota,532462,Parvathipuram Manyam,ANDHRA PRADESH,india
Potli,532462,Parvathipuram Manyam,ANDHRA PRADESH,india
Komiri,532440,SRIKAKULAM,ANDHRA PRADESH,india
Voni,532440,Parvathipuram Manyam,ANDHRA PRADESH,india
Addapuseela,535502,Parvathipuram Manyam,ANDHRA PRADESH,india
Bandaluppi,535527,Parvathipuram Manyam,ANDHRA PRADESH,india
Tallaburidi,535527,Parvathipuram Manyam,ANDHRA PRADESH,india
Buduruwada,535527,Parvathipuram Manyam,ANDHRA PRADESH,india
Gochekka,535527,Parvathipuram Manyam,ANDHRA PRADESH,india
Gijaba,535525,Parvathipuram Manyam,ANDHRA PRADESH,india
Ankavaram,535594,Parvathipuram Manyam,ANDHRA PRADESH,india
Pedabuddidi,535525,Parvathipuram Manyam,ANDHRA PRADESH,india
Pedarama,532443,Parvathipuram Manyam,ANDHRA PRADESH,india
Manda,532443,Parvathipuram Manyam,ANDHRA PRADESH,india
Kottisa,532461,SRIKAKULAM,ANDHRA PRADESH,india
Rushingi,532461,SRIKAKULAM,ANDHRA PRADESH,india
Chidimi,532460,Parvathipuram Manyam,ANDHRA PRADESH,india
Chittapudivalasa,532460,Parvathipuram Manyam,ANDHRA PRADESH,india
Gumada,532460,Parvathipuram Manyam,ANDHRA PRADESH,india
Kathulakaviti,532460,Parvathipuram Manyam,ANDHRA PRADESH,india
Mokhasarajapuram,532460,Parvathipuram Manyam,ANDHRA PRADESH,india
Samarelli,532460,Parvathipuram Manyam,ANDHRA PRADESH,india
Tudi,532460,Parvathipuram Manyam,ANDHRA PRADESH,india
CHALIVENDRI,532460,SRIKAKULAM,ANDHRA PRADESH,india
NADUKURU,532460,SRIKAKULAM,ANDHRA PRADESH,india
Butchampeta,533292,EAST GODAVARI,ANDHRA PRADESH,india
SEETHARAMPURAM,533297,EAST GODAVARI,ANDHRA PRADESH,india
Doramamidi,533284,Alluri Sitharama Raju,ANDHRA PRADESH,india
Mallampudi,533296,EAST GODAVARI,ANDHRA PRADESH,india
Baduguvanilanka,533126,Konaseema,ANDHRA PRADESH,india
Burrilanka,533126,EAST GODAVARI,ANDHRA PRADESH,india
Gadala,533102,EAST GODAVARI,ANDHRA PRADESH,india
Kolamuru,533102,EAST GODAVARI,ANDHRA PRADESH,india
Nidigatla,533353,EAST GODAVARI,ANDHRA PRADESH,india
NAGAMPALLI,533290,EAST GODAVARI,ANDHRA PRADESH,india
Ijjaluru,533295,Alluri Sitharama Raju,ANDHRA PRADESH,india
Potlavada,533295,Alluri Sitharama Raju,ANDHRA PRADESH,india
Ilakolanu,533294,EAST GODAVARI,ANDHRA PRADESH,india
Marriwada,533288,Alluri Sitharama Raju,ANDHRA PRADESH,india
Seethapalli,533288,Alluri Sitharama Raju,ANDHRA PRADESH,india
D.Velamakota,533288,Alluri Sitharama Raju,ANDHRA PRADESH,india
Geddada,533288,Alluri Sitharama Raju,ANDHRA PRADESH,india
Palem,533288,EAST GODAVARI,ANDHRA PRADESH,india
Muggulla,533287,EAST GODAVARI,ANDHRA PRADESH,india
APHB Colony,533106,EAST GODAVARI,ANDHRA PRADESH,india
Katavaram,533293,EAST GODAVARI,ANDHRA PRADESH,india
ABHICHERLA.,533350,Alluri Sitharama Raju,ANDHRA PRADESH,india
TUMMILERU.,533349,Alluri Sitharama Raju,ANDHRA PRADESH,india
Vemularai,533347,Alluri Sitharama Raju,ANDHRA PRADESH,india
Mulastanam,533233,Konaseema,ANDHRA PRADESH,india
Teki,533307,Konaseema,ANDHRA PRADESH,india
Singampalli,533343,EAST GODAVARI,ANDHRA PRADESH,india
Balabhadrapuram,533343,EAST GODAVARI,ANDHRA PRADESH,india
Pulagurtha,533261,EAST GODAVARI,ANDHRA PRADESH,india
Modukuru,533232,Konaseema,ANDHRA PRADESH,india
Penikeru,533232,Konaseema,ANDHRA PRADESH,india
Kudupuru,533263,Konaseema,ANDHRA PRADESH,india
Vegayampeta,533262,Konaseema,ANDHRA PRADESH,india
Penumalla,533262,Kakinada,ANDHRA PRADESH,india
Korumilli,533309,Konaseema,ANDHRA PRADESH,india
Nelaturu,533308,Konaseema,ANDHRA PRADESH,india
Panangipalli,533305,Konaseema,ANDHRA PRADESH,india
Konkuduru,533345,EAST GODAVARI,ANDHRA PRADESH,india
Arikarevula,533256,EAST GODAVARI,ANDHRA PRADESH,india
Vella,533256,Konaseema,ANDHRA PRADESH,india
Lolla,533346,Konaseema,ANDHRA PRADESH,india
Peketipakalu,533340,Konaseema,ANDHRA PRADESH,india
Seethanagaram,533234,Konaseema,ANDHRA PRADESH,india
Singidi,532456,Parvathipuram Manyam,ANDHRA PRADESH,india
Togiri,532427,SRIKAKULAM,ANDHRA PRADESH,india
Guttavilli,532445,SRIKAKULAM,ANDHRA PRADESH,india
Gudem,532484,SRIKAKULAM,ANDHRA PRADESH,india
Modallavalasa,532484,SRIKAKULAM,ANDHRA PRADESH,india
Tulagam,532459,SRIKAKULAM,ANDHRA PRADESH,india
Challavanipeta,532432,SRIKAKULAM,ANDHRA PRADESH,india
KOMMANAPALLI,532214,SRIKAKULAM,ANDHRA PRADESH,india
Parapuram,532455,SRIKAKULAM,ANDHRA PRADESH,india
Peddadimili,532455,Parvathipuram Manyam,ANDHRA PRADESH,india
Somagandi,532455,Parvathipuram Manyam,ANDHRA PRADESH,india
Chintalabadavanja,532458,SRIKAKULAM,ANDHRA PRADESH,india
Yeragam,532458,SRIKAKULAM,ANDHRA PRADESH,india
Mulasavalapuram,532458,SRIKAKULAM,ANDHRA PRADESH,india
Idulavalasa,532421,SRIKAKULAM,ANDHRA PRADESH,india
Kambakaya,532421,SRIKAKULAM,ANDHRA PRADESH,india
Satyavaram,532421,SRIKAKULAM,ANDHRA PRADESH,india
Pothayyavalasa,532421,SRIKAKULAM,ANDHRA PRADESH,india
Kadumu,532457,SRIKAKULAM,ANDHRA PRADESH,india
Labara,532213,SRIKAKULAM,ANDHRA PRADESH,india
Peddamallipuram,532213,SRIKAKULAM,ANDHRA PRADESH,india
R.L.Puram,532213,SRIKAKULAM,ANDHRA PRADESH,india
Challayyavalasa,532429,SRIKAKULAM,ANDHRA PRADESH,india
Dola,532429,SRIKAKULAM,ANDHRA PRADESH,india
Harischandrapuram,532430,SRIKAKULAM,ANDHRA PRADESH,india
Rahimanpuram,532430,SRIKAKULAM,ANDHRA PRADESH,india
Susaram,532430,SRIKAKULAM,ANDHRA PRADESH,india
Rana,532474,SRIKAKULAM,ANDHRA PRADESH,india
Andhavaram,532425,SRIKAKULAM,ANDHRA PRADESH,india
Kasimivalasa,532187,SRIKAKULAM,ANDHRA PRADESH,india
Korlakota,532186,SRIKAKULAM,ANDHRA PRADESH,india
Peddapadu,532401,SRIKAKULAM,ANDHRA PRADESH,india
Sanivada,532401,SRIKAKULAM,ANDHRA PRADESH,india
Dharmavaram,532408,SRIKAKULAM,ANDHRA PRADESH,india
Gollalapalem,532407,VIZIANAGARAM,ANDHRA PRADESH,india
Jeerupalem,532407,SRIKAKULAM,ANDHRA PRADESH,india
Kotapalem,532407,SRIKAKULAM,ANDHRA PRADESH,india
Bejjipuram,532403,SRIKAKULAM,ANDHRA PRADESH,india
Lakshmipuram,532403,SRIKAKULAM,ANDHRA PRADESH,india
Chittarapuram,532167,SRIKAKULAM,ANDHRA PRADESH,india
Devaravalasa,532168,SRIKAKULAM,ANDHRA PRADESH,india
Mirtivalasa,532167,SRIKAKULAM,ANDHRA PRADESH,india
Siripuram,532167,SRIKAKULAM,ANDHRA PRADESH,india
Tamaram,532167,SRIKAKULAM,ANDHRA PRADESH,india
Maruvada,532409,SRIKAKULAM,ANDHRA PRADESH,india
Bomminaiduvalasa,532127,SRIKAKULAM,ANDHRA PRADESH,india
Korallavalasa,532127,SRIKAKULAM,ANDHRA PRADESH,india
Marrivalasa,532127,VIZIANAGARAM,ANDHRA PRADESH,india
Penubaka,532127,SRIKAKULAM,ANDHRA PRADESH,india
Sathamvalasa,532127,VIZIANAGARAM,ANDHRA PRADESH,india
Gopalapuram,532127,SRIKAKULAM,ANDHRA PRADESH,india
Kanimetta,532402,SRIKAKULAM,ANDHRA PRADESH,india
Tholapi,532402,SRIKAKULAM,ANDHRA PRADESH,india
Sundarada,532122,VIZIANAGARAM,ANDHRA PRADESH,india
Chowkipeta,532264,SRIKAKULAM,ANDHRA PRADESH,india
Mamidipalli,532264,SRIKAKULAM,ANDHRA PRADESH,india
Potrakonda,532264,SRIKAKULAM,ANDHRA PRADESH,india
Yerramukkam,532263,SRIKAKULAM,ANDHRA PRADESH,india
Kothagraharam,532220,SRIKAKULAM,ANDHRA PRADESH,india
Tekkalipatnam,532220,SRIKAKULAM,ANDHRA PRADESH,india
Sekharapuram,532216,SRIKAKULAM,ANDHRA PRADESH,india
Ganguvada,532243,SRIKAKULAM,ANDHRA PRADESH,india
Arakabhadra,532312,SRIKAKULAM,ANDHRA PRADESH,india
Burjapadu,532312,SRIKAKULAM,ANDHRA PRADESH,india
Koligam,532312,SRIKAKULAM,ANDHRA PRADESH,india
Loddaputti,532312,SRIKAKULAM,ANDHRA PRADESH,india
Belagam,532290,SRIKAKULAM,ANDHRA PRADESH,india
Jhadupudi,532290,SRIKAKULAM,ANDHRA PRADESH,india
Anthrakudda,532222,SRIKAKULAM,ANDHRA PRADESH,india
Chinabadam,532222,SRIKAKULAM,ANDHRA PRADESH,india
Silagam,532322,SRIKAKULAM,ANDHRA PRADESH,india
Danta,532195,SRIKAKULAM,ANDHRA PRADESH,india
Elamanchili,532195,SRIKAKULAM,ANDHRA PRADESH,india
Gangaram,532195,SRIKAKULAM,ANDHRA PRADESH,india
Kotabomma R.S.,532195,SRIKAKULAM,ANDHRA PRADESH,india
Pattupuram,532195,SRIKAKULAM,ANDHRA PRADESH,india
Kakarapalli,532195,SRIKAKULAM,ANDHRA PRADESH,india
Cheepi,532242,SRIKAKULAM,ANDHRA PRADESH,india
Gudarurajamanipuram,532242,SRIKAKULAM,ANDHRA PRADESH,india
Sondipudi,532242,SRIKAKULAM,ANDHRA PRADESH,india
Talatampara,532292,SRIKAKULAM,ANDHRA PRADESH,india
Pedapadmapuram,532215,SRIKAKULAM,ANDHRA PRADESH,india
Vasundhara,532215,SRIKAKULAM,ANDHRA PRADESH,india
Venkatapuram,532215,SRIKAKULAM,ANDHRA PRADESH,india
Deenabhandupuram,532215,SRIKAKULAM,ANDHRA PRADESH,india
Dolagovindapuram,532291,SRIKAKULAM,ANDHRA PRADESH,india
Buragam,532212,SRIKAKULAM,ANDHRA PRADESH,india
Dimilada,532212,SRIKAKULAM,ANDHRA PRADESH,india
Jandapeta,532212,SRIKAKULAM,ANDHRA PRADESH,india
Ravivalasa,532212,SRIKAKULAM,ANDHRA PRADESH,india
Devanaltada,532211,SRIKAKULAM,ANDHRA PRADESH,india
Kothalingudu,532211,SRIKAKULAM,ANDHRA PRADESH,india
Marripadu,532211,SRIKAKULAM,ANDHRA PRADESH,india
Mulapeta,532211,SRIKAKULAM,ANDHRA PRADESH,india
Bharanikota,532221,SRIKAKULAM,ANDHRA PRADESH,india
Komaraltada,532218,SRIKAKULAM,ANDHRA PRADESH,india
Jalantrakota,532284,SRIKAKULAM,ANDHRA PRADESH,india
Chakipalli,532203,SRIKAKULAM,ANDHRA PRADESH,india
Dimidijola,532204,SRIKAKULAM,ANDHRA PRADESH,india
Kommusariapalli,532203,SRIKAKULAM,ANDHRA PRADESH,india
Temburu,532203,SRIKAKULAM,ANDHRA PRADESH,india
NARSIPURAM,532204,SRIKAKULAM,ANDHRA PRADESH,india
Baddumarri,532203,SRIKAKULAM,ANDHRA PRADESH,india
Bannuvada,532203,SRIKAKULAM,ANDHRA PRADESH,india
Pedagadili,530040,VISAKHAPATANAM,ANDHRA PRADESH,india
Tunglam,530012,VISAKHAPATANAM,ANDHRA PRADESH,india
Mindi,530012,VISAKHAPATANAM,ANDHRA PRADESH,india
Boyapalem,531163,VISAKHAPATANAM,ANDHRA PRADESH,india
J.V.Agraharam,531163,VISAKHAPATANAM,ANDHRA PRADESH,india
Nerellavalasa,531163,VISAKHAPATANAM,ANDHRA PRADESH,india
Vellanki,531163,VISAKHAPATANAM,ANDHRA PRADESH,india
Vemulavalasa,530052,VISAKHAPATANAM,ANDHRA PRADESH,india
Boni,531162,VISAKHAPATANAM,ANDHRA PRADESH,india
Korada,531162,VISAKHAPATANAM,ANDHRA PRADESH,india
Dibbapalem,530044,VISAKHAPATANAM,ANDHRA PRADESH,india
Saripalli,531173,VISAKHAPATANAM,ANDHRA PRADESH,india
Gurrampalem,531173,VISAKHAPATANAM,ANDHRA PRADESH,india
Potnuru,531219,VISAKHAPATANAM,ANDHRA PRADESH,india
Islampeta,530031,VISAKHAPATANAM,ANDHRA PRADESH,india
Nidigattu,535240,VIZIANAGARAM,ANDHRA PRADESH,india
Bheemali,535240,VIZIANAGARAM,ANDHRA PRADESH,india
Katakapalli,535240,VIZIANAGARAM,ANDHRA PRADESH,india
D TALLAVALASA,535005,VISAKHAPATANAM,ANDHRA PRADESH,india
Gantlam,535216,VIZIANAGARAM,ANDHRA PRADESH,india
RAMACHANDRAPETA,535216,VIZIANAGARAM,ANDHRA PRADESH,india
B.Rajeru,535260,VIZIANAGARAM,ANDHRA PRADESH,india
Garudabilli,535260,VIZIANAGARAM,ANDHRA PRADESH,india
Jayathi,535581,VIZIANAGARAM,ANDHRA PRADESH,india
Pinathadivada,535006,VIZIANAGARAM,ANDHRA PRADESH,india
Talari,535148,VIZIANAGARAM,ANDHRA PRADESH,india
Konisa,535270,VIZIANAGARAM,ANDHRA PRADESH,india
Logisa,535270,VIZIANAGARAM,ANDHRA PRADESH,india
Madhupada,535270,VIZIANAGARAM,ANDHRA PRADESH,india
Pathabaggam,535270,VIZIANAGARAM,ANDHRA PRADESH,india
Kenguva,535270,VIZIANAGARAM,ANDHRA PRADESH,india
Pedakada,535270,VIZIANAGARAM,ANDHRA PRADESH,india
Budathanapalli,535215,VIZIANAGARAM,ANDHRA PRADESH,india
Penasam,535215,VIZIANAGARAM,ANDHRA PRADESH,india
Ramavaram,535215,VIZIANAGARAM,ANDHRA PRADESH,india
Siripuram,535215,VIZIANAGARAM,ANDHRA PRADESH,india
Chinatada,535250,VISAKHAPATANAM,ANDHRA PRADESH,india
Pavada,535250,VISAKHAPATANAM,ANDHRA PRADESH,india
Pakirkitthali,535220,VIZIANAGARAM,ANDHRA PRADESH,india
Bhaligattam,535183,VIZIANAGARAM,ANDHRA PRADESH,india
Dasulapalem,535161,VIZIANAGARAM,ANDHRA PRADESH,india
Lingampeta,535161,VIZIANAGARAM,ANDHRA PRADESH,india
G T Peta,535273,VIZIANAGARAM,ANDHRA PRADESH,india
Damarasingi,535217,VIZIANAGARAM,ANDHRA PRADESH,india
CHANDRAMPETA,535217,VIZIANAGARAM,ANDHRA PRADESH,india
Godiyada,535221,VIZIANAGARAM,ANDHRA PRADESH,india
Kompangi,535580,VIZIANAGARAM,ANDHRA PRADESH,india
Kg Pathasala,535204,VIZIANAGARAM,ANDHRA PRADESH,india
Challavanithota,535204,VIZIANAGARAM,ANDHRA PRADESH,india
Boppadam,535218,VIZIANAGARAM,ANDHRA PRADESH,india
A T Agraharam,535218,VIZIANAGARAM,ANDHRA PRADESH,india
Kasipatnam,535145,VISAKHAPATANAM,ANDHRA PRADESH,india
Pedabidda,535145,VISAKHAPATANAM,ANDHRA PRADESH,india
Y S R Puram,535145,VISAKHAPATANAM,ANDHRA PRADESH,india
Banadi,535281,VIZIANAGARAM,ANDHRA PRADESH,india
Kanapaka,535003,VIZIANAGARAM,ANDHRA PRADESH,india
Nelivada,535003,VIZIANAGARAM,ANDHRA PRADESH,india
Gotlam,535003,VIZIANAGARAM,ANDHRA PRADESH,india
Gunkalam,535003,VIZIANAGARAM,ANDHRA PRADESH,india
Kondakarakam,535003,VIZIANAGARAM,ANDHRA PRADESH,india
Thotapalem,535003,VIZIANAGARAM,ANDHRA PRADESH,india
Nagulapalli,531002,VISAKHAPATANAM,ANDHRA PRADESH,india
Gopalapuram,531002,VISAKHAPATANAM,ANDHRA PRADESH,india
Tenneru,521260,KRISHNA,ANDHRA PRADESH,india
Vempadu,521260,Eluru,ANDHRA PRADESH,india
Kadavakallu,515445,ANANTAPUR,ANDHRA PRADESH,india
Kamarupalli,515751,ANANTAPUR,ANDHRA PRADESH,india
P Siddarampuram,515751,ANANTAPUR,ANDHRA PRADESH,india
Talupuru,515751,ANANTAPUR,ANDHRA PRADESH,india
Ankampalli,515741,ANANTAPUR,ANDHRA PRADESH,india
Seeripi,515741,ANANTAPUR,ANDHRA PRADESH,india
Srirangapuram,515741,ANANTAPUR,ANDHRA PRADESH,india
Aydukallu,515763,ANANTAPUR,ANDHRA PRADESH,india
Pillalapalli,515763,ANANTAPUR,ANDHRA PRADESH,india
Urichintala,515415,ANANTAPUR,ANDHRA PRADESH,india
Velamakur,515415,ANANTAPUR,ANDHRA PRADESH,india
Guddalapalli,515731,ANANTAPUR,ANDHRA PRADESH,india
Marthadu,515731,ANANTAPUR,ANDHRA PRADESH,india
Taticherla,515731,ANANTAPUR,ANDHRA PRADESH,india
A Narayanapuram,515004,ANANTAPUR,ANDHRA PRADESH,india
Gandlaparthi,515722,ANANTAPUR,ANDHRA PRADESH,india
Gondireddypalli,515722,ANANTAPUR,ANDHRA PRADESH,india
Raptadu,515722,ANANTAPUR,ANDHRA PRADESH,india
Chapiri,515761,ANANTAPUR,ANDHRA PRADESH,india
Chinnampalli,515761,ANANTAPUR,ANDHRA PRADESH,india
Dasampalli,515765,ANANTAPUR,ANDHRA PRADESH,india
Handepalli,515765,ANANTAPUR,ANDHRA PRADESH,india
Mulakanur,515765,ANANTAPUR,ANDHRA PRADESH,india
Vontareddipalli,515765,ANANTAPUR,ANDHRA PRADESH,india
Yenumuladoddi,515765,ANANTAPUR,ANDHRA PRADESH,india
Gotkuru,515711,ANANTAPUR,ANDHRA PRADESH,india
Kadadarakunta,515711,ANANTAPUR,ANDHRA PRADESH,india
Kammuru,515711,ANANTAPUR,ANDHRA PRADESH,india
Appilepalli,515766,ANANTAPUR,ANDHRA PRADESH,india
Basapuram,515766,ANANTAPUR,ANDHRA PRADESH,india
Kadarampalli,515766,ANANTAPUR,ANDHRA PRADESH,india
Thumukunta,515766,ANANTAPUR,ANDHRA PRADESH,india
Vaddepalem,515766,ANANTAPUR,ANDHRA PRADESH,india
Bondalawada,515425,ANANTAPUR,ANDHRA PRADESH,india
Duggumarri,515425,ANANTAPUR,ANDHRA PRADESH,india
Ganganapalli,515425,ANANTAPUR,ANDHRA PRADESH,india
Julakalva,515425,ANANTAPUR,ANDHRA PRADESH,india
Madugupalli,515425,ANANTAPUR,ANDHRA PRADESH,india
Yellutla,515425,ANANTAPUR,ANDHRA PRADESH,india
Karthanaparthi,515787,ANANTAPUR,ANDHRA PRADESH,india
Yenumulachennampalli,515787,ANANTAPUR,ANDHRA PRADESH,india
GULYAM,515787,ANANTAPUR,ANDHRA PRADESH,india
Komatikuntla,515414,ANANTAPUR,ANDHRA PRADESH,india
Kummanamala,515414,ANANTAPUR,ANDHRA PRADESH,india
Obulapuram,515414,ANANTAPUR,ANDHRA PRADESH,india
Takkalapalli,515414,ANANTAPUR,ANDHRA PRADESH,india
Therannapalli,515414,ANANTAPUR,ANDHRA PRADESH,india
Ayyagarlapalli,515767,ANANTAPUR,ANDHRA PRADESH,india
Brahma Samudram,515767,ANANTAPUR,ANDHRA PRADESH,india
Narasapuram East,515435,ANANTAPUR,ANDHRA PRADESH,india
AKUTHOTAPALLI,515003,ANANTAPUR,ANDHRA PRADESH,india
Araveedu,515465,ANANTAPUR,ANDHRA PRADESH,india
Medikurthi,515465,ANANTAPUR,ANDHRA PRADESH,india
Nimbagallu,515822,ANANTAPUR,ANDHRA PRADESH,india
Gonabhavi,515863,ANANTAPUR,ANDHRA PRADESH,india
Polepalli,515863,ANANTAPUR,ANDHRA PRADESH,india
MALAPANAGUDI,515872,ANANTAPUR,ANDHRA PRADESH,india
Ganigera,515871,ANANTAPUR,ANDHRA PRADESH,india
Nemakallu,515871,ANANTAPUR,ANDHRA PRADESH,india
Unthakallu,515871,ANANTAPUR,ANDHRA PRADESH,india
Chayapuram,515842,ANANTAPUR,ANDHRA PRADESH,india
Donekal,515842,ANANTAPUR,ANDHRA PRADESH,india
Gadekal,515842,ANANTAPUR,ANDHRA PRADESH,india
Kadadarabenchi,515842,ANANTAPUR,ANDHRA PRADESH,india
N.Thimmapuram,515842,ANANTAPUR,ANDHRA PRADESH,india
N.Narsapuram,515803,ANANTAPUR,ANDHRA PRADESH,india
Katrimala,515775,ANANTAPUR,ANDHRA PRADESH,india
Palyam,515775,ANANTAPUR,ANDHRA PRADESH,india
Edurur,515405,ANANTAPUR,ANDHRA PRADESH,india
Mallenipalli,515405,ANANTAPUR,ANDHRA PRADESH,india
Mamadur,515405,ANANTAPUR,ANDHRA PRADESH,india
Teliki,515405,ANANTAPUR,ANDHRA PRADESH,india
Gollapalli,515865,ANANTAPUR,ANDHRA PRADESH,india
Gramadatla,515865,ANANTAPUR,ANDHRA PRADESH,india
R.Kothapalli,515865,ANANTAPUR,ANDHRA PRADESH,india
MECHIRI,515865,ANANTAPUR,ANDHRA PRADESH,india
Ravuludiki,515455,ANANTAPUR,ANDHRA PRADESH,india
Chitrachedu,515611,ANANTAPUR,ANDHRA PRADESH,india
Rachepalli,515611,ANANTAPUR,ANDHRA PRADESH,india
Bhupasamudram,515867,ANANTAPUR,ANDHRA PRADESH,india
Junjurampalli,515867,ANANTAPUR,ANDHRA PRADESH,india
Mopidi,515812,ANANTAPUR,ANDHRA PRADESH,india
Renimakulapalli,515812,ANANTAPUR,ANDHRA PRADESH,india
Undabanda,515812,ANANTAPUR,ANDHRA PRADESH,india
Vekigonda,515812,ANANTAPUR,ANDHRA PRADESH,india
P.C.Peapully,515832,ANANTAPUR,ANDHRA PRADESH,india
Pandikunta,515832,ANANTAPUR,ANDHRA PRADESH,india
Pottipadu,515832,ANANTAPUR,ANDHRA PRADESH,india
Havaligi,515870,ANANTAPUR,ANDHRA PRADESH,india
Narasapuram,515408,ANANTAPUR,ANDHRA PRADESH,india
Gollapalle,517129,CHITTOOR,ANDHRA PRADESH,india
Sadakuppam,517129,CHITTOOR,ANDHRA PRADESH,india
Lakkanapalle,517415,CHITTOOR,ANDHRA PRADESH,india
Peddachellaragunta,517415,CHITTOOR,ANDHRA PRADESH,india
Karidirivaripalle,517416,CHITTOOR,ANDHRA PRADESH,india
Thambuganipalle,517416,CHITTOOR,ANDHRA PRADESH,india
Thumba,517416,CHITTOOR,ANDHRA PRADESH,india
T. Savatapalle,517004,CHITTOOR,ANDHRA PRADESH,india
Mahadevamangalam,517125,CHITTOOR,ANDHRA PRADESH,india
Mahasamudram,517128,CHITTOOR,ANDHRA PRADESH,india
Periyambadi,517128,CHITTOOR,ANDHRA PRADESH,india
Thavanampalle,517131,CHITTOOR,ANDHRA PRADESH,india
Sivadi,517432,CHITTOOR,ANDHRA PRADESH,india
Devalampet,517167,CHITTOOR,ANDHRA PRADESH,india
Mangunta,517167,CHITTOOR,ANDHRA PRADESH,india
Pullur KTP,517167,CHITTOOR,ANDHRA PRADESH,india
Ripunjirajapuram,517167,CHITTOOR,ANDHRA PRADESH,india
Gurramkonda Vandlavuru,517429,CHITTOOR,ANDHRA PRADESH,india
Tekumanda,517429,CHITTOOR,ANDHRA PRADESH,india
Muthireval,517127,CHITTOOR,ANDHRA PRADESH,india
Gudipala,517132,CHITTOOR,ANDHRA PRADESH,india
Kothapalle,517132,CHITTOOR,ANDHRA PRADESH,india
Kurmai,517408,CHITTOOR,ANDHRA PRADESH,india
Gudyanampalle,517126,CHITTOOR,ANDHRA PRADESH,india
Ugranapalle,517126,CHITTOOR,ANDHRA PRADESH,india
Erracheruvupalle,517124,CHITTOOR,ANDHRA PRADESH,india
Palakur,517124,CHITTOOR,ANDHRA PRADESH,india
Adilakshmambapuram,517403,CHITTOOR,ANDHRA PRADESH,india
Balaganganapalle,517421,CHITTOOR,ANDHRA PRADESH,india
Matavalam,517599,CHITTOOR,ANDHRA PRADESH,india
Palasamudram,517599,CHITTOOR,ANDHRA PRADESH,india
Vanadurgapuram,517599,CHITTOOR,ANDHRA PRADESH,india
Bodaguttapalle,517422,CHITTOOR,ANDHRA PRADESH,india
Kammapalle,517422,CHITTOOR,ANDHRA PRADESH,india
Kandriga,517422,CHITTOOR,ANDHRA PRADESH,india
Mallela,517370,Annamayya,ANDHRA PRADESH,india
Obireddipalle,517370,Annamayya,ANDHRA PRADESH,india
Sampathikota,517370,Annamayya,ANDHRA PRADESH,india
T.Salimamidi,517370,Annamayya,ANDHRA PRADESH,india
Devalacheruvu,517351,Annamayya,ANDHRA PRADESH,india
Maddinayanipalle,517351,Annamayya,ANDHRA PRADESH,india
Thummanamgutta,517351,Annamayya,ANDHRA PRADESH,india
Nariganipalle,517417,Annamayya,ANDHRA PRADESH,india
Charala,517257,CHITTOOR,ANDHRA PRADESH,india
Gattuvaripalle,517257,CHITTOOR,ANDHRA PRADESH,india
Kagathi,517257,CHITTOOR,ANDHRA PRADESH,india
Parikidona,517257,CHITTOOR,ANDHRA PRADESH,india
Peddayellakunta,517257,CHITTOOR,ANDHRA PRADESH,india
Bisanatham,517426,CHITTOOR,ANDHRA PRADESH,india
Sonnarasanapalle,517426,CHITTOOR,ANDHRA PRADESH,india
Adavibudugur,517425,CHITTOOR,ANDHRA PRADESH,india
Dandikuppam,517425,CHITTOOR,ANDHRA PRADESH,india
Noolakunta,517425,CHITTOOR,ANDHRA PRADESH,india
Peddabangarunatham,517425,CHITTOOR,ANDHRA PRADESH,india
Vizalapuram,517425,CHITTOOR,ANDHRA PRADESH,india
Kosuvaripalle,517350,Annamayya,ANDHRA PRADESH,india
Edigapalle,517326,CHITTOOR,ANDHRA PRADESH,india
Horsely Hills,517326,Annamayya,ANDHRA PRADESH,india
Kotevaripalle,517326,Annamayya,ANDHRA PRADESH,india
Gudupalle,517390,Annamayya,ANDHRA PRADESH,india
Sompalle,517390,Annamayya,ANDHRA PRADESH,india
T.Sowdasamudram,517390,Annamayya,ANDHRA PRADESH,india
Katnagallu,517391,Annamayya,ANDHRA PRADESH,india
T.Sodam,517391,Annamayya,ANDHRA PRADESH,india
Karasanapalle,517247,CHITTOOR,ANDHRA PRADESH,india
Katiperi,517247,CHITTOOR,ANDHRA PRADESH,india
Kothakota,517247,CHITTOOR,ANDHRA PRADESH,india
Mittachintavaripalle,517247,CHITTOOR,ANDHRA PRADESH,india
Peddavelagathur,517247,CHITTOOR,ANDHRA PRADESH,india
Punganur Bus Stand,517247,CHITTOOR,ANDHRA PRADESH,india
Vanamaladinne,517247,CHITTOOR,ANDHRA PRADESH,india
Arimanipenta,517401,CHITTOOR,ANDHRA PRADESH,india
Bandarlapalle,517401,CHITTOOR,ANDHRA PRADESH,india
Gandlapalle,517123,CHITTOOR,ANDHRA PRADESH,india
Kannemadugu,517418,Annamayya,ANDHRA PRADESH,india
Peddur Reservoir,517418,Annamayya,ANDHRA PRADESH,india
Renumakulapalle,517418,Annamayya,ANDHRA PRADESH,india
Bairupalle,517424,CHITTOOR,ANDHRA PRADESH,india
Cheldiganipalle,517424,CHITTOOR,ANDHRA PRADESH,india
Javvanapalle,517424,CHITTOOR,ANDHRA PRADESH,india
Kongattam,517424,CHITTOOR,ANDHRA PRADESH,india
Mudaramdoddi,517424,CHITTOOR,ANDHRA PRADESH,india
Nernipalle,517424,CHITTOOR,ANDHRA PRADESH,india
B . Kodur,516228,Y.S.R.,ANDHRA PRADESH,india
Payalakunta,516228,Y.S.R.,ANDHRA PRADESH,india
Kamalakur,516227,Y.S.R.,ANDHRA PRADESH,india
Valleruvaripalli,516227,Y.S.R.,ANDHRA PRADESH,india
Chilakampalli,516259,Y.S.R.,ANDHRA PRADESH,india
Jangamrajupalli,516502,Y.S.R.,ANDHRA PRADESH,india
Ramanapalli,516162,Y.S.R.,ANDHRA PRADESH,india
Kesapuram,516214,Y.S.R.,ANDHRA PRADESH,india
Padamatikona,516214,Y.S.R.,ANDHRA PRADESH,india
Reddyvaripalli,516214,Y.S.R.,ANDHRA PRADESH,india
Burujupalli 2,516267,Y.S.R.,ANDHRA PRADESH,india
Karimireddy Vandlapalli,516267,Y.S.R.,ANDHRA PRADESH,india
Nuliveedu,516267,Y.S.R.,ANDHRA PRADESH,india
Pyarampalli,516267,Y.S.R.,ANDHRA PRADESH,india
Singamvaripalli,516267,Y.S.R.,ANDHRA PRADESH,india
Eguvaramapuram,516217,Y.S.R.,ANDHRA PRADESH,india
Ganganapalli,516217,Y.S.R.,ANDHRA PRADESH,india
Mamillapalli,516217,Y.S.R.,ANDHRA PRADESH,india
Mallepalli,516503,Y.S.R.,ANDHRA PRADESH,india
Bhumayapalli,516203,Y.S.R.,ANDHRA PRADESH,india
Ananthapuram,516257,Y.S.R.,ANDHRA PRADESH,india
Appanakondayapalli,516257,Y.S.R.,ANDHRA PRADESH,india
Dappepalli,516257,Y.S.R.,ANDHRA PRADESH,india
Ekilapalli,516257,Y.S.R.,ANDHRA PRADESH,india
Maddirevula,516257,Y.S.R.,ANDHRA PRADESH,india
Abbavaram,516270,Y.S.R.,ANDHRA PRADESH,india
Venkatreddygaripalli,516270,Y.S.R.,ANDHRA PRADESH,india
Chitlur,516504,Y.S.R.,ANDHRA PRADESH,india
Guvvalachervu,516504,Y.S.R.,ANDHRA PRADESH,india
Rajupalli,516504,Y.S.R.,ANDHRA PRADESH,india
Rameswaram,516193,Y.S.R.,ANDHRA PRADESH,india
Sankavaram,516193,Y.S.R.,ANDHRA PRADESH,india
Vaddemanu,516193,Y.S.R.,ANDHRA PRADESH,india
Diguvagottiveedu,516269,Y.S.R.,ANDHRA PRADESH,india
Endapalli,516269,Y.S.R.,ANDHRA PRADESH,india
Gorlamudiveedu,516269,Y.S.R.,ANDHRA PRADESH,india
Degalavandlapalli,516002,Y.S.R.,ANDHRA PRADESH,india
Ramanjaneyapuram,516002,Y.S.R.,ANDHRA PRADESH,india
T.Sallagarigela,516505,Y.S.R.,ANDHRA PRADESH,india
Gadikota,516268,Y.S.R.,ANDHRA PRADESH,india
Gurrappagaripalli,516268,Y.S.R.,ANDHRA PRADESH,india
Peddiveedu,516268,Y.S.R.,ANDHRA PRADESH,india
Somavaram,516268,Y.S.R.,ANDHRA PRADESH,india
Mamillapalli,516004,Y.S.R.,ANDHRA PRADESH,india
Neelakantaraopet,516504,Y.S.R.,ANDHRA PRADESH,india
Kampasamudram,516104,Y.S.R.,ANDHRA PRADESH,india
Polopalli,516104,Y.S.R.,ANDHRA PRADESH,india
Buduguntapalli,516101,Y.S.R.,ANDHRA PRADESH,india
Chiyyavaram,516101,Y.S.R.,ANDHRA PRADESH,india
Kukkala Doddi,516101,Y.S.R.,ANDHRA PRADESH,india
Obanapalli,516101,Y.S.R.,ANDHRA PRADESH,india
APSP Xl Batallion,516247,Y.S.R.,ANDHRA PRADESH,india
Galivaripalli,516126,Y.S.R.,ANDHRA PRADESH,india
Lingarajupalli,516126,Y.S.R.,ANDHRA PRADESH,india
Madanagopalapuram,516126,Y.S.R.,ANDHRA PRADESH,india
Poli,516126,Y.S.R.,ANDHRA PRADESH,india
Tallapaka,516126,Y.S.R.,ANDHRA PRADESH,india
Utukur,516126,Y.S.R.,ANDHRA PRADESH,india
Naramrajupalli,516150,Y.S.R.,ANDHRA PRADESH,india
Patur,516150,Y.S.R.,ANDHRA PRADESH,india
Korlakunta,516108,Y.S.R.,ANDHRA PRADESH,india
Yellayapalli,516108,Y.S.R.,ANDHRA PRADESH,india
Venkatarajupalli,516110,Y.S.R.,ANDHRA PRADESH,india
Ananthaiah Gari Palle,516107,Y.S.R.,ANDHRA PRADESH,india
Dalavaipalli,516107,Y.S.R.,ANDHRA PRADESH,india
Gopamambapuram,516107,Y.S.R.,ANDHRA PRADESH,india
Reddipalli,516107,Y.S.R.,ANDHRA PRADESH,india
Jyothi,516237,Y.S.R.,ANDHRA PRADESH,india
P. Kothapalli,516237,Y.S.R.,ANDHRA PRADESH,india
Sanipaya,516130,Y.S.R.,ANDHRA PRADESH,india
Kumpinipuram,516151,Y.S.R.,ANDHRA PRADESH,india
Rachagudipalli,516213,Y.S.R.,ANDHRA PRADESH,india
Mylasamudram,515144,Sri Sathya Sai,ANDHRA PRADESH,india
Vengalammacheruvu,515144,Sri Sathya Sai,ANDHRA PRADESH,india
Darsimala,515672,Sri Sathya Sai,ANDHRA PRADESH,india
N.Madapuram,515672,Sri Sathya Sai,ANDHRA PRADESH,india
Obulapuram,515672,Sri Sathya Sai,ANDHRA PRADESH,india
Gutibailu,515521,Sri Sathya Sai,ANDHRA PRADESH,india
Kurumamidi,515521,Sri Sathya Sai,ANDHRA PRADESH,india
N.P.Kunta,515521,Sri Sathya Sai,ANDHRA PRADESH,india
Bommireddipalli,515591,Sri Sathya Sai,ANDHRA PRADESH,india
Inagaluru,515591,Sri Sathya Sai,ANDHRA PRADESH,india
Muthyalacheruvu,515591,Sri Sathya Sai,ANDHRA PRADESH,india
Mundy Bazaar,515591,Sri Sathya Sai,ANDHRA PRADESH,india
Chennamanayani Kota,515641,Sri Sathya Sai,ANDHRA PRADESH,india
Mukthapuram,515641,Sri Sathya Sai,ANDHRA PRADESH,india
Narasampalli,515641,Sri Sathya Sai,ANDHRA PRADESH,india
Thogarakunta,515641,Sri Sathya Sai,ANDHRA PRADESH,india
Eddulavaripalli,515531,Sri Sathya Sai,ANDHRA PRADESH,india
Nallacherlopalli,515159,Sri Sathya Sai,ANDHRA PRADESH,india
Kondamanayanipalem,515541,Sri Sathya Sai,ANDHRA PRADESH,india
Mallepalli,515541,Sri Sathya Sai,ANDHRA PRADESH,india
Neerukuntapalle,515541,Sri Sathya Sai,ANDHRA PRADESH,india
Amidalakunta,515651,Sri Sathya Sai,ANDHRA PRADESH,india
Basampalli,515651,Sri Sathya Sai,ANDHRA PRADESH,india
Pyadindi,515651,Sri Sathya Sai,ANDHRA PRADESH,india
Uppalapadu,515511,Sri Sathya Sai,ANDHRA PRADESH,india
Chowtivaripalle,515551,Sri Sathya Sai,ANDHRA PRADESH,india
Kadiripulikunta,515551,Sri Sathya Sai,ANDHRA PRADESH,india
Gownipalli,515561,ANANTAPUR,ANDHRA PRADESH,india
Mohammadabad,515561,ANANTAPUR,ANDHRA PRADESH,india
Agraharam,515154,Sri Sathya Sai,ANDHRA PRADESH,india
Gasikavaripalli,515154,Sri Sathya Sai,ANDHRA PRADESH,india
Gunipalli,515154,Sri Sathya Sai,ANDHRA PRADESH,india
Kothakota,515154,Sri Sathya Sai,ANDHRA PRADESH,india
Mangalamadaka,515154,Sri Sathya Sai,ANDHRA PRADESH,india
Podarallapalli,515154,Sri Sathya Sai,ANDHRA PRADESH,india
Enumulavaripalli,515501,Sri Sathya Sai,ANDHRA PRADESH,india
Malakavemula,515501,Sri Sathya Sai,ANDHRA PRADESH,india
Vankarakunta,515501,Sri Sathya Sai,ANDHRA PRADESH,india
Achampalle,515621,Sri Sathya Sai,ANDHRA PRADESH,india
Konetinayanipalem,515621,Sri Sathya Sai,ANDHRA PRADESH,india
Kurakulapalli,515621,Sri Sathya Sai,ANDHRA PRADESH,india
Beedupalli,515134,Sri Sathya Sai,ANDHRA PRADESH,india
Yenumulapalli,515134,Sri Sathya Sai,ANDHRA PRADESH,india
Chillavaripalle,515631,Sri Sathya Sai,ANDHRA PRADESH,india
Modugulakunta,515631,Sri Sathya Sai,ANDHRA PRADESH,india
Gowkanapalle,515581,Sri Sathya Sai,ANDHRA PRADESH,india
Odulapalli,515581,Sri Sathya Sai,ANDHRA PRADESH,india
Somalavandlapalle,515581,Sri Sathya Sai,ANDHRA PRADESH,india
Ethodu,515571,Sri Sathya Sai,ANDHRA PRADESH,india
K.Mallireddipalle,515571,Sri Sathya Sai,ANDHRA PRADESH,india
Kokkanti,515571,Sri Sathya Sai,ANDHRA PRADESH,india
Kotapalli,515571,Sri Sathya Sai,ANDHRA PRADESH,india
Kodihalli,515311,Sri Sathya Sai,ANDHRA PRADESH,india
P.Byadagere,515311,Sri Sathya Sai,ANDHRA PRADESH,india
Ragalinganahalli,515311,Sri Sathya Sai,ANDHRA PRADESH,india
Agraharam,515281,Sri Sathya Sai,ANDHRA PRADESH,india
Halkur,515281,Sri Sathya Sai,ANDHRA PRADESH,india
Budidagaddapalli,515241,Sri Sathya Sai,ANDHRA PRADESH,india
Kaganapalli,515241,Sri Sathya Sai,ANDHRA PRADESH,india
Gantimarri,515101,Sri Sathya Sai,ANDHRA PRADESH,india
Polepalli,515101,Sri Sathya Sai,ANDHRA PRADESH,india
Tekulodu,515341,Sri Sathya Sai,ANDHRA PRADESH,india
Jakkasamudram,515231,Sri Sathya Sai,ANDHRA PRADESH,india
Karavulapalli,515231,Sri Sathya Sai,ANDHRA PRADESH,india
Mandalapalle,515231,Sri Sathya Sai,ANDHRA PRADESH,india
Vanavolu,515231,ANANTAPUR,ANDHRA PRADESH,india
Bommagondanahalli,515271,Sri Sathya Sai,ANDHRA PRADESH,india
M.Rayapuram,515271,Sri Sathya Sai,ANDHRA PRADESH,india
Thirumaladevarapalli,515271,Sri Sathya Sai,ANDHRA PRADESH,india
Duddebanda,515164,Sri Sathya Sai,ANDHRA PRADESH,india
Gunemorubagal,515286,Sri Sathya Sai,ANDHRA PRADESH,india
Nachenahalli,515286,Sri Sathya Sai,ANDHRA PRADESH,india
Gollapalli,515212,Sri Sathya Sai,ANDHRA PRADESH,india
Sasanakota,515212,Sri Sathya Sai,ANDHRA PRADESH,india
Yelloti,515303,ANANTAPUR,ANDHRA PRADESH,india
Mydugolam,515331,Sri Sathya Sai,ANDHRA PRADESH,india
Sirivaram,515331,Sri Sathya Sai,ANDHRA PRADESH,india
Yerrabommanahalli,515301,Sri Sathya Sai,ANDHRA PRADESH,india
Madakasira Bazaar,515301,Sri Sathya Sai,ANDHRA PRADESH,india
Kodihalli,515202,Sri Sathya Sai,ANDHRA PRADESH,india
Pulakunta B O,515202,Sri Sathya Sai,ANDHRA PRADESH,india
Guddampalle,515291,Sri Sathya Sai,ANDHRA PRADESH,india
Utukuru,515261,Sri Sathya Sai,ANDHRA PRADESH,india
Vittapalli,515261,Sri Sathya Sai,ANDHRA PRADESH,india
CHERUKURU,523169,Bapatla,ANDHRA PRADESH,india
Konapuram,515110,Sri Sathya Sai,ANDHRA PRADESH,india
Kondapuram,515110,Sri Sathya Sai,ANDHRA PRADESH,india
Kotlapalli,515110,Sri Sathya Sai,ANDHRA PRADESH,india
Basavanahalli,515305,Sri Sathya Sai,ANDHRA PRADESH,india
Gurrapukonda,515305,Sri Sathya Sai,ANDHRA PRADESH,india
Kumbaranagenahalli,515305,Sri Sathya Sai,ANDHRA PRADESH,india
Bucherla,515123,Sri Sathya Sai,ANDHRA PRADESH,india
Dodaghatta,515123,Sri Sathya Sai,ANDHRA PRADESH,india
Dokkalahalli,515321,Sri Sathya Sai,ANDHRA PRADESH,india
Hulikunta,515321,Sri Sathya Sai,ANDHRA PRADESH,india
Naginayanicheruvu Thanda,515122,Sri Sathya Sai,ANDHRA PRADESH,india
Kamavaram,518302,KURNOOL,ANDHRA PRADESH,india
Arikera,518395,KURNOOL,ANDHRA PRADESH,india
Kuruvalli,518395,KURNOOL,ANDHRA PRADESH,india
Peddahothur,518395,KURNOOL,ANDHRA PRADESH,india
Billekallu,518347,KURNOOL,ANDHRA PRADESH,india
Devanabanda,518347,KURNOOL,ANDHRA PRADESH,india
Haligera,518347,KURNOOL,ANDHRA PRADESH,india
Gulyam,518348,KURNOOL,ANDHRA PRADESH,india
Kogilathota,518346,KURNOOL,ANDHRA PRADESH,india
D. Kotakonda,518350,KURNOOL,ANDHRA PRADESH,india
Kandanathi,518350,KURNOOL,ANDHRA PRADESH,india
Bapuram,518344,KURNOOL,ANDHRA PRADESH,india
Kuppagallu,518344,KURNOOL,ANDHRA PRADESH,india
Upparahal,518344,KURNOOL,ANDHRA PRADESH,india
Urukunda,518344,KURNOOL,ANDHRA PRADESH,india
Malapalli,518313,KURNOOL,ANDHRA PRADESH,india
Vandagallu,518313,KURNOOL,ANDHRA PRADESH,india
Hampa,518385,KURNOOL,ANDHRA PRADESH,india
Kalludevakuntla,518345,KURNOOL,ANDHRA PRADESH,india
Pulichinta,518343,KURNOOL,ANDHRA PRADESH,india
Hosuru,518380,KURNOOL,ANDHRA PRADESH,india
Putchakayalamada,518380,KURNOOL,ANDHRA PRADESH,india
Doddanakeri,518323,KURNOOL,ANDHRA PRADESH,india
Doddimekala,518323,KURNOOL,ANDHRA PRADESH,india
H.Muravani,518323,KURNOOL,ANDHRA PRADESH,india
Kapati,518323,KURNOOL,ANDHRA PRADESH,india
Kothur,518390,KURNOOL,ANDHRA PRADESH,india
Kaggallu,518349,KURNOOL,ANDHRA PRADESH,india
MadhavaramB.O,518349,KURNOOL,ANDHRA PRADESH,india
Sathanur,518349,KURNOOL,ANDHRA PRADESH,india
Vagarur Thimmapuram,518349,KURNOOL,ANDHRA PRADESH,india
Parlapalli,518360,KURNOOL,ANDHRA PRADESH,india
T.B.P.Colony,518360,KURNOOL,ANDHRA PRADESH,india
T.Sallakudlur,518360,KURNOOL,ANDHRA PRADESH,india
Bhanumukkala,518422,Nandyal,ANDHRA PRADESH,india
Gokavaram,518422,Nandyal,ANDHRA PRADESH,india
Kurukunda,518422,Nandyal,ANDHRA PRADESH,india
Nandikunta,518422,Nandyal,ANDHRA PRADESH,india
Stantanpuram,518006,KURNOOL,ANDHRA PRADESH,india
Brahmanadoddi,518462,KURNOOL,ANDHRA PRADESH,india
Polukallu,518462,KURNOOL,ANDHRA PRADESH,india
T Samala Gudur,518462,KURNOOL,ANDHRA PRADESH,india
Alardinne,518465,KURNOOL,ANDHRA PRADESH,india
Kappatralla,518465,KURNOOL,ANDHRA PRADESH,india
Pallidoddi,518465,KURNOOL,ANDHRA PRADESH,india
Kamaganikuntla,518222,Nandyal,ANDHRA PRADESH,india
Malliyala,518222,Nandyal,ANDHRA PRADESH,india
Ungaralagundla,518222,Nandyal,ANDHRA PRADESH,india
Chunchu Erragudi,518225,KURNOOL,ANDHRA PRADESH,india
Kotakonda,518225,KURNOOL,ANDHRA PRADESH,india
Venkatapuram,518225,Nandyal,ANDHRA PRADESH,india
Korrapolur,518508,KURNOOL,ANDHRA PRADESH,india
Manchalakatta,518508,Nandyal,ANDHRA PRADESH,india
Regadigudur,518508,Nandyal,ANDHRA PRADESH,india
Diguvapadu,518452,KURNOOL,ANDHRA PRADESH,india
Puricherla,518452,KURNOOL,ANDHRA PRADESH,india
Thippanuru,518463,KURNOOL,ANDHRA PRADESH,india
B.Tandrapadu,518007,KURNOOL,ANDHRA PRADESH,india
Alebad,518220,Nandyal,ANDHRA PRADESH,india
A.Gokulapadu,518467,KURNOOL,ANDHRA PRADESH,india
Amadaguntla,518467,KURNOOL,ANDHRA PRADESH,india
Anugonda,518467,KURNOOL,ANDHRA PRADESH,india
Gorantla,518467,KURNOOL,ANDHRA PRADESH,india
K.Markapuram,518467,KURNOOL,ANDHRA PRADESH,india
Laddagiri,518467,KURNOOL,ANDHRA PRADESH,india
Krishna Puram,518464,KURNOOL,ANDHRA PRADESH,india
Pyalakurthi,518464,KURNOOL,ANDHRA PRADESH,india
Bannuru,518401,Nandyal,ANDHRA PRADESH,india
Mandlem,518401,Nandyal,ANDHRA PRADESH,india
Parumanchala,518401,Nandyal,ANDHRA PRADESH,india
Tarigopula,518401,Nandyal,ANDHRA PRADESH,india
Chelimilla,518442,Nandyal,ANDHRA PRADESH,india
Chandrapalli,518221,Nandyal,ANDHRA PRADESH,india
Chinnapodilla,518221,Nandyal,ANDHRA PRADESH,india
Gudipadu,518221,Nandyal,ANDHRA PRADESH,india
P.R.Palli,518221,Nandyal,ANDHRA PRADESH,india
Peddapaya,518221,Nandyal,ANDHRA PRADESH,india
Sebhaspuram,518221,KURNOOL,ANDHRA PRADESH,india
Marella,518468,KURNOOL,ANDHRA PRADESH,india
Rampalli,518468,KURNOOL,ANDHRA PRADESH,india
T.Sanugondla,518468,KURNOOL,ANDHRA PRADESH,india
Rahimanpuram,518598,Nandyal,ANDHRA PRADESH,india
Industrial Estate,518003,KURNOOL,ANDHRA PRADESH,india
Chinnatekur,518218,KURNOOL,ANDHRA PRADESH,india
Konganapadu,518218,KURNOOL,ANDHRA PRADESH,india
Nayakallu,518218,KURNOOL,ANDHRA PRADESH,india
Talla Gokulapadu,518216,KURNOOL,ANDHRA PRADESH,india
Banakacherla,518533,Nandyal,ANDHRA PRADESH,india
Gani,518010,Nandyal,ANDHRA PRADESH,india
Hussainapuram,518010,KURNOOL,ANDHRA PRADESH,india
Darga,523334,PRAKASAM,ANDHRA PRADESH,india
Nekunambad,523334,PRAKASAM,ANDHRA PRADESH,india
Pusalapadu,523334,PRAKASAM,ANDHRA PRADESH,india
J.Krishnapuram,523333,PRAKASAM,ANDHRA PRADESH,india
Jangamguntla,523333,PRAKASAM,ANDHRA PRADESH,india
Nagulavaram,523333,PRAKASAM,ANDHRA PRADESH,india
Chandavaram,523305,PRAKASAM,ANDHRA PRADESH,india
Gangadevipalle,523305,PRAKASAM,ANDHRA PRADESH,india
Gudipadu,523305,PRAKASAM,ANDHRA PRADESH,india
Polepalle,523305,PRAKASAM,ANDHRA PRADESH,india
Cumbumpadu,523330,PRAKASAM,ANDHRA PRADESH,india
Nadigadda,523330,PRAKASAM,ANDHRA PRADESH,india
Gangapalem,523327,PRAKASAM,ANDHRA PRADESH,india
Komarole,523327,PRAKASAM,ANDHRA PRADESH,india
Naidupalem,523327,PRAKASAM,ANDHRA PRADESH,india
Kavalakuntla,523327,PRAKASAM,ANDHRA PRADESH,india
Anantavaram,523315,PRAKASAM,ANDHRA PRADESH,india
Bodapadu,523315,PRAKASAM,ANDHRA PRADESH,india
Kalivelapalle,523315,PRAKASAM,ANDHRA PRADESH,india
Kocherlakota,523315,PRAKASAM,ANDHRA PRADESH,india
Pothalapadu,523315,PRAKASAM,ANDHRA PRADESH,india
Podilikondapalle,523357,PRAKASAM,ANDHRA PRADESH,india
Yellupalle,523357,PRAKASAM,ANDHRA PRADESH,india
Chintalapalle,523373,PRAKASAM,ANDHRA PRADESH,india
Gopalunipalle,523373,PRAKASAM,ANDHRA PRADESH,india
Hanumantharayunipalli,523373,PRAKASAM,ANDHRA PRADESH,india
Maddalamadaka,523336,PRAKASAM,ANDHRA PRADESH,india
Mittameedipalle,523336,PRAKASAM,ANDHRA PRADESH,india
Burjupalle,523367,PRAKASAM,ANDHRA PRADESH,india
Sanjeevaraopeta,523367,PRAKASAM,ANDHRA PRADESH,india
Katakanipalle,523331,PRAKASAM,ANDHRA PRADESH,india
Ramachandrakota,523331,PRAKASAM,ANDHRA PRADESH,india
Sanikavaram,523331,PRAKASAM,ANDHRA PRADESH,india
Thammadapalle,523331,PRAKASAM,ANDHRA PRADESH,india
Galizerugulla,523346,PRAKASAM,ANDHRA PRADESH,india
Khajipuram,523346,PRAKASAM,ANDHRA PRADESH,india
Kothapeta,523346,PRAKASAM,ANDHRA PRADESH,india
Singarapalle,523346,PRAKASAM,ANDHRA PRADESH,india
Akkapalem,523328,PRAKASAM,ANDHRA PRADESH,india
Marrivemula,523328,PRAKASAM,ANDHRA PRADESH,india
J.Pullalacheruvu,523368,PRAKASAM,ANDHRA PRADESH,india
Kalavapalle,523368,PRAKASAM,ANDHRA PRADESH,india
Somidevipalle,523368,PRAKASAM,ANDHRA PRADESH,india
Idamakallu,523369,PRAKASAM,ANDHRA PRADESH,india
Narashimapalle,523369,PRAKASAM,ANDHRA PRADESH,india
Seethanagulavaram,523332,PRAKASAM,ANDHRA PRADESH,india
Kethagudipi,523371,PRAKASAM,ANDHRA PRADESH,india
B.Cherlopalle,523320,PRAKASAM,ANDHRA PRADESH,india
Chatlamitta,523320,PRAKASAM,ANDHRA PRADESH,india
Darimadugu,523320,PRAKASAM,ANDHRA PRADESH,india
Devarajugattu,523320,PRAKASAM,ANDHRA PRADESH,india
Ganapavaram,523326,PRAKASAM,ANDHRA PRADESH,india
Mudivemula,523326,PRAKASAM,ANDHRA PRADESH,india
Ramachandrapuram,523329,PRAKASAM,ANDHRA PRADESH,india
Singanapalle,518196,Nandyal,ANDHRA PRADESH,india
Bachepalle,518543,Nandyal,ANDHRA PRADESH,india
Kotakandukur,518543,Nandyal,ANDHRA PRADESH,india
Mittapalle,518543,Nandyal,ANDHRA PRADESH,india
Muthalur,518543,Nandyal,ANDHRA PRADESH,india
Peddachintakunta,518543,Nandyal,ANDHRA PRADESH,india
Sarvaipalle,518543,Nandyal,ANDHRA PRADESH,india
Katikavanikunta,518124,Nandyal,ANDHRA PRADESH,india
Lingambodu,518124,Nandyal,ANDHRA PRADESH,india
Mangampeta,518124,Nandyal,ANDHRA PRADESH,india
Meerapuram,518124,Nandyal,ANDHRA PRADESH,india
Mittapalle,518124,Nandyal,ANDHRA PRADESH,india
Tangatur,518124,Nandyal,ANDHRA PRADESH,india
A.Kodur,518523,Nandyal,ANDHRA PRADESH,india
Karimaddula,518523,Nandyal,ANDHRA PRADESH,india
Pesaravai,518523,Nandyal,ANDHRA PRADESH,india
Godiganur,518553,Nandyal,ANDHRA PRADESH,india
Kalugotlapalle,518553,Nandyal,ANDHRA PRADESH,india
Peddavangali,518553,Nandyal,ANDHRA PRADESH,india
Chakarajuvemula,518135,Nandyal,ANDHRA PRADESH,india
Kondapuram,518135,Nandyal,ANDHRA PRADESH,india
Mahadevapuram,518583,Nandyal,ANDHRA PRADESH,india
Srirangapuram,518583,Nandyal,ANDHRA PRADESH,india
M.Chintakunta,518674,Nandyal,ANDHRA PRADESH,india
Bijanavemula,518134,Nandyal,ANDHRA PRADESH,india
Gulladurthi,518134,Nandyal,ANDHRA PRADESH,india
Harivaram,518134,Nandyal,ANDHRA PRADESH,india
Kalvatala,518123,Nandyal,ANDHRA PRADESH,india
Petnikota,518123,Nandyal,ANDHRA PRADESH,india
Thummalapenta,518123,Nandyal,ANDHRA PRADESH,india
Anupur,518176,Nandyal,ANDHRA PRADESH,india
Ramakrishnapuram,518176,Nandyal,ANDHRA PRADESH,india
Maseedpuram,518502,Nandyal,ANDHRA PRADESH,india
Pandurangapuram,518502,Nandyal,ANDHRA PRADESH,india
Raithunagaram,518502,Nandyal,ANDHRA PRADESH,india
Akkampalli,518145,Nandyal,ANDHRA PRADESH,india
Kunukuntala,518122,Nandyal,ANDHRA PRADESH,india
Balapanur,518112,Nandyal,ANDHRA PRADESH,india
Bhupanapadu,518112,Nandyal,ANDHRA PRADESH,india
Kavulur,518112,Nandyal,ANDHRA PRADESH,india
Konededu,518112,Nandyal,ANDHRA PRADESH,india
Thammarajupalle,518112,Nandyal,ANDHRA PRADESH,india
Ramakrishnapuram,518166,Nandyal,ANDHRA PRADESH,india
Ramireddipalle,518166,Nandyal,ANDHRA PRADESH,india
Chindukur,518511,Nandyal,ANDHRA PRADESH,india
Pulimaddi,518511,Nandyal,ANDHRA PRADESH,india
Chandalur,518594,Nandyal,ANDHRA PRADESH,india
Alavakonda,518165,Nandyal,ANDHRA PRADESH,india
Ramapuram,518513,Nandyal,ANDHRA PRADESH,india
Jillella,518563,Nandyal,ANDHRA PRADESH,india
Bollavaram,518512,Nandyal,ANDHRA PRADESH,india
Injedu,518155,Nandyal,ANDHRA PRADESH,india
Veerareddypalle,518573,Nandyal,ANDHRA PRADESH,india
KOTAPADU,523214,Bapatla,ANDHRA PRADESH,india
Obayapalle,516356,Y.S.R.,ANDHRA PRADESH,india
Bodithippanapadu,516431,Y.S.R.,ANDHRA PRADESH,india
Ponnathota,516431,Y.S.R.,ANDHRA PRADESH,india
Veparala,516431,Y.S.R.,ANDHRA PRADESH,india
Gudipadu,516175,Y.S.R.,ANDHRA PRADESH,india
Idamadaka,516175,Y.S.R.,ANDHRA PRADESH,india
Jillella,516175,Y.S.R.,ANDHRA PRADESH,india
Neelapuram,516175,Y.S.R.,ANDHRA PRADESH,india
Pullareddypeta,516175,Y.S.R.,ANDHRA PRADESH,india
Ramasainagar,516175,Y.S.R.,ANDHRA PRADESH,india
Kakirenipalle,516361,Y.S.R.,ANDHRA PRADESH,india
Chowdur,516361,Y.S.R.,ANDHRA PRADESH,india
Palur,516434,Y.S.R.,ANDHRA PRADESH,india
Peddamudium,516434,Y.S.R.,ANDHRA PRADESH,india
Sunnapurallapalle,516434,Y.S.R.,ANDHRA PRADESH,india
Anantapuram,516355,Y.S.R.,ANDHRA PRADESH,india
Vedururu,516355,Y.S.R.,ANDHRA PRADESH,india
Tallamapuram,516362,Y.S.R.,ANDHRA PRADESH,india
Eruvapalem,516359,Y.S.R.,ANDHRA PRADESH,india
Paidala,516359,Y.S.R.,ANDHRA PRADESH,india
Velavali,516359,Y.S.R.,ANDHRA PRADESH,india
Nallaballe,516380,Y.S.R.,ANDHRA PRADESH,india
Yamavaram,516380,Y.S.R.,ANDHRA PRADESH,india
Jandravaram,516172,Y.S.R.,ANDHRA PRADESH,india
Lakshmipeta,516172,Y.S.R.,ANDHRA PRADESH,india
Ellampalle,516173,Y.S.R.,ANDHRA PRADESH,india
Chinadandlur,516312,Y.S.R.,ANDHRA PRADESH,india
Illur,516312,Y.S.R.,ANDHRA PRADESH,india
Peddanapadu,516309,Y.S.R.,ANDHRA PRADESH,india
T Sunkesula,516309,Y.S.R.,ANDHRA PRADESH,india
Valasapalle,516309,Y.S.R.,ANDHRA PRADESH,india
Ganganapalle,516421,Y.S.R.,ANDHRA PRADESH,india
Santhakovur,516421,Y.S.R.,ANDHRA PRADESH,india
Koraguntapalle,516484,Y.S.R.,ANDHRA PRADESH,india
Madur,516484,Y.S.R.,ANDHRA PRADESH,india
Peddacheppalle,516289,Y.S.R.,ANDHRA PRADESH,india
Tsadipiralla,516289,Y.S.R.,ANDHRA PRADESH,india
Yerragudipadu,516289,Y.S.R.,ANDHRA PRADESH,india
Kodikandlapalle,516444,Y.S.R.,ANDHRA PRADESH,india
P Anantapuram,516444,Y.S.R.,ANDHRA PRADESH,india
Pathapalle,516464,ANANTAPUR,ANDHRA PRADESH,india
Sunkesula,516464,Y.S.R.,ANDHRA PRADESH,india
Kondur,516218,Y.S.R.,ANDHRA PRADESH,india
Machanur,516218,Y.S.R.,ANDHRA PRADESH,india
A. Obayapalle,516339,Y.S.R.,ANDHRA PRADESH,india
C Rajupalem,516339,Y.S.R.,ANDHRA PRADESH,india
Ganganapalle,516216,Y.S.R.,ANDHRA PRADESH,india
Srinivasapuram,516216,Y.S.R.,ANDHRA PRADESH,india
Ambakkapalle,516391,Y.S.R.,ANDHRA PRADESH,india
Erripalle,516391,Y.S.R.,ANDHRA PRADESH,india
Murarichintala,516391,Y.S.R.,ANDHRA PRADESH,india
Peddarangapuram,516391,Y.S.R.,ANDHRA PRADESH,india
R Thummalapalle,516391,Y.S.R.,ANDHRA PRADESH,india
Muthukur,516350,Y.S.R.,ANDHRA PRADESH,india
Konavaripalle,516474,Y.S.R.,ANDHRA PRADESH,india
Nedarapeta,516474,Y.S.R.,ANDHRA PRADESH,india
Siregepalle,516474,Y.S.R.,ANDHRA PRADESH,india
Kamballe,516401,Y.S.R.,ANDHRA PRADESH,india
T Thummalapalle,516401,Y.S.R.,ANDHRA PRADESH,india
Gangayapalle,516293,Y.S.R.,ANDHRA PRADESH,india
Animela,516321,Y.S.R.,ANDHRA PRADESH,india
Busireddypalle,516321,Y.S.R.,ANDHRA PRADESH,india
Gonumakulapalle,516321,Y.S.R.,ANDHRA PRADESH,india
Obulareddypalle,516321,Y.S.R.,ANDHRA PRADESH,india
Bhumayagaripalle,516349,Y.S.R.,ANDHRA PRADESH,india
Chinthagunta,517194,Tirupati,ANDHRA PRADESH,india
Nerabailu,517194,Tirupati,ANDHRA PRADESH,india
Thatimakulapalle,517194,Tirupati,ANDHRA PRADESH,india
Nadimcherla,517305,Annamayya,ANDHRA PRADESH,india
Ayyavaripalle,517277,Annamayya,ANDHRA PRADESH,india
Gundlapalle,517152,CHITTOOR,ANDHRA PRADESH,india
Vallivedu,517152,Tirupati,ANDHRA PRADESH,india
Peddamandyam,517297,Annamayya,ANDHRA PRADESH,india
Batagundrevaripalle,517213,CHITTOOR,ANDHRA PRADESH,india
Garnimitta,517213,CHITTOOR,ANDHRA PRADESH,india
Marella,517213,CHITTOOR,ANDHRA PRADESH,india
Sorakayalapeta,517213,CHITTOOR,ANDHRA PRADESH,india
Kalakada Doddipalle,517236,Annamayya,ANDHRA PRADESH,india
Kotagudibanda,517236,Annamayya,ANDHRA PRADESH,india
Nagaripalle,517234,CHITTOOR,ANDHRA PRADESH,india
Palamanda,517234,CHITTOOR,ANDHRA PRADESH,india
Kamavaram Kothapet,517172,CHITTOOR,ANDHRA PRADESH,india
Bhimavaram,517102,Tirupati,ANDHRA PRADESH,india
Buchinaidupalle,517102,Tirupati,ANDHRA PRADESH,india
Narsapur,504346,PRAKASAM,ANDHRA PRADESH,india
Shampur,504346,PRAKASAM,ANDHRA PRADESH,india
Ginnera,504346,PRAKASAM,ANDHRA PRADESH,india
Anantapur,515001,ANANTAPUR,ANDHRA PRADESH,india
Nandyal,518501,Nandyal,ANDHRA PRADESH,india
Srikalahasti,517644,Tirupati,ANDHRA PRADESH,india
Gudur,524101,Tirupati,ANDHRA PRADESH,india
Nellore,524001,SPSR NELLORE,ANDHRA PRADESH,india
Chirala,523155,Bapatla,ANDHRA PRADESH,india
Parvatipuram,535501,Parvathipuram Manyam,ANDHRA PRADESH,india
Rajahmundry,533101,EAST GODAVARI,ANDHRA PRADESH,india
Indervelli,504346,PRAKASAM,ANDHRA PRADESH,india
Kalyandurg,515761,ANANTAPUR,ANDHRA PRADESH,india
Kundurpi,515766,ANANTAPUR,ANDHRA PRADESH,india
Old Town,515005,ANANTAPUR,ANDHRA PRADESH,india
Reddivaripalem,515411,ANANTAPUR,ANDHRA PRADESH,india
Sainagar,515001,ANANTAPUR,ANDHRA PRADESH,india
Tadpatri Bazar,515411,ANANTAPUR,ANDHRA PRADESH,india
Tadpatri Bus Stand,515411,ANANTAPUR,ANDHRA PRADESH,india
Amidyaya,515822,ANANTAPUR,ANDHRA PRADESH,india
Old Guntakal,515803,ANANTAPUR,ANDHRA PRADESH,india
Rajendra Nagar,515801,ANANTAPUR,ANDHRA PRADESH,india
Chittoor Bazar,517001,CHITTOOR,ANDHRA PRADESH,india
Murukambattu,517127,CHITTOOR,ANDHRA PRADESH,india
Ramapuram,517403,CHITTOOR,ANDHRA PRADESH,india
Yadamari,517422,CHITTOOR,ANDHRA PRADESH,india
Chinnatippasamudram,517319,Annamayya,ANDHRA PRADESH,india
Rallabudugur,517423,CHITTOOR,ANDHRA PRADESH,india
Ramakuppam,517401,CHITTOOR,ANDHRA PRADESH,india
Venkatagirikota,517424,CHITTOOR,ANDHRA PRADESH,india
Anantharajupuram,516228,Y.S.R.,ANDHRA PRADESH,india
Badvel,516227,Y.S.R.,ANDHRA PRADESH,india
Chennampalli,516502,Y.S.R.,ANDHRA PRADESH,india
Cuddapah Coop Sugars,516163,Y.S.R.,ANDHRA PRADESH,india
Gopavaram Project Site,516233,Y.S.R.,ANDHRA PRADESH,india
Khajipet,516203,Y.S.R.,ANDHRA PRADESH,india
Anantharajupet,516105,Annamayya,ANDHRA PRADESH,india
Chakrapunayanipet,516128,Y.S.R.,ANDHRA PRADESH,india
Kodur,516101,Y.S.R.,ANDHRA PRADESH,india
Obulavaripalli,516108,Y.S.R.,ANDHRA PRADESH,india
T. Sundupalli,516130,Y.S.R.,ANDHRA PRADESH,india
Tangatur,516151,Y.S.R.,ANDHRA PRADESH,india
Bukkapatnam,515144,Sri Sathya Sai,ANDHRA PRADESH,india
Dharmavaram Bazar,515671,ANANTAPUR,ANDHRA PRADESH,india
Kanaganapalli,515641,Sri Sathya Sai,ANDHRA PRADESH,india
Kutagulla,515541,Sri Sathya Sai,ANDHRA PRADESH,india
Prasanthigram,515134,ANANTAPUR,ANDHRA PRADESH,india
Talupula,515581,Sri Sathya Sai,ANDHRA PRADESH,india
Alur,518395,KURNOOL,ANDHRA PRADESH,india
Halaharvi,518348,KURNOOL,ANDHRA PRADESH,india
Halvi,518333,KURNOOL,ANDHRA PRADESH,india
Holalagondi,518346,KURNOOL,ANDHRA PRADESH,india
Yemmiganur,518360,KURNOOL,ANDHRA PRADESH,india
Yemmiganur bazar,518360,KURNOOL,ANDHRA PRADESH,india
Dhone bazar,518222,Nandyal,ANDHRA PRADESH,india
GPRE College,518007,KURNOOL,ANDHRA PRADESH,india
Jaladurgam,518220,Nandyal,ANDHRA PRADESH,india
Knl osmaniacollege,518001,KURNOOL,ANDHRA PRADESH,india
Kodumur,518464,KURNOOL,ANDHRA PRADESH,india
Kurnool chowk,518001,KURNOOL,ANDHRA PRADESH,india
N R Peta KNL,518004,KURNOOL,ANDHRA PRADESH,india
Nandikotkur,518401,Nandyal,ANDHRA PRADESH,india
Pamulapadu,518442,Nandyal,ANDHRA PRADESH,india
Pendekallu,518468,Nandyal,ANDHRA PRADESH,india
Ramalla Kota,518217,KURNOOL,ANDHRA PRADESH,india
Rangapuram,518598,Nandyal,ANDHRA PRADESH,india
Sri Krishna Nagar,518002,KURNOOL,ANDHRA PRADESH,india
Ulindakonda,518218,KURNOOL,ANDHRA PRADESH,india
Velgode,518533,Nandyal,ANDHRA PRADESH,india
Donakonda R.S.,523305,PRAKASAM,ANDHRA PRADESH,india
Giddalur Bazar,523357,PRAKASAM,ANDHRA PRADESH,india
Giddalur West,523357,PRAKASAM,ANDHRA PRADESH,india
Komarole,523373,PRAKASAM,ANDHRA PRADESH,india
Markapur East,523316,PRAKASAM,ANDHRA PRADESH,india
Pullala Cheruvu,523328,PRAKASAM,ANDHRA PRADESH,india
Tarlupadu,523332,PRAKASAM,ANDHRA PRADESH,india
Thurimella,523372,PRAKASAM,ANDHRA PRADESH,india
Vemulakota,523329,PRAKASAM,ANDHRA PRADESH,india
Gospadu,518674,Nandyal,ANDHRA PRADESH,india
Nandyal Bazar,518501,Nandyal,ANDHRA PRADESH,india
Nandyal R.S.,518502,Nandyal,ANDHRA PRADESH,india
Polur,518511,Nandyal,ANDHRA PRADESH,india
Rudravaram,518594,Nandyal,ANDHRA PRADESH,india
Sanjamala,518165,Nandyal,ANDHRA PRADESH,india
Santajutur,518513,Nandyal,ANDHRA PRADESH,india
Srinivasa Nagar,518501,Nandyal,ANDHRA PRADESH,india
College Road,516360,Y.S.R.,ANDHRA PRADESH,india
Dommaranandyala,516431,Y.S.R.,ANDHRA PRADESH,india
Mydekur,516172,Y.S.R.,ANDHRA PRADESH,india
Peddapasupula,516411,Y.S.R.,ANDHRA PRADESH,india
Proddatur Fort,516360,Y.S.R.,ANDHRA PRADESH,india
Kamalapuram,516289,Y.S.R.,ANDHRA PRADESH,india
Lavanur,516464,Y.S.R.,ANDHRA PRADESH,india
Nandimandalam,516218,Y.S.R.,ANDHRA PRADESH,india
Simhadripuram,516454,Y.S.R.,ANDHRA PRADESH,india
Tallaproddatur,516474,Y.S.R.,ANDHRA PRADESH,india
Vemula,516349,Y.S.R.,ANDHRA PRADESH,india
Kalikiri,517234,CHITTOOR,ANDHRA PRADESH,india
Vayalpad,517299,Annamayya,ANDHRA PRADESH,india
Buchinaidu Kandriga,517645,Tirupati,ANDHRA PRADESH,india
Nagari,517590,CHITTOOR,ANDHRA PRADESH,india
Pissatur,517587,Tirupati,ANDHRA PRADESH,india
Satyavedu,517588,Tirupati,ANDHRA PRADESH,india
Srikalahasti North,517644,CHITTOOR,ANDHRA PRADESH,india
Thondamanadu,517641,Tirupati,ANDHRA PRADESH,india
Varadaiahpalem,517541,CHITTOOR,ANDHRA PRADESH,india
Vepagunta,517584,Tirupati,ANDHRA PRADESH,india
Yerpedu,517619,Tirupati,ANDHRA PRADESH,india
Kattakindavenkatapuram,517561,Tirupati,ANDHRA PRADESH,india
Papanaidupet,517526,Tirupati,ANDHRA PRADESH,india
R.S.Gardens,517507,CHITTOOR,ANDHRA PRADESH,india
Tiruchanoor Road,517501,CHITTOOR,ANDHRA PRADESH,india
Vadamalpet,517551,Tirupati,ANDHRA PRADESH,india
AVILALA,517508,Tirupati,ANDHRA PRADESH,india
Kopalle,534206,WEST GODAVARI,ANDHRA PRADESH,india
Rayakuduru,534247,WEST GODAVARI,ANDHRA PRADESH,india
Someswaralayam,534201,WEST GODAVARI,ANDHRA PRADESH,india
Sreeramapuram,534202,WEST GODAVARI,ANDHRA PRADESH,india
Vissakoderu,534244,WEST GODAVARI,ANDHRA PRADESH,india
Alamuru,534126,WEST GODAVARI,ANDHRA PRADESH,india
Ellamanchili,534268,WEST GODAVARI,ANDHRA PRADESH,india
Jinnuru,534265,WEST GODAVARI,ANDHRA PRADESH,india
Rustumbada,534275,WEST GODAVARI,ANDHRA PRADESH,india
Aravalli,534230,WEST GODAVARI,ANDHRA PRADESH,india
Hanumantharaopeta,534211,WEST GODAVARI,ANDHRA PRADESH,india
Chataparru,534004,Eluru,ANDHRA PRADESH,india
Eluru R.S,534005,Eluru,ANDHRA PRADESH,india
Gandhinagaram,534007,Eluru,ANDHRA PRADESH,india
Gundugolanu So.,534427,Eluru,ANDHRA PRADESH,india
Vijayarai,534475,Eluru,ANDHRA PRADESH,india
Westren Street,534003,Eluru,ANDHRA PRADESH,india
Pedavegi,534435,Eluru,ANDHRA PRADESH,india
Beedi Colony,534005,WEST GODAVARI,ANDHRA PRADESH,india
Gowrisankara Puram,534455,Eluru,ANDHRA PRADESH,india
Kaikaram,534416,WEST GODAVARI,ANDHRA PRADESH,india
Lakkavaram,534451,Eluru,ANDHRA PRADESH,india
Angaluru,521330,KRISHNA,ANDHRA PRADESH,india
Hanuman Junction,521105,KRISHNA,ANDHRA PRADESH,india
Kanumolu,521106,KRISHNA,ANDHRA PRADESH,india
Musunuru,521207,Eluru,ANDHRA PRADESH,india
Ramanakkapet.,521213,Eluru,ANDHRA PRADESH,india
Telaprolu,521109,Eluru,ANDHRA PRADESH,india
Kaluvoya,524343,SPSR NELLORE,ANDHRA PRADESH,india
Kota,524411,Tirupati,ANDHRA PRADESH,india
Kotapolur,524123,Tirupati,ANDHRA PRADESH,india
Sriharikota Range,524124,Tirupati,ANDHRA PRADESH,india
Venkatagiri Town,524132,Tirupati,ANDHRA PRADESH,india
VIKRAMASIMHAPURI UNIVERSITY,524324,SPSR NELLORE,ANDHRA PRADESH,india
Choutra,522003,GUNTUR,ANDHRA PRADESH,india
Guntur Collectorate,522004,GUNTUR,ANDHRA PRADESH,india
Kakumanu,522112,GUNTUR,ANDHRA PRADESH,india
Nehru Nagar,522001,GUNTUR,ANDHRA PRADESH,india
Tadikonda,522236,GUNTUR,ANDHRA PRADESH,india
Gandhikshetram,521122,KRISHNA,ANDHRA PRADESH,india
Nimmakuru,521158,KRISHNA,ANDHRA PRADESH,india
Pedakallepalli,521130,KRISHNA,ANDHRA PRADESH,india
Balaramunipet,521001,KRISHNA,ANDHRA PRADESH,india
Chilakalapudi,521002,KRISHNA,ANDHRA PRADESH,india
Godugupet,521001,KRISHNA,ANDHRA PRADESH,india
Rajupet,521001,KRISHNA,ANDHRA PRADESH,india
Ainavole,522659,Palnadu,ANDHRA PRADESH,india
Bandlamottu,522663,Palnadu,ANDHRA PRADESH,india
Komaravallipadu,522616,Palnadu,ANDHRA PRADESH,india
N.S.C.Colony,522601,Palnadu,ANDHRA PRADESH,india
Pedakancherla,522649,Palnadu,ANDHRA PRADESH,india
Savalyapuram,522646,Palnadu,ANDHRA PRADESH,india
Brahmanapalle,522437,Palnadu,ANDHRA PRADESH,india
Gandhi Chowk,522403,Palnadu,ANDHRA PRADESH,india
Macherla,522426,Palnadu,ANDHRA PRADESH,india
Piduguralla,522413,Palnadu,ANDHRA PRADESH,india
Vijayapuri South,522439,Palnadu,ANDHRA PRADESH,india
Dagadarthi,524240,SPSR NELLORE,ANDHRA PRADESH,india
Varikuntapadu,524227,SPSR NELLORE,ANDHRA PRADESH,india
Balajinagar,524002,SPSR NELLORE,ANDHRA PRADESH,india
Dcbc,524003,SPSR NELLORE,ANDHRA PRADESH,india
Gandavaram,524317,SPSR NELLORE,ANDHRA PRADESH,india
Mulapeta,524003,SPSR NELLORE,ANDHRA PRADESH,india
Northrajupalem,524366,SPSR NELLORE,ANDHRA PRADESH,india
Bosenagar,523155,Bapatla,ANDHRA PRADESH,india
Chinaganjam,523135,Bapatla,ANDHRA PRADESH,india
Jandrapet,523165,Bapatla,ANDHRA PRADESH,india
Karamchedu,523168,Bapatla,ANDHRA PRADESH,india
Pandillapalli,523184,Bapatla,ANDHRA PRADESH,india
Ravuri Pet,523187,Bapatla,ANDHRA PRADESH,india
Santha Bazar,523155,Bapatla,ANDHRA PRADESH,india
Kandukur Cutchery,523105,PRAKASAM,ANDHRA PRADESH,india
Peda Pavani,523115,PRAKASAM,ANDHRA PRADESH,india
S.Konda,523101,PRAKASAM,ANDHRA PRADESH,india
Tangutur,523274,PRAKASAM,ANDHRA PRADESH,india
Ulavapadu,523292,PRAKASAM,ANDHRA PRADESH,india
Konakana Metla,523241,PRAKASAM,ANDHRA PRADESH,india
Uppalapadu,523253,PRAKASAM,ANDHRA PRADESH,india
Ethamukkala,523280,PRAKASAM,ANDHRA PRADESH,india
Gopala Nagar,523001,PRAKASAM,ANDHRA PRADESH,india
M.M.T. Road,523212,Bapatla,ANDHRA PRADESH,india
Prakasam Bhavan,523001,PRAKASAM,ANDHRA PRADESH,india
Ramnagar,523201,Bapatla,ANDHRA PRADESH,india
Tellapadu,523263,PRAKASAM,ANDHRA PRADESH,india
Throvagunta,523262,PRAKASAM,ANDHRA PRADESH,india
Kanigiri,523230,PRAKASAM,ANDHRA PRADESH,india
Basivireddipeta,534301,WEST GODAVARI,ANDHRA PRADESH,india
Gowtaminagar,534350,WEST GODAVARI,ANDHRA PRADESH,india
Samisragudem,534302,WEST GODAVARI,ANDHRA PRADESH,india
Vegeswarapuram,534340,WEST GODAVARI,ANDHRA PRADESH,india
Nallajerla,534112,WEST GODAVARI,ANDHRA PRADESH,india
Tadepalligudem Town,534101,WEST GODAVARI,ANDHRA PRADESH,india
Vunguturu,534411,WEST GODAVARI,ANDHRA PRADESH,india
Yandagandi,534186,WEST GODAVARI,ANDHRA PRADESH,india
Cheruvu,522113,Bapatla,ANDHRA PRADESH,india
Kanagala,522259,Bapatla,ANDHRA PRADESH,india
Ponnur,522124,GUNTUR,ANDHRA PRADESH,india
Amartaluru,522325,Bapatla,ANDHRA PRADESH,india
Angalakudur,522211,GUNTUR,ANDHRA PRADESH,india
Bhattiprolu,522256,Bapatla,ANDHRA PRADESH,india
China Ravuru Tenali,522201,GUNTUR,ANDHRA PRADESH,india
Ithanagar,522201,GUNTUR,ANDHRA PRADESH,india
Kolakaluru,522307,GUNTUR,ANDHRA PRADESH,india
Vemuru,522261,Bapatla,ANDHRA PRADESH,india
Suryaraopet,520002,NTR,ANDHRA PRADESH,india
A.C.Company,520003,NTR,ANDHRA PRADESH,india
A.P.H.B.Colony,520012,NTR,ANDHRA PRADESH,india
G Konduru,521229,NTR,ANDHRA PRADESH,india
Ibrahimpatnam,521456,NTR,ANDHRA PRADESH,india
Juzzuru,521181,NTR,ANDHRA PRADESH,india
Kapileswarapuram,521246,KRISHNA,ANDHRA PRADESH,india
Katuru,521164,KRISHNA,ANDHRA PRADESH,india
Kumaraswamy Raja Nagar,521457,NTR,ANDHRA PRADESH,india
Lakshmana Nagar,521165,KRISHNA,ANDHRA PRADESH,india
Mantada,521256,KRISHNA,ANDHRA PRADESH,india
Vja Rly Divl Office,520001,NTR,ANDHRA PRADESH,india
Anatavaram,533222,Konaseema,ANDHRA PRADESH,india
Mukkamala,533241,Konaseema,ANDHRA PRADESH,india
Rdos Office Road,533201,Konaseema,ANDHRA PRADESH,india
Malikipuram,533253,EAST GODAVARI,ANDHRA PRADESH,india
Ponnamanda,533248,Konaseema,ANDHRA PRADESH,india
Sivakodu,533244,Konaseema,ANDHRA PRADESH,india
A Koduru,531022,Anakapalli,ANDHRA PRADESH,india
Dimili,531061,VISAKHAPATANAM,ANDHRA PRADESH,india
Jawaharlalnehru Pharmacity,531019,Anakapalli,ANDHRA PRADESH,india
Kasimkota,531031,VISAKHAPATANAM,ANDHRA PRADESH,india
Lakkavaram,531075,Anakapalli,ANDHRA PRADESH,india
Ntpc Simhadri,531020,VISAKHAPATANAM,ANDHRA PRADESH,india
Chintapalli,531111,Alluri Sitharama Raju,ANDHRA PRADESH,india
Makavarapalem,531113,Anakapalli,ANDHRA PRADESH,india
Nathavaram,531115,VISAKHAPATANAM,ANDHRA PRADESH,india
Pedagummuluru,531083,Anakapalli,ANDHRA PRADESH,india
APSP Camp,533005,Kakinada,ANDHRA PRADESH,india
Coringa,533461,Kakinada,ANDHRA PRADESH,india
KD collectorate,533001,EAST GODAVARI,ANDHRA PRADESH,india
Turangi,533016,Kakinada,ANDHRA PRADESH,india
Dairy Farm Center,533007,EAST GODAVARI,ANDHRA PRADESH,india
Annavaram,533406,Kakinada,ANDHRA PRADESH,india
Kotananduru,533407,Kakinada,ANDHRA PRADESH,india
Peddapuram Town,533437,EAST GODAVARI,ANDHRA PRADESH,india
Prathipadu,533432,Kakinada,ANDHRA PRADESH,india
Rajavommangi,533436,Alluri Sitharama Raju,ANDHRA PRADESH,india
Rangampeta,533291,EAST GODAVARI,ANDHRA PRADESH,india
Vetlapalem,533434,Kakinada,ANDHRA PRADESH,india
Balijipeta,535557,Parvathipuram Manyam,ANDHRA PRADESH,india
Chipurupalle,535128,VIZIANAGARAM,ANDHRA PRADESH,india
Shreeramnagar,535101,VIZIANAGARAM,ANDHRA PRADESH,india
Pakki,535569,VIZIANAGARAM,ANDHRA PRADESH,india
Jiyyammavalsa,535594,Parvathipuram Manyam,ANDHRA PRADESH,india
Kurupam,535524,Parvathipuram Manyam,ANDHRA PRADESH,india
Seetharampuram Inam,532461,SRIKAKULAM,ANDHRA PRADESH,india
Veeraghattam,532460,Parvathipuram Manyam,ANDHRA PRADESH,india
Fort Gate,533101,EAST GODAVARI,ANDHRA PRADESH,india
Kadiyam,533126,EAST GODAVARI,ANDHRA PRADESH,india
Sithanagaram,533287,EAST GODAVARI,ANDHRA PRADESH,india
Spinning Mills Centre,533106,EAST GODAVARI,ANDHRA PRADESH,india
NDC Rajahmundry,533108,EAST GODAVARI,ANDHRA PRADESH,india
Bikkavolu,533343,EAST GODAVARI,ANDHRA PRADESH,india
Chintaluru,533232,Konaseema,ANDHRA PRADESH,india
Mandapeta,533308,Konaseema,ANDHRA PRADESH,india
K gangavaram,533355,EAST GODAVARI,ANDHRA PRADESH,india
Budithi,532427,SRIKAKULAM,ANDHRA PRADESH,india
Burja,532445,SRIKAKULAM,ANDHRA PRADESH,india
Dusi Rs,532484,SRIKAKULAM,ANDHRA PRADESH,india
Jalumuru,532432,SRIKAKULAM,ANDHRA PRADESH,india
Narasannapeta Market,532421,SRIKAKULAM,ANDHRA PRADESH,india
Nivagam,532457,SRIKAKULAM,ANDHRA PRADESH,india
Urlam,532425,SRIKAKULAM,ANDHRA PRADESH,india
Srikakulam Collectorate,532001,SRIKAKULAM,ANDHRA PRADESH,india
Srikakulam Zilla Parishad,532001,SRIKAKULAM,ANDHRA PRADESH,india
Baruva R S,532264,SRIKAKULAM,ANDHRA PRADESH,india
Mandasa,532242,SRIKAKULAM,ANDHRA PRADESH,india
Palasa,532221,SRIKAKULAM,ANDHRA PRADESH,india
Venkateswara Colony,532203,SRIKAKULAM,ANDHRA PRADESH,india
Nandigam,532204,SRIKAKULAM,ANDHRA PRADESH,india
D.C. Buildings,530002,VISAKHAPATANAM,ANDHRA PRADESH,india
Fortward,530001,VISAKHAPATANAM,ANDHRA PRADESH,india
Gitam Engg. College,530045,VISAKHAPATANAM,ANDHRA PRADESH,india
Isakathota,530022,VISAKHAPATANAM,ANDHRA PRADESH,india
Madhurawada,530048,VISAKHAPATANAM,ANDHRA PRADESH,india
Turners Choultry,530002,VISAKHAPATANAM,ANDHRA PRADESH,india
Ratnagiri Colony,530041,VISAKHAPATANAM,ANDHRA PRADESH,india
Anandapuram,530052,VISAKHAPATANAM,ANDHRA PRADESH,india
Bheemunipatnam,531163,VISAKHAPATANAM,ANDHRA PRADESH,india
Chittivalasa,531162,VISAKHAPATANAM,ANDHRA PRADESH,india
Gajuwaka,530026,VISAKHAPATANAM,ANDHRA PRADESH,india
Gnanapuram,530004,VISAKHAPATANAM,ANDHRA PRADESH,india
Industrial Estate,530007,VISAKHAPATANAM,ANDHRA PRADESH,india
Muralinagar,530007,VISAKHAPATANAM,ANDHRA PRADESH,india
R P Agraharam,531219,VISAKHAPATANAM,ANDHRA PRADESH,india
Special Economic Zone,530049,VISAKHAPATANAM,ANDHRA PRADESH,india
Aganampudi,530053,VISAKHAPATANAM,ANDHRA PRADESH,india
Sontyam,530059,VISAKHAPATANAM,ANDHRA PRADESH,india
Alamanda R S,535240,VIZIANAGARAM,ANDHRA PRADESH,india
Bhogapuram,535216,VIZIANAGARAM,ANDHRA PRADESH,india
Denkada,535006,VIZIANAGARAM,ANDHRA PRADESH,india
Pedamajjipalem,535221,VIZIANAGARAM,ANDHRA PRADESH,india
Ss Korukonda,535214,VIZIANAGARAM,ANDHRA PRADESH,india
Vizianagaram City,535001,VIZIANAGARAM,ANDHRA PRADESH,india
DATTIRAJERU,535582,VIZIANAGARAM,ANDHRA PRADESH,india
Chivatam,534216,WEST GODAVARI,ANDHRA PRADESH,india
Gudivakalanka,534004,Eluru,ANDHRA PRADESH,india
Jalipudi,534004,Eluru,ANDHRA PRADESH,india
Naidugudem,534437,Eluru,ANDHRA PRADESH,india
Koppaka,534003,Eluru,ANDHRA PRADESH,india
Vanguru,534002,Eluru,ANDHRA PRADESH,india
Challachintalapudi,534425,Eluru,ANDHRA PRADESH,india
M.Nagulapally,534425,Eluru,ANDHRA PRADESH,india
R.Pangidigudem,534425,Eluru,ANDHRA PRADESH,india
Surappagudem,534425,Eluru,ANDHRA PRADESH,india
Antervedigudem,534448,Eluru,ANDHRA PRADESH,india
Mangaiahpalem,534448,Eluru,ANDHRA PRADESH,india
Ravulaparru,534406,WEST GODAVARI,ANDHRA PRADESH,india
Mallayagudem,534460,Eluru,ANDHRA PRADESH,india
Pothunuru,534460,Eluru,ANDHRA PRADESH,india
Utasamudram,534460,Eluru,ANDHRA PRADESH,india
Venkatapuram,534460,Eluru,ANDHRA PRADESH,india
K.Gokavaram,534462,Eluru,ANDHRA PRADESH,india
Tch Rayudupalem,534462,Eluru,ANDHRA PRADESH,india
Dorasanipadu,534426,Eluru,ANDHRA PRADESH,india
East Yedavally,534426,Eluru,ANDHRA PRADESH,india
Tirumalampalem,534426,Eluru,ANDHRA PRADESH,india
Venkatakrishnapuram,534426,Eluru,ANDHRA PRADESH,india
Perampeta,534455,Eluru,ANDHRA PRADESH,india
A.Polavaram,534456,Eluru,ANDHRA PRADESH,india
Bandivarigudem,534456,Eluru,ANDHRA PRADESH,india
Kopalli,534311,Eluru,ANDHRA PRADESH,india
Kotaramachandrapuram,534311,Eluru,ANDHRA PRADESH,india
Puliramannagudem,534311,Eluru,ANDHRA PRADESH,india
Bayyanagudem,534312,Eluru,ANDHRA PRADESH,india
Bodigudem,534312,Eluru,ANDHRA PRADESH,india
Rajavaram,534312,Eluru,ANDHRA PRADESH,india
Narasannapalem,534312,Eluru,ANDHRA PRADESH,india
G.Kothapalli,534451,Eluru,ANDHRA PRADESH,india
I.S.Jagannadhapuram,534451,Eluru,ANDHRA PRADESH,india
Sankuchakrapuram,534461,Eluru,ANDHRA PRADESH,india
Velagapally,534461,Eluru,ANDHRA PRADESH,india
P.Kannapuram,534401,Eluru,ANDHRA PRADESH,india
Bandamcherla,534467,Eluru,ANDHRA PRADESH,india
Jogannapalem,534450,Eluru,ANDHRA PRADESH,india
Vegivada,534452,Eluru,ANDHRA PRADESH,india
Serikalavapudi,521330,KRISHNA,ANDHRA PRADESH,india
Siddantham,521330,KRISHNA,ANDHRA PRADESH,india
Munipeda,521320,KRISHNA,ANDHRA PRADESH,india
Nidamarru,521320,KRISHNA,ANDHRA PRADESH,india
Gandhi Asramam,521322,KRISHNA,ANDHRA PRADESH,india
Komaravolu,521322,KRISHNA,ANDHRA PRADESH,india
Lakshminarasimhapuram,521321,KRISHNA,ANDHRA PRADESH,india
Moparru,521321,KRISHNA,ANDHRA PRADESH,india
Tummalapalli,521321,KRISHNA,ANDHRA PRADESH,india
Gopavaram,521333,Eluru,ANDHRA PRADESH,india
Varahapatnam,521333,Eluru,ANDHRA PRADESH,india
Mokasakalvapudi,521345,Eluru,ANDHRA PRADESH,india
Pedakamanapudi,521325,Eluru,ANDHRA PRADESH,india
Appikatla,521261,KRISHNA,ANDHRA PRADESH,india
Bhujabalapatnam,521340,Eluru,ANDHRA PRADESH,india
Doddipatla,521340,Eluru,ANDHRA PRADESH,india
Chevuru,521329,Eluru,ANDHRA PRADESH,india
Vadavalli,521329,Eluru,ANDHRA PRADESH,india
Vanudurru,521329,Eluru,ANDHRA PRADESH,india
Addada,521390,KRISHNA,ANDHRA PRADESH,india
Unikili,521326,Eluru,ANDHRA PRADESH,india
Ponukumada,521327,KRISHNA,ANDHRA PRADESH,india
Siddharthanagar,521202,Eluru,ANDHRA PRADESH,india
Bapulapadu,521105,KRISHNA,ANDHRA PRADESH,india
Koyyuru,521105,KRISHNA,ANDHRA PRADESH,india
Serinarasannapalem,521105,KRISHNA,ANDHRA PRADESH,india
Mukkollupadu,521207,Eluru,ANDHRA PRADESH,india
Pothureddipalli,521207,Eluru,ANDHRA PRADESH,india
Akkireddygudem,521213,Eluru,ANDHRA PRADESH,india
Chekkapalli,521213,Eluru,ANDHRA PRADESH,india
Kondaparva,521213,NTR,ANDHRA PRADESH,india
Lopudi,521213,Eluru,ANDHRA PRADESH,india
Surepalli,521213,Eluru,ANDHRA PRADESH,india
Tummagudem,521213,Eluru,ANDHRA PRADESH,india
Gudipadu,521214,Eluru,ANDHRA PRADESH,india
Korlamanda,521214,NTR,ANDHRA PRADESH,india
Polavaram,521214,Eluru,ANDHRA PRADESH,india
Kudapa,521215,NTR,ANDHRA PRADESH,india
Kunaparajaparva,521215,NTR,ANDHRA PRADESH,india
Reddigudem,521215,NTR,ANDHRA PRADESH,india
Tatakuntla,521215,NTR,ANDHRA PRADESH,india
Ponukumadu,521312,Eluru,ANDHRA PRADESH,india
Velinuthala,521312,Eluru,ANDHRA PRADESH,india
Gosavedu,521403,NTR,ANDHRA PRADESH,india
Ammireddigudem,521403,NTR,ANDHRA PRADESH,india
Kanumuru,521403,NTR,ANDHRA PRADESH,india
Vinagadapa,521403,NTR,ANDHRA PRADESH,india
Nemali,521401,NTR,ANDHRA PRADESH,india
Chintalapadu,521235,KRISHNA,ANDHRA PRADESH,india
Kokilampadu,521235,KRISHNA,ANDHRA PRADESH,india
Kommireddipalli,521235,KRISHNA,ANDHRA PRADESH,india
Sriniketan,521235,KRISHNA,ANDHRA PRADESH,india
Ammapalem,524404,Tirupati,ANDHRA PRADESH,india
Zangalapalli,524404,Tirupati,ANDHRA PRADESH,india
Kotitheertham,524341,SPSR NELLORE,ANDHRA PRADESH,india
Madapalli,524341,SPSR NELLORE,ANDHRA PRADESH,india
Paderu,524341,SPSR NELLORE,ANDHRA PRADESH,india
Ulavapalli,524341,SPSR NELLORE,ANDHRA PRADESH,india
Vavileru,524341,SPSR NELLORE,ANDHRA PRADESH,india
Madhavayapalem,524134,Tirupati,ANDHRA PRADESH,india
Palugodu,524134,Tirupati,ANDHRA PRADESH,india
Alimili,524131,SPSR NELLORE,ANDHRA PRADESH,india
Chittedu,524410,Tirupati,ANDHRA PRADESH,india
Kesavaram,524410,Tirupati,ANDHRA PRADESH,india
Devaravemuru,524409,SPSR NELLORE,ANDHRA PRADESH,india
Talupur,524409,SPSR NELLORE,ANDHRA PRADESH,india
Brahmanapalli,524343,SPSR NELLORE,ANDHRA PRADESH,india
Kullur,524343,SPSR NELLORE,ANDHRA PRADESH,india
Mizur,524123,Tirupati,ANDHRA PRADESH,india
Togaramudi,524123,Tirupati,ANDHRA PRADESH,india
Venumbaka,524123,Tirupati,ANDHRA PRADESH,india
Dugarajapatnam,524403,Tirupati,ANDHRA PRADESH,india
Mulapadava,524403,Tirupati,ANDHRA PRADESH,india
Madamanur,524405,SPSR NELLORE,ANDHRA PRADESH,india
Athivaram,524421,Tirupati,ANDHRA PRADESH,india
Chigurupadu,524421,Tirupati,ANDHRA PRADESH,india
Annamedu,524126,SPSR NELLORE,ANDHRA PRADESH,india
Kapulur,524126,SPSR NELLORE,ANDHRA PRADESH,india
Muchalagunta,524126,SPSR NELLORE,ANDHRA PRADESH,india
Nelaballi,524126,SPSR NELLORE,ANDHRA PRADESH,india
Vinnamala,524126,SPSR NELLORE,ANDHRA PRADESH,india
Tatipartipalem,524323,SPSR NELLORE,ANDHRA PRADESH,india
Akkagaripeta,524129,Tirupati,ANDHRA PRADESH,india
Chembedu,524129,Tirupati,ANDHRA PRADESH,india
Punabaka,524129,Tirupati,ANDHRA PRADESH,india
Amancherla,524345,SPSR NELLORE,ANDHRA PRADESH,india
Marupur,524345,SPSR NELLORE,ANDHRA PRADESH,india
Nawabpeta,524408,SPSR NELLORE,ANDHRA PRADESH,india
Siddavaram,524408,SPSR NELLORE,ANDHRA PRADESH,india
Vatambedu,524121,Tirupati,ANDHRA PRADESH,india
Gulimcherla,524407,SPSR NELLORE,ANDHRA PRADESH,india
Marlapudi,524407,SPSR NELLORE,ANDHRA PRADESH,india
Pokkandala,524407,SPSR NELLORE,ANDHRA PRADESH,india
Irakam,524401,Tirupati,ANDHRA PRADESH,india
Kallur,524415,Tirupati,ANDHRA PRADESH,india
Guruvindapudi,524320,SPSR NELLORE,ANDHRA PRADESH,india
Telugugangaproject,524132,Tirupati,ANDHRA PRADESH,india
Yathalur,524132,Tirupati,ANDHRA PRADESH,india
Kandamur,524309,SPSR NELLORE,ANDHRA PRADESH,india
Nedurupalli,524309,SPSR NELLORE,ANDHRA PRADESH,india
Surayapalem,524309,SPSR NELLORE,ANDHRA PRADESH,india
Tatiparthi,524309,SPSR NELLORE,ANDHRA PRADESH,india
Kurugonda,524402,SPSR NELLORE,ANDHRA PRADESH,india
Sagutur,524402,SPSR NELLORE,ANDHRA PRADESH,india
Aravapalem,524127,SPSR NELLORE,ANDHRA PRADESH,india
Aruru,524127,Tirupati,ANDHRA PRADESH,india
Chillamur,524127,Tirupati,ANDHRA PRADESH,india
Molakalapudi,524127,Tirupati,ANDHRA PRADESH,india
Uppalamarthy,524127,Tirupati,ANDHRA PRADESH,india
Kopparru,522015,GUNTUR,ANDHRA PRADESH,india
Vangipuram,522015,GUNTUR,ANDHRA PRADESH,india
Budampadu,522017,GUNTUR,ANDHRA PRADESH,india
Garapadu,522017,GUNTUR,ANDHRA PRADESH,india
Ballukanudivari Palem,522112,GUNTUR,ANDHRA PRADESH,india
Garikapadu,522112,GUNTUR,ANDHRA PRADESH,india
Ankireddypalem,522005,GUNTUR,ANDHRA PRADESH,india
Anaparru,522235,GUNTUR,ANDHRA PRADESH,india
Katrapadu,522235,GUNTUR,ANDHRA PRADESH,india
Gottipadu,522019,GUNTUR,ANDHRA PRADESH,india
Nadimpalem,522019,GUNTUR,ANDHRA PRADESH,india
Pedapalakaluru,522009,GUNTUR,ANDHRA PRADESH,india
Dharanikota,522020,Palnadu,ANDHRA PRADESH,india
Navuluru,522502,GUNTUR,ANDHRA PRADESH,india
Chirravuru,522303,GUNTUR,ANDHRA PRADESH,india
Uppalapadu,522509,GUNTUR,ANDHRA PRADESH,india
Damarapalle,522018,GUNTUR,ANDHRA PRADESH,india
Pamulapadu,522018,GUNTUR,ANDHRA PRADESH,india
Kunchanapalle,522501,GUNTUR,ANDHRA PRADESH,india
Rain Tree Park,522508,GUNTUR,ANDHRA PRADESH,india
Anantavaram,522236,GUNTUR,ANDHRA PRADESH,india
Rayapudi,522237,GUNTUR,ANDHRA PRADESH,india
Sakhamuru,522237,GUNTUR,ANDHRA PRADESH,india
Venkatapalem,522237,GUNTUR,ANDHRA PRADESH,india
Amaravram,534444,Eluru,ANDHRA PRADESH,india
Ravigudem,534444,Eluru,ANDHRA PRADESH,india
Forebey Dam Camp,533348,Alluri Sitharama Raju,ANDHRA PRADESH,india
Velairpadu,534444,Eluru,ANDHRA PRADESH,india
Chatti,533347,EAST GODAVARI,ANDHRA PRADESH,india
Gogubaka,533352,EAST GODAVARI,ANDHRA PRADESH,india
Tummala,533347,EAST GODAVARI,ANDHRA PRADESH,india
Uppanapalligattu,533352,EAST GODAVARI,ANDHRA PRADESH,india
RAMAGOPALAPURAM.,533352,EAST GODAVARI,ANDHRA PRADESH,india
Rakapalli,533349,Alluri Sitharama Raju,ANDHRA PRADESH,india
Vakkalagadda,521126,KRISHNA,ANDHRA PRADESH,india
Modumudi,521122,KRISHNA,ANDHRA PRADESH,india
Pittalalanka,521122,KRISHNA,ANDHRA PRADESH,india
V.Rudravaram,521133,KRISHNA,ANDHRA PRADESH,india
Kokanarayanapalem,521149,KRISHNA,ANDHRA PRADESH,india
Turakapalem,521150,KRISHNA,ANDHRA PRADESH,india
Tadepalli,521132,KRISHNA,ANDHRA PRADESH,india
Velivolu,521132,KRISHNA,ANDHRA PRADESH,india
Lankapalli,521131,KRISHNA,ANDHRA PRADESH,india
Chiruvolulanka,521125,KRISHNA,ANDHRA PRADESH,india
Kokkiligadda,521125,KRISHNA,ANDHRA PRADESH,india
Nagayatippa,521125,KRISHNA,ANDHRA PRADESH,india
Vemulamada,521135,KRISHNA,ANDHRA PRADESH,india
Edurumondi,521120,KRISHNA,ANDHRA PRADESH,india
Ganapeswaram,521120,KRISHNA,ANDHRA PRADESH,india
Nali,521120,KRISHNA,ANDHRA PRADESH,india
Nangegadda,521120,KRISHNA,ANDHRA PRADESH,india
Talagadadeevi,521120,KRISHNA,ANDHRA PRADESH,india
Nimmaluru,521158,KRISHNA,ANDHRA PRADESH,india
Palankipadu,521158,KRISHNA,ANDHRA PRADESH,india
Pasumarru,521157,KRISHNA,ANDHRA PRADESH,india
Venaktapuram,521130,KRISHNA,ANDHRA PRADESH,india
Rayavaram,521162,KRISHNA,ANDHRA PRADESH,india
Pothepalli,521002,KRISHNA,ANDHRA PRADESH,india
Machavaram,523113,PRAKASAM,ANDHRA PRADESH,india
Kammavaricheruvu,521003,KRISHNA,ANDHRA PRADESH,india
S.N.Gollapalem,521003,KRISHNA,ANDHRA PRADESH,india
Tummalacheruvu,521003,KRISHNA,ANDHRA PRADESH,india
Kongamcherla,521331,KRISHNA,ANDHRA PRADESH,india
Chittipalem,521366,KRISHNA,ANDHRA PRADESH,india
L.K.Gunta,521366,KRISHNA,ANDHRA PRADESH,india
Saradanagar,521004,KRISHNA,ANDHRA PRADESH,india
PATHAZADDAVARIPALEM,522659,Palnadu,ANDHRA PRADESH,india
PEDDAVARAM,522659,Palnadu,ANDHRA PRADESH,india
Gandiganumala,522663,Palnadu,ANDHRA PRADESH,india
Gottipadu,522616,Palnadu,ANDHRA PRADESH,india
Syamarajapuram,522612,Palnadu,ANDHRA PRADESH,india
JANGAMAHESWARAPADU,522612,Palnadu,ANDHRA PRADESH,india
Turlapadu,522619,Palnadu,ANDHRA PRADESH,india
Udjerla,522658,Palnadu,ANDHRA PRADESH,india
Sankarapuram,522614,Palnadu,ANDHRA PRADESH,india
Gonepudi,522611,Palnadu,ANDHRA PRADESH,india
Govindapuram,522611,Palnadu,ANDHRA PRADESH,india
Irlapadu,522611,Palnadu,ANDHRA PRADESH,india
Gopalamvaripalem,522626,Palnadu,ANDHRA PRADESH,india
Tatapudi,522626,Palnadu,ANDHRA PRADESH,india
Chirumamilla,522234,Palnadu,ANDHRA PRADESH,india
Lingaraopalem,522234,Palnadu,ANDHRA PRADESH,india
Machavaram,522615,Palnadu,ANDHRA PRADESH,india
Tsallagundla,522615,Palnadu,ANDHRA PRADESH,india
Kambhampadu,522660,Palnadu,ANDHRA PRADESH,india
Puvvada,522660,Palnadu,ANDHRA PRADESH,india
Lingamguntla Agraharam,522603,Palnadu,ANDHRA PRADESH,india
Petlurivaripalem,522603,Palnadu,ANDHRA PRADESH,india
Uppalapadu,522603,Palnadu,ANDHRA PRADESH,india
Annavarappadu,522617,Palnadu,ANDHRA PRADESH,india
Bethapudi,522549,GUNTUR,ANDHRA PRADESH,india
Kanaparru,522549,Palnadu,ANDHRA PRADESH,india
Sankurathripadu,522549,Palnadu,ANDHRA PRADESH,india
Pamidimarru,522549,Palnadu,ANDHRA PRADESH,india
Ellamanda,522549,Palnadu,ANDHRA PRADESH,india
Kesanapalle,522549,Palnadu,ANDHRA PRADESH,india
Kanumarlapudi,522646,Palnadu,ANDHRA PRADESH,india
Naidupalem,522657,Palnadu,ANDHRA PRADESH,india
Vittamrajupalle,522647,Palnadu,ANDHRA PRADESH,india
Madipadu,522409,Palnadu,ANDHRA PRADESH,india
PUTLAGUDEM,522409,Palnadu,ANDHRA PRADESH,india
Chityala Thanda,522411,Palnadu,ANDHRA PRADESH,india
Hassannabad,522411,Palnadu,ANDHRA PRADESH,india
Machayapalem,522411,Palnadu,ANDHRA PRADESH,india
Pedagarlapadu,522437,Palnadu,ANDHRA PRADESH,india
Veerapuram,522437,Palnadu,ANDHRA PRADESH,india
Pondugula,522414,Palnadu,ANDHRA PRADESH,india
BATRUPALEM,522414,Palnadu,ANDHRA PRADESH,india
KATRAPADU,522414,Palnadu,ANDHRA PRADESH,india
Grandhasiri,522410,Palnadu,ANDHRA PRADESH,india
GANDLURU,522410,Palnadu,ANDHRA PRADESH,india
ECONAMPET,522426,Palnadu,ANDHRA PRADESH,india
Visadala,522438,GUNTUR,ANDHRA PRADESH,india
Turkapalem,522408,Palnadu,ANDHRA PRADESH,india
Kasipadu,522436,Palnadu,ANDHRA PRADESH,india
Lingapuram,522436,Palnadu,ANDHRA PRADESH,india
RAMAPURAM,522436,Palnadu,ANDHRA PRADESH,india
Janapadu,522413,Palnadu,ANDHRA PRADESH,india
Konanki,522413,Palnadu,ANDHRA PRADESH,india
Morjampadu,522413,Palnadu,ANDHRA PRADESH,india
Nemalipuri,522413,Palnadu,ANDHRA PRADESH,india
Pillutla,522413,Palnadu,ANDHRA PRADESH,india
SRI RUKMINIPURAM,522413,Palnadu,ANDHRA PRADESH,india
Ganapavaram,522412,Palnadu,ANDHRA PRADESH,india
BRAHMANAPALLE,522412,Palnadu,ANDHRA PRADESH,india
Jettipalem,522421,Palnadu,ANDHRA PRADESH,india
Pasarlapadu,522421,Palnadu,ANDHRA PRADESH,india
PALUVAI GATE,522421,Palnadu,ANDHRA PRADESH,india
LOYAPALLI,522613,Palnadu,ANDHRA PRADESH,india
Chennayapalem,524203,SPSR NELLORE,ANDHRA PRADESH,india
Akkarajuvari Kandriga,524142,SPSR NELLORE,ANDHRA PRADESH,india
Chemadala,524142,SPSR NELLORE,ANDHRA PRADESH,india
Kovurpalli,524142,SPSR NELLORE,ANDHRA PRADESH,india
Nagulavaram,524142,SPSR NELLORE,ANDHRA PRADESH,india
Patha Bitragunta,524142,SPSR NELLORE,ANDHRA PRADESH,india
Garimenapenta,524221,SPSR NELLORE,ANDHRA PRADESH,india
Vengannapalem,524221,SPSR NELLORE,ANDHRA PRADESH,india
Bodagudipadu,524240,SPSR NELLORE,ANDHRA PRADESH,india
Chowtaputtedu,524240,SPSR NELLORE,ANDHRA PRADESH,india
Dasaripalli,524222,SPSR NELLORE,ANDHRA PRADESH,india
Peddireddypalli,524236,SPSR NELLORE,ANDHRA PRADESH,india
Thotlacheruvupalli,524236,SPSR NELLORE,ANDHRA PRADESH,india
Gattupalli,524223,SPSR NELLORE,ANDHRA PRADESH,india
Somavarappadu,524223,SPSR NELLORE,ANDHRA PRADESH,india
Budamgunta,524223,SPSR NELLORE,ANDHRA PRADESH,india
Rajuvari Chintalapalem,524223,SPSR NELLORE,ANDHRA PRADESH,india
Polampadu,524224,SPSR NELLORE,ANDHRA PRADESH,india
Thurupu Yerraballi,524239,SPSR NELLORE,ANDHRA PRADESH,india
Chabolu,524230,SPSR NELLORE,ANDHRA PRADESH,india
Gangulavaricheruvupalli,524230,SPSR NELLORE,ANDHRA PRADESH,india
Jayapuram,524310,SPSR NELLORE,ANDHRA PRADESH,india
Lakshmipuram-S,524225,SPSR NELLORE,ANDHRA PRADESH,india
Basinenipalli,524226,SPSR NELLORE,ANDHRA PRADESH,india
Gangireddypalem,524228,SPSR NELLORE,ANDHRA PRADESH,india
Gogulapalli,524315,SPSR NELLORE,ANDHRA PRADESH,india
Purini,524315,SPSR NELLORE,ANDHRA PRADESH,india
Taticherlapalem,524315,SPSR NELLORE,ANDHRA PRADESH,india
Velicherla,524315,SPSR NELLORE,ANDHRA PRADESH,india
Chaparallapalli,524302,SPSR NELLORE,ANDHRA PRADESH,india
Chunchuluru,524302,SPSR NELLORE,ANDHRA PRADESH,india
Gudigunta,524302,SPSR NELLORE,ANDHRA PRADESH,india
Kamireddypadu,524302,SPSR NELLORE,ANDHRA PRADESH,india
Kethugunta,524302,SPSR NELLORE,ANDHRA PRADESH,india
Padamatinaidupalli,524302,SPSR NELLORE,ANDHRA PRADESH,india
Devarapalem,524004,SPSR NELLORE,ANDHRA PRADESH,india
Kondlapudi,524004,SPSR NELLORE,ANDHRA PRADESH,india
Kottur,524004,SPSR NELLORE,ANDHRA PRADESH,india
Mulumudi,524004,SPSR NELLORE,ANDHRA PRADESH,india
Peddabbipuram,524304,SPSR NELLORE,ANDHRA PRADESH,india
Rajavolu,524322,SPSR NELLORE,ANDHRA PRADESH,india
Kalvelapalem,524346,SPSR NELLORE,ANDHRA PRADESH,india
Jonnavada,524305,SPSR NELLORE,ANDHRA PRADESH,india
Kalayakagollu,524305,SPSR NELLORE,ANDHRA PRADESH,india
Minagallu,524305,SPSR NELLORE,ANDHRA PRADESH,india
Makthapuram,524306,SPSR NELLORE,ANDHRA PRADESH,india
Panchedu,524306,SPSR NELLORE,ANDHRA PRADESH,india
Elamanchipadu,524317,SPSR NELLORE,ANDHRA PRADESH,india
Kothavangallu,524317,SPSR NELLORE,ANDHRA PRADESH,india
Gudipadu,524234,SPSR NELLORE,ANDHRA PRADESH,india
Zammavaram,524234,SPSR NELLORE,ANDHRA PRADESH,india
Jagdevipeta,524314,SPSR NELLORE,ANDHRA PRADESH,india
Pallipadu,524314,SPSR NELLORE,ANDHRA PRADESH,india
Punnur,524314,SPSR NELLORE,ANDHRA PRADESH,india
Boyila chiruvella,524307,SPSR NELLORE,ANDHRA PRADESH,india
Gandlavedu,524307,SPSR NELLORE,ANDHRA PRADESH,india
Nandavaram,524307,SPSR NELLORE,ANDHRA PRADESH,india
Damagunta,524316,SPSR NELLORE,ANDHRA PRADESH,india
Gundlammapalem,524316,SPSR NELLORE,ANDHRA PRADESH,india
Gangavaram,524137,SPSR NELLORE,ANDHRA PRADESH,india
Allampadu,524312,SPSR NELLORE,ANDHRA PRADESH,india
Chilakapadu,524312,SPSR NELLORE,ANDHRA PRADESH,india
Pegallapadu,524312,SPSR NELLORE,ANDHRA PRADESH,india
Gopalapuram,524344,SPSR NELLORE,ANDHRA PRADESH,india
Mudivarthipalem,524313,SPSR NELLORE,ANDHRA PRADESH,india
Vengampalli,524303,SPSR NELLORE,ANDHRA PRADESH,india
Kolagatla,524308,SPSR NELLORE,ANDHRA PRADESH,india
Manchalapalli,524300,SPSR NELLORE,ANDHRA PRADESH,india
Allipuram,524002,SPSR NELLORE,ANDHRA PRADESH,india
Narukuru,524002,SPSR NELLORE,ANDHRA PRADESH,india
Potlapudi,524002,SPSR NELLORE,ANDHRA PRADESH,india
Venkannapalem,524002,SPSR NELLORE,ANDHRA PRADESH,india
Annareddypalem-V,524318,SPSR NELLORE,ANDHRA PRADESH,india
Ramatheertham,524318,SPSR NELLORE,ANDHRA PRADESH,india
Thummagunta,524318,SPSR NELLORE,ANDHRA PRADESH,india
Ananthapuram-A,524347,SPSR NELLORE,ANDHRA PRADESH,india
Garnepudi,523171,Bapatla,ANDHRA PRADESH,india
Poluru,523171,Bapatla,ANDHRA PRADESH,india
Pallepalem,523135,Bapatla,ANDHRA PRADESH,india
Rajubangarupalem,523135,Bapatla,ANDHRA PRADESH,india
Dronadula,523190,Bapatla,ANDHRA PRADESH,india
Vankayalapadu,523190,Bapatla,ANDHRA PRADESH,india
Hanumoji Palem,523167,Bapatla,ANDHRA PRADESH,india
Gangavaram,523167,Bapatla,ANDHRA PRADESH,india
Pavulur,523167,Bapatla,ANDHRA PRADESH,india
Thotavaripalem,523166,Bapatla,ANDHRA PRADESH,india
Gonasapudu,523181,Bapatla,ANDHRA PRADESH,india
Motupalli,523184,Bapatla,ANDHRA PRADESH,india
Gollapudiagraharam,523169,Bapatla,ANDHRA PRADESH,india
Jagarlamudi,523169,Bapatla,ANDHRA PRADESH,india
Kollavaripalem,523169,Bapatla,ANDHRA PRADESH,india
Upputuru,523169,Bapatla,ANDHRA PRADESH,india
Vadarevu,523157,Bapatla,ANDHRA PRADESH,india
Kodavalivaripalem,523170,Bapatla,ANDHRA PRADESH,india
Puretipalli,523281,PRAKASAM,ANDHRA PRADESH,india
Darakanipadu,523281,PRAKASAM,ANDHRA PRADESH,india
Kothapeta,523281,PRAKASAM,ANDHRA PRADESH,india
Potluru,523281,PRAKASAM,ANDHRA PRADESH,india
Paidipadu,523271,PRAKASAM,ANDHRA PRADESH,india
Petlur,523270,PRAKASAM,ANDHRA PRADESH,india
Zuvvigunta,523270,PRAKASAM,ANDHRA PRADESH,india
Goginenivari Palaem,523270,PRAKASAM,ANDHRA PRADESH,india
Mugachinala,523270,PRAKASAM,ANDHRA PRADESH,india
Regalagaddapalem,523270,PRAKASAM,ANDHRA PRADESH,india
Tatakulapalem,523270,PRAKASAM,ANDHRA PRADESH,india
Rallapadu Project,523114,PRAKASAM,ANDHRA PRADESH,india
Nayudupalem,523115,PRAKASAM,ANDHRA PRADESH,india
Badevaripalem,523113,PRAKASAM,ANDHRA PRADESH,india
Kalavalla,523113,PRAKASAM,ANDHRA PRADESH,india
Sakhavaram,523113,PRAKASAM,ANDHRA PRADESH,india
Jillellamudi,523109,PRAKASAM,ANDHRA PRADESH,india
Kovur Kandukur,523109,PRAKASAM,ANDHRA PRADESH,india
Chevuru,523291,PRAKASAM,ANDHRA PRADESH,india
Tettu,523291,PRAKASAM,ANDHRA PRADESH,india
Nandanavanam,523101,PRAKASAM,ANDHRA PRADESH,india
Sanampudi,523101,PRAKASAM,ANDHRA PRADESH,india
Vikkirallapeta,523101,PRAKASAM,ANDHRA PRADESH,india
Alakurapadu,523274,PRAKASAM,ANDHRA PRADESH,india
Atmakur,523292,PRAKASAM,ANDHRA PRADESH,india
Veerepalli,523292,PRAKASAM,ANDHRA PRADESH,india
Tumadu,523279,PRAKASAM,ANDHRA PRADESH,india
Chodavaram,523279,PRAKASAM,ANDHRA PRADESH,india
Vengamukka Palem,523272,PRAKASAM,ANDHRA PRADESH,india
Binginapalli,523104,PRAKASAM,ANDHRA PRADESH,india
Ayyavaripalli,523110,PRAKASAM,ANDHRA PRADESH,india
Balijapalem,523110,PRAKASAM,ANDHRA PRADESH,india
Khambaladinne,523110,PRAKASAM,ANDHRA PRADESH,india
Darsiguntapeta,523112,PRAKASAM,ANDHRA PRADESH,india
Musunurukothapalli,523112,PRAKASAM,ANDHRA PRADESH,india
Votlabailu,523112,PRAKASAM,ANDHRA PRADESH,india
Venkatapur,523247,PRAKASAM,ANDHRA PRADESH,india
Kothapalli,523247,PRAKASAM,ANDHRA PRADESH,india
Nimmareddipalem,523247,PRAKASAM,ANDHRA PRADESH,india
Rajampalli,523247,PRAKASAM,ANDHRA PRADESH,india
Chinamanagundam,523246,PRAKASAM,ANDHRA PRADESH,india
Gayamvaripalli,523246,PRAKASAM,ANDHRA PRADESH,india
Pedadasullapalli,523227,PRAKASAM,ANDHRA PRADESH,india
Doddichintala,523227,PRAKASAM,ANDHRA PRADESH,india
Edaravaripalli,523227,PRAKASAM,ANDHRA PRADESH,india
Regadipalli,523241,PRAKASAM,ANDHRA PRADESH,india
Mugachintala,523241,PRAKASAM,ANDHRA PRADESH,india
Peddavaram,523304,PRAKASAM,ANDHRA PRADESH,india
Gangadonakonda,523304,PRAKASAM,ANDHRA PRADESH,india
West Gangavaram,523304,PRAKASAM,ANDHRA PRADESH,india
Kotalapalli,523223,PRAKASAM,ANDHRA PRADESH,india
Morapagunta,523223,PRAKASAM,ANDHRA PRADESH,india
Nagireddipalli,523223,PRAKASAM,ANDHRA PRADESH,india
Narasamambapuram,523223,PRAKASAM,ANDHRA PRADESH,india
Idara,523265,PRAKASAM,ANDHRA PRADESH,india
Naidupalem,523265,PRAKASAM,ANDHRA PRADESH,india
Polavaram,523265,PRAKASAM,ANDHRA PRADESH,india
Umamaheswarapuram,523265,PRAKASAM,ANDHRA PRADESH,india
Nallagandla,523228,PRAKASAM,ANDHRA PRADESH,india
Narayapalli,523228,PRAKASAM,ANDHRA PRADESH,india
Murugummi,523111,PRAKASAM,ANDHRA PRADESH,india
Vemavaram,523111,PRAKASAM,ANDHRA PRADESH,india
Vangapadu,523108,PRAKASAM,ANDHRA PRADESH,india
Irsalagundam,523245,PRAKASAM,ANDHRA PRADESH,india
Kambalapadu,523245,PRAKASAM,ANDHRA PRADESH,india
Ankepalli,523253,PRAKASAM,ANDHRA PRADESH,india
Kunchepalli,523247,PRAKASAM,ANDHRA PRADESH,india
Sudanagunta,523245,PRAKASAM,ANDHRA PRADESH,india
Bodavada,523253,PRAKASAM,ANDHRA PRADESH,india
Gannavaram,523224,PRAKASAM,ANDHRA PRADESH,india
Rallapalli,523224,PRAKASAM,ANDHRA PRADESH,india
Zammalamadaka,523201,PRAKASAM,ANDHRA PRADESH,india
Chervanuppalapadu,523180,PRAKASAM,ANDHRA PRADESH,india
Raparala,523180,PRAKASAM,ANDHRA PRADESH,india
Bandlamudi,523226,PRAKASAM,ANDHRA PRADESH,india
Kunamnenivaripalem,523226,PRAKASAM,ANDHRA PRADESH,india
R.L.Puram,523226,PRAKASAM,ANDHRA PRADESH,india
Aluru,523182,PRAKASAM,ANDHRA PRADESH,india
Padarthi,523286,PRAKASAM,ANDHRA PRADESH,india
Alavalapadu,523212,Bapatla,ANDHRA PRADESH,india
Bodduvaripalem,523212,Bapatla,ANDHRA PRADESH,india
Basavannapalem,523211,PRAKASAM,ANDHRA PRADESH,india
Vellampalli,523211,PRAKASAM,ANDHRA PRADESH,india
Bobbepalli,523301,Bapatla,ANDHRA PRADESH,india
Gannavaram,504214,Bapatla,ANDHRA PRADESH,india
Nagarajupalli,523301,Bapatla,ANDHRA PRADESH,india
Degaramudi,523301,Bapatla,ANDHRA PRADESH,india
Vemavaramagraharam,523301,Bapatla,ANDHRA PRADESH,india
Yanamadala,523301,Bapatla,ANDHRA PRADESH,india
Baitamanjuluru,523261,Bapatla,ANDHRA PRADESH,india
Kolalapudi,523261,Bapatla,ANDHRA PRADESH,india
Kondamanjulur,523261,Bapatla,ANDHRA PRADESH,india
Hanumapuram,523183,PRAKASAM,ANDHRA PRADESH,india
Kamepalli,523302,Bapatla,ANDHRA PRADESH,india
Pathamagulur,523302,Bapatla,ANDHRA PRADESH,india
Enikapadu,523225,PRAKASAM,ANDHRA PRADESH,india
Gangavaram,523225,PRAKASAM,ANDHRA PRADESH,india
Pernamitta,523225,PRAKASAM,ANDHRA PRADESH,india
Sivarampuram,523264,PRAKASAM,ANDHRA PRADESH,india
Pallamalli,523263,PRAKASAM,ANDHRA PRADESH,india
Mallavaram,523263,PRAKASAM,ANDHRA PRADESH,india
Lingamgunta,523262,PRAKASAM,ANDHRA PRADESH,india
Pedaganjam,523186,Bapatla,ANDHRA PRADESH,india
Rachapudi,523186,Bapatla,ANDHRA PRADESH,india
Edumudi,523186,PRAKASAM,ANDHRA PRADESH,india
Sankavarappadu,523260,Bapatla,ANDHRA PRADESH,india
Mallavaram,534342,WEST GODAVARI,ANDHRA PRADESH,india
Unagatla,534342,WEST GODAVARI,ANDHRA PRADESH,india
Kapavaram,534342,WEST GODAVARI,ANDHRA PRADESH,india
Duddukuru,534313,WEST GODAVARI,ANDHRA PRADESH,india
Pragadapalli,534318,Eluru,ANDHRA PRADESH,india
K.Agraharam,534329,WEST GODAVARI,ANDHRA PRADESH,india
Ravimetla,534301,WEST GODAVARI,ANDHRA PRADESH,india
Singavaram,534301,WEST GODAVARI,ANDHRA PRADESH,india
Tallapalem,534301,WEST GODAVARI,ANDHRA PRADESH,india
Itikalakota,534315,WEST GODAVARI,ANDHRA PRADESH,india
Pattiseema,534315,WEST GODAVARI,ANDHRA PRADESH,india
Purushottapalli,534302,WEST GODAVARI,ANDHRA PRADESH,india
Vadapalli,534302,WEST GODAVARI,ANDHRA PRADESH,india
Vemuluru,534302,WEST GODAVARI,ANDHRA PRADESH,india
Kurukuru,534305,WEST GODAVARI,ANDHRA PRADESH,india
Bhimole,534341,WEST GODAVARI,ANDHRA PRADESH,india
Gutala,534341,Eluru,ANDHRA PRADESH,india
Dharmavaram,534340,WEST GODAVARI,ANDHRA PRADESH,india
Mudunuru,534196,WEST GODAVARI,ANDHRA PRADESH,india
Bodapadu,534196,WEST GODAVARI,ANDHRA PRADESH,india
Chintapalli Agraharam,534196,WEST GODAVARI,ANDHRA PRADESH,india
Kommara,534196,WEST GODAVARI,ANDHRA PRADESH,india
B.Kondepadu,534156,WEST GODAVARI,ANDHRA PRADESH,india
Korumilli,534156,WEST GODAVARI,ANDHRA PRADESH,india
Yenikepalli,534198,Eluru,ANDHRA PRADESH,india
Avapadu,534112,WEST GODAVARI,ANDHRA PRADESH,india
Dubacharla,534112,WEST GODAVARI,ANDHRA PRADESH,india
A.Gopavaram,534197,Eluru,ANDHRA PRADESH,india
Muggalla,534197,Eluru,ANDHRA PRADESH,india
Cheepurugudem,534176,WEST GODAVARI,ANDHRA PRADESH,india
Muddapuram,534146,WEST GODAVARI,ANDHRA PRADESH,india
Kondruprolu,534102,WEST GODAVARI,ANDHRA PRADESH,india
Kunchinapalli,534102,WEST GODAVARI,ANDHRA PRADESH,india
Veerampalem,534102,WEST GODAVARI,ANDHRA PRADESH,india
Juvvalapalem,534102,WEST GODAVARI,ANDHRA PRADESH,india
Appannapeta,534186,Eluru,ANDHRA PRADESH,india
Jallikakinada,534186,Eluru,ANDHRA PRADESH,india
Marripudi,522310,Bapatla,ANDHRA PRADESH,india
Jupudi,522212,GUNTUR,ANDHRA PRADESH,india
Kothareddypalem,522212,GUNTUR,ANDHRA PRADESH,india
Srirangapuram,522212,GUNTUR,ANDHRA PRADESH,india
Vatticheruku,522212,GUNTUR,ANDHRA PRADESH,india
Balusulapalem,522309,Bapatla,ANDHRA PRADESH,india
Kolaganivaripalem,522258,Bapatla,ANDHRA PRADESH,india
Elavarru,522341,Bapatla,ANDHRA PRADESH,india
Bodapadu,522341,Bapatla,ANDHRA PRADESH,india
Pyaparru,522341,Bapatla,ANDHRA PRADESH,india
Peddavaram,522259,Bapatla,ANDHRA PRADESH,india
Thotapalli,522259,Bapatla,ANDHRA PRADESH,india
Perali,522111,Bapatla,ANDHRA PRADESH,india
Chintayapalem,522111,Bapatla,ANDHRA PRADESH,india
Ganapavaram,522111,Bapatla,ANDHRA PRADESH,india
Kallipalem,522262,Bapatla,ANDHRA PRADESH,india
Pallapatla,522262,Bapatla,ANDHRA PRADESH,india
Komali,522315,Bapatla,ANDHRA PRADESH,india
Karankivaripalem,522268,Bapatla,ANDHRA PRADESH,india
Pedamatlapudi,522314,Bapatla,ANDHRA PRADESH,india
Khajipalem,522329,Bapatla,ANDHRA PRADESH,india
Peddapalle,522329,Bapatla,ANDHRA PRADESH,india
Tallapalem,522124,GUNTUR,ANDHRA PRADESH,india
Vaddemukkala,522124,GUNTUR,ANDHRA PRADESH,india
Stuvartpuram Colony,522317,Bapatla,ANDHRA PRADESH,india
Alapadu,522312,Bapatla,ANDHRA PRADESH,india
Annavarapulanka,522301,GUNTUR,ANDHRA PRADESH,india
Chilumuru,522301,Bapatla,ANDHRA PRADESH,india
Penugudurupadu,522211,Bapatla,ANDHRA PRADESH,india
Singupalem,522264,Bapatla,ANDHRA PRADESH,india
Gangadipalem,522264,Bapatla,ANDHRA PRADESH,india
Mrutyumjayapalem,522264,Bapatla,ANDHRA PRADESH,india
Penumuli,522330,GUNTUR,ANDHRA PRADESH,india
Gudivada,522307,GUNTUR,ANDHRA PRADESH,india
Gudibandivaripalem,522304,GUNTUR,ANDHRA PRADESH,india
Donepudi,522324,Bapatla,ANDHRA PRADESH,india
Potharlanka,522324,Bapatla,ANDHRA PRADESH,india
Chintallanka,522324,Bapatla,ANDHRA PRADESH,india
Kunchavaram,522306,GUNTUR,ANDHRA PRADESH,india
Bethapudi,522265,Bapatla,ANDHRA PRADESH,india
Peteru,522265,Bapatla,ANDHRA PRADESH,india
Suddapalli,522213,GUNTUR,ANDHRA PRADESH,india
Balijepalli,522261,Bapatla,ANDHRA PRADESH,india
Yanamalakuduru,520007,NTR,ANDHRA PRADESH,india
Gosala,521151,KRISHNA,ANDHRA PRADESH,india
Velpuru,521104,KRISHNA,ANDHRA PRADESH,india
Ramakrishnapuram,520003,NTR,ANDHRA PRADESH,india
Repudi,521226,NTR,ANDHRA PRADESH,india
Krishnaraopalem,521226,NTR,ANDHRA PRADESH,india
Chinaogirala,521245,KRISHNA,ANDHRA PRADESH,india
Nepalli,521245,KRISHNA,ANDHRA PRADESH,india
Edara,521211,Eluru,ANDHRA PRADESH,india
Krishnavaram,521211,Eluru,ANDHRA PRADESH,india
Narasingapalem,521211,Eluru,ANDHRA PRADESH,india
Bhimavaram,521178,NTR,ANDHRA PRADESH,india
Pochampalli,521178,NTR,ANDHRA PRADESH,india
Tirumalagiri,521178,NTR,ANDHRA PRADESH,india
Atkuru,521229,NTR,ANDHRA PRADESH,india
Duggiralapadu,521229,NTR,ANDHRA PRADESH,india
Buthumillipadu,521101,KRISHNA,ANDHRA PRADESH,india
Chikkavaram,521101,KRISHNA,ANDHRA PRADESH,india
Anumanchipalli,521175,NTR,ANDHRA PRADESH,india
Gandrai,521175,NTR,ANDHRA PRADESH,india
Lime Stone Town Ship,521175,NTR,ANDHRA PRADESH,india
Kontalapalli,521181,NTR,ANDHRA PRADESH,india
Dachavaram,521181,NTR,ANDHRA PRADESH,india
Ambapuram,520012,NTR,ANDHRA PRADESH,india
Moguluru,521180,NTR,ANDHRA PRADESH,india
Gani Atkuru,521180,NTR,ANDHRA PRADESH,india
Kavuluru,521228,NTR,ANDHRA PRADESH,india
Kattubadipalem,521228,NTR,ANDHRA PRADESH,india
Jayanthipuram,521457,NTR,ANDHRA PRADESH,india
Ambedkarnagar,521165,KRISHNA,ANDHRA PRADESH,india
Kanumuru,521256,KRISHNA,ANDHRA PRADESH,india
Eturu,521183,NTR,ANDHRA PRADESH,india
Morusumilli,521230,NTR,ANDHRA PRADESH,india
Ganapavaram,521230,NTR,ANDHRA PRADESH,india
Cheruvukommupalem,521185,NTR,ANDHRA PRADESH,india
Gollamudi,521184,NTR,ANDHRA PRADESH,india
Sanagapadu,521185,NTR,ANDHRA PRADESH,india
Kanchala,521185,NTR,ANDHRA PRADESH,india
Lingalapadu,521185,NTR,ANDHRA PRADESH,india
Somavaram,521184,NTR,ANDHRA PRADESH,india
Adavinekkalam,521212,Eluru,ANDHRA PRADESH,india
Pottipadu,521286,Eluru,ANDHRA PRADESH,india
Veerapanenigudem,521286,KRISHNA,ANDHRA PRADESH,india
Gopinenipalem,521190,NTR,ANDHRA PRADESH,india
Rayanapadu,521241,KRISHNA,ANDHRA PRADESH,india
Valluripalem,521163,KRISHNA,ANDHRA PRADESH,india
Dabbakupalli,521402,NTR,ANDHRA PRADESH,india
Kakaravai,521402,NTR,ANDHRA PRADESH,india
Pamidimukkala,521250,KRISHNA,ANDHRA PRADESH,india
Penumatcha,521250,KRISHNA,ANDHRA PRADESH,india
Yakamuru,521165,KRISHNA,ANDHRA PRADESH,india
Godi,533217,Konaseema,ANDHRA PRADESH,india
Godilanka,533217,Konaseema,ANDHRA PRADESH,india
Turupulanka,533217,Konaseema,ANDHRA PRADESH,india
Gunnepalli Agraharam,533214,EAST GODAVARI,ANDHRA PRADESH,india
Gollavilli,533222,Konaseema,ANDHRA PRADESH,india
Penumalla,533222,Konaseema,ANDHRA PRADESH,india
Nadipudi,533221,Konaseema,ANDHRA PRADESH,india
Bojjavaripeta,533212,Konaseema,ANDHRA PRADESH,india
Dontikurru,533212,Konaseema,ANDHRA PRADESH,india
Geddanapalli,533212,Konaseema,ANDHRA PRADESH,india
Vakkalanka,533241,Konaseema,ANDHRA PRADESH,india
Gedillanka,533216,Konaseema,ANDHRA PRADESH,india
Kamini,533216,Konaseema,ANDHRA PRADESH,india
Kodurupadu,533218,Konaseema,ANDHRA PRADESH,india
K.Pedapudi,533239,Konaseema,ANDHRA PRADESH,india
Challapalli,533213,Konaseema,ANDHRA PRADESH,india
Janupalli,533577,Konaseema,ANDHRA PRADESH,india
K.Jagannadhapuram,533577,Konaseema,ANDHRA PRADESH,india
Kattunga,533235,Konaseema,ANDHRA PRADESH,india
Rajavaram,533235,Konaseema,ANDHRA PRADESH,india
Vudimudi,533274,Konaseema,ANDHRA PRADESH,india
Devarapalli,533223,Konaseema,ANDHRA PRADESH,india
Irusumanda,533254,Konaseema,ANDHRA PRADESH,india
Ramarajulanka,533253,EAST GODAVARI,ANDHRA PRADESH,india
Padamatipalem,533250,Konaseema,ANDHRA PRADESH,india
Chintalamori,533250,Konaseema,ANDHRA PRADESH,india
Mamidikuduru,533247,Konaseema,ANDHRA PRADESH,india
Katrenipadu,533248,Konaseema,ANDHRA PRADESH,india
Merakapalem,533248,EAST GODAVARI,ANDHRA PRADESH,india
Laxmi Polavaram,533236,Konaseema,ANDHRA PRADESH,india
Gudimula,533251,Konaseema,ANDHRA PRADESH,india
Sakhinetipallipalem,533251,Konaseema,ANDHRA PRADESH,india
Lolla,533237,Konaseema,ANDHRA PRADESH,india
Vadapalli,533237,Konaseema,ANDHRA PRADESH,india
Koruvada,531022,Anakapalli,ANDHRA PRADESH,india
Rama Yogi Agraharam,531022,Anakapalli,ANDHRA PRADESH,india
Bosubeda,531149,VISAKHAPATANAM,ANDHRA PRADESH,india
Chompi,531149,VISAKHAPATANAM,ANDHRA PRADESH,india
Iragi,531149,VISAKHAPATANAM,ANDHRA PRADESH,india
Iti Araku,531149,VISAKHAPATANAM,ANDHRA PRADESH,india
Kothaballuguda,531149,VISAKHAPATANAM,ANDHRA PRADESH,india
Madagada,531149,VISAKHAPATANAM,ANDHRA PRADESH,india
Sunkarimetta,531149,VISAKHAPATANAM,ANDHRA PRADESH,india
Araku,531151,VISAKHAPATANAM,ANDHRA PRADESH,india
Kollaput,531151,VISAKHAPATANAM,ANDHRA PRADESH,india
Pattam,531151,VISAKHAPATANAM,ANDHRA PRADESH,india
Pynampadu,531151,VIZIANAGARAM,ANDHRA PRADESH,india
Sagara,531151,VISAKHAPATANAM,ANDHRA PRADESH,india
Tutangi,531151,VISAKHAPATANAM,ANDHRA PRADESH,india
Dupputuru,531011,Anakapalli,ANDHRA PRADESH,india
Maduthuru,531011,Anakapalli,ANDHRA PRADESH,india
Chakipalle,531036,Anakapalli,ANDHRA PRADESH,india
Chukkapalle,531036,Anakapalli,ANDHRA PRADESH,india
Damunapalle,531036,Anakapalli,ANDHRA PRADESH,india
Jannavaram,531036,Anakapalli,ANDHRA PRADESH,india
Mallam,531036,Anakapalli,ANDHRA PRADESH,india
Pakeersahebpeta,531036,Anakapalli,ANDHRA PRADESH,india
Adavi Agraharam,531036,Anakapalli,ANDHRA PRADESH,india
Neelakantapuram,531036,Anakapalli,ANDHRA PRADESH,india
Tenugupudi,531030,Anakapalli,ANDHRA PRADESH,india
Tamarabba,531030,Anakapalli,ANDHRA PRADESH,india
Gorapudi,531061,Anakapalli,ANDHRA PRADESH,india
Kalavalapalle,531061,Anakapalli,ANDHRA PRADESH,india
Bhogapuram,531023,Anakapalli,ANDHRA PRADESH,india
Lankelapalem,531019,Anakapalli,ANDHRA PRADESH,india
Narsingaraopeta,531019,Anakapalli,ANDHRA PRADESH,india
Gondupalem,531034,Anakapalli,ANDHRA PRADESH,india
K Santhaplem,531034,Anakapalli,ANDHRA PRADESH,india
Pydampeta,531034,Anakapalli,ANDHRA PRADESH,india
Rongalinaidupalem,531034,Anakapalli,ANDHRA PRADESH,india
Tallapalem,531031,VISAKHAPATANAM,ANDHRA PRADESH,india
Ugginapalem,531031,VISAKHAPATANAM,ANDHRA PRADESH,india
MAMIDIPALLI,531075,Anakapalli,ANDHRA PRADESH,india
Boyila Kinthada,531075,Anakapalli,ANDHRA PRADESH,india
Khazeepalem,531033,Anakapalli,ANDHRA PRADESH,india
Patipalle,531033,Anakapalli,ANDHRA PRADESH,india
Thimmarajupeta,531033,Anakapalli,ANDHRA PRADESH,india
Yerravaram,531033,Anakapalli,ANDHRA PRADESH,india
Rajayyapeta,531081,VISAKHAPATANAM,ANDHRA PRADESH,india
Nellipudi,531081,VISAKHAPATANAM,ANDHRA PRADESH,india
Dalaipalim,531020,VISAKHAPATANAM,ANDHRA PRADESH,india
Kalapaka,531021,Anakapalli,ANDHRA PRADESH,india
Payakarao Bonangi,531021,Anakapalli,ANDHRA PRADESH,india
Thanam,531021,Anakapalli,ANDHRA PRADESH,india
Godicherla,531126,Anakapalli,ANDHRA PRADESH,india
Mangavaram,531126,Anakapalli,ANDHRA PRADESH,india
Rebaka,531126,Anakapalli,ANDHRA PRADESH,india
Lingarajupalem,531060,Anakapalli,ANDHRA PRADESH,india
Sarvasiddi,531060,Anakapalli,ANDHRA PRADESH,india
Vommavaram,531060,Anakapalli,ANDHRA PRADESH,india
Amruthpuram.,531035,VISAKHAPATANAM,ANDHRA PRADESH,india
Gandhavaram,531032,Anakapalli,ANDHRA PRADESH,india
Maruturu,531032,Anakapalli,ANDHRA PRADESH,india
R Bheemavaram,531032,Anakapalli,ANDHRA PRADESH,india
Petasudipuram,531055,Anakapalli,ANDHRA PRADESH,india
Somalingapalem,531055,Anakapalli,ANDHRA PRADESH,india
Somavaram,531055,Anakapalli,ANDHRA PRADESH,india
Tsuchikonda,531055,Anakapalli,ANDHRA PRADESH,india
Kommangi,531111,Alluri Sitharama Raju,ANDHRA PRADESH,india
Lothugedda,531111,Alluri Sitharama Raju,ANDHRA PRADESH,india
Luthugedda Jn.,531111,Alluri Sitharama Raju,ANDHRA PRADESH,india
Vanchula,531111,Alluri Sitharama Raju,ANDHRA PRADESH,india
Vangasara,531111,Alluri Sitharama Raju,ANDHRA PRADESH,india
Gaduthuru,531029,Alluri Sitharama Raju,ANDHRA PRADESH,india
Singarbha,531029,Alluri Sitharama Raju,ANDHRA PRADESH,india
Gomangi,531029,Alluri Sitharama Raju,ANDHRA PRADESH,india
Galaganda,531077,Alluri Sitharama Raju,ANDHRA PRADESH,india
Kimudupalle,531077,Alluri Sitharama Raju,ANDHRA PRADESH,india
Rapa,531077,Alluri Sitharama Raju,ANDHRA PRADESH,india
Nadimpalem,531084,VISAKHAPATANAM,ANDHRA PRADESH,india
Gadampalem,531084,VISAKHAPATANAM,ANDHRA PRADESH,india
M Kotapadu,531028,Anakapalli,ANDHRA PRADESH,india
Kodavatipudi,531085,VISAKHAPATANAM,ANDHRA PRADESH,india
Rajupeta,531085,VISAKHAPATANAM,ANDHRA PRADESH,india
Komaruvolu,531114,Anakapalli,ANDHRA PRADESH,india
Kothapatnam,531114,Anakapalli,ANDHRA PRADESH,india
Mampa,531087,VISAKHAPATANAM,ANDHRA PRADESH,india
Revallu,531087,VISAKHAPATANAM,ANDHRA PRADESH,india
Balighattam,531118,VISAKHAPATANAM,ANDHRA PRADESH,india
Cheedigummala,531118,VISAKHAPATANAM,ANDHRA PRADESH,india
Nindugonda,531118,VISAKHAPATANAM,ANDHRA PRADESH,india
Tajangi,531118,VISAKHAPATANAM,ANDHRA PRADESH,india
Jalampalli,531027,Anakapalli,ANDHRA PRADESH,india
Sankaram,531027,Anakapalli,ANDHRA PRADESH,india
Bheemaboinapalem,531113,Anakapalli,ANDHRA PRADESH,india
Koduru,531113,Anakapalli,ANDHRA PRADESH,india
Vajragada,531113,Anakapalli,ANDHRA PRADESH,india
Dharagangavaram,531115,VISAKHAPATANAM,ANDHRA PRADESH,india
Pedajaggampeta,531115,VISAKHAPATANAM,ANDHRA PRADESH,india
Gondeli,531024,Alluri Sitharama Raju,ANDHRA PRADESH,india
Legisipalli,531024,Alluri Sitharama Raju,ANDHRA PRADESH,india
Vantlamamidi,531024,Alluri Sitharama Raju,ANDHRA PRADESH,india
Kinchuru,531024,Alluri Sitharama Raju,ANDHRA PRADESH,india
Aduguluputtu,531040,VISAKHAPATANAM,ANDHRA PRADESH,india
Aradakota,531040,VISAKHAPATANAM,ANDHRA PRADESH,india
Parreda,531040,VISAKHAPATANAM,ANDHRA PRADESH,india
Rudakota,531040,VISAKHAPATANAM,ANDHRA PRADESH,india
Seekari,531040,VISAKHAPATANAM,ANDHRA PRADESH,india
Vanabhangi,531040,VISAKHAPATANAM,ANDHRA PRADESH,india
Vanabhasingi,531040,VISAKHAPATANAM,ANDHRA PRADESH,india
Barada,531040,VISAKHAPATANAM,ANDHRA PRADESH,india
Tulam,531040,VISAKHAPATANAM,ANDHRA PRADESH,india
Timmapuram,531083,Anakapalli,ANDHRA PRADESH,india
Gudivada Veeravalli,531025,Anakapalli,ANDHRA PRADESH,india
Lakkavarapupeta,531133,Alluri Sitharama Raju,ANDHRA PRADESH,india
Sankada,531133,Alluri Sitharama Raju,ANDHRA PRADESH,india
Darakonda,531105,Alluri Sitharama Raju,ANDHRA PRADESH,india
Butchiyyapeta,531026,Anakapalli,ANDHRA PRADESH,india
Chinamadina,531026,Anakapalli,ANDHRA PRADESH,india
Pottidorapalem,531026,Anakapalli,ANDHRA PRADESH,india
Kondempudi,531026,Anakapalli,ANDHRA PRADESH,india
Mangalapuram,531026,Anakapalli,ANDHRA PRADESH,india
Amalapuram,531117,VISAKHAPATANAM,ANDHRA PRADESH,india
Pamulavaka,531117,VISAKHAPATANAM,ANDHRA PRADESH,india
Madhavapatnam,533005,Kakinada,ANDHRA PRADESH,india
Nemam,533005,Kakinada,ANDHRA PRADESH,india
Peddada,533344,Kakinada,ANDHRA PRADESH,india
Tarlampudi,533468,Kakinada,ANDHRA PRADESH,india
Vijayarayudupalem,533468,Kakinada,ANDHRA PRADESH,india
Kandregula,533462,Kakinada,ANDHRA PRADESH,india
Penuguduru,533016,Kakinada,ANDHRA PRADESH,india
Aratlakatta,533016,Kakinada,ANDHRA PRADESH,india
Kurada,533260,Kakinada,ANDHRA PRADESH,india
Pillanka,533464,Kakinada,ANDHRA PRADESH,india
Yedurulanka,533464,Konaseema,ANDHRA PRADESH,india
Guthenadeevi,533464,Konaseema,ANDHRA PRADESH,india
Kapulapalem,533464,Kakinada,ANDHRA PRADESH,india
K Yerragonda,533428,Alluri Sitharama Raju,ANDHRA PRADESH,india
Pinjarakonda,533428,Alluri Sitharama Raju,ANDHRA PRADESH,india
Yellavaram,533428,Alluri Sitharama Raju,ANDHRA PRADESH,india
Marriveedu,533428,Kakinada,ANDHRA PRADESH,india
Yendapalli,533428,Alluri Sitharama Raju,ANDHRA PRADESH,india
Kota,533428,Alluri Sitharama Raju,ANDHRA PRADESH,india
Thimmapuram,533406,Kakinada,ANDHRA PRADESH,india
Annavaram Devasthanam,533406,Kakinada,ANDHRA PRADESH,india
Latchireddipalem,533406,Kakinada,ANDHRA PRADESH,india
Kommanapalli,533449,Kakinada,ANDHRA PRADESH,india
Pothuluru,533430,Kakinada,ANDHRA PRADESH,india
J Burugupudi,533435,Kakinada,ANDHRA PRADESH,india
Irripaka,533435,Kakinada,ANDHRA PRADESH,india
Govindapuram,533435,Kakinada,ANDHRA PRADESH,india
Geddanapalli,533431,Kakinada,ANDHRA PRADESH,india
Mukkullu,533431,Kakinada,ANDHRA PRADESH,india
Jagapathinagaram,533431,Kakinada,ANDHRA PRADESH,india
Veeravaram,533431,Kakinada,ANDHRA PRADESH,india
Allipudi,533407,Kakinada,ANDHRA PRADESH,india
Rajavaram,533407,Kakinada,ANDHRA PRADESH,india
Divili,533433,Kakinada,ANDHRA PRADESH,india
Gorinta,533433,Kakinada,ANDHRA PRADESH,india
Rayabhupalapatnam,533437,Kakinada,ANDHRA PRADESH,india
Surampalem,533437,Kakinada,ANDHRA PRADESH,india
F K Palem,533450,Kakinada,ANDHRA PRADESH,india
Virava,533450,Kakinada,ANDHRA PRADESH,india
Viravada,533450,Kakinada,ANDHRA PRADESH,india
Chinasankaralapudi,533432,Kakinada,ANDHRA PRADESH,india
Kondapalli,533436,Alluri Sitharama Raju,ANDHRA PRADESH,india
Lododdi,533436,Alluri Sitharama Raju,ANDHRA PRADESH,india
Urlakulapadu,533436,Alluri Sitharama Raju,ANDHRA PRADESH,india
Raghavapatnam,533446,Kakinada,ANDHRA PRADESH,india
Nadigatla Vari Savaram,533401,Kakinada,ANDHRA PRADESH,india
S Annavaram,533401,Kakinada,ANDHRA PRADESH,india
D Polavaram,533401,Kakinada,ANDHRA PRADESH,india
Pydi Konda,533401,Kakinada,ANDHRA PRADESH,india
Mulapeta,533448,Kakinada,ANDHRA PRADESH,india
Ponnada,533448,Kakinada,ANDHRA PRADESH,india
V K Rayapuram,533434,Kakinada,ANDHRA PRADESH,india
Hussain Puram,533434,Kakinada,ANDHRA PRADESH,india
Pedabrahmadevam,533434,Kakinada,ANDHRA PRADESH,india
Pedavadisakarra,533483,Alluri Sitharama Raju,ANDHRA PRADESH,india
Bhadravaram,533429,Kakinada,ANDHRA PRADESH,india
Lingamparthi,533429,Kakinada,ANDHRA PRADESH,india
Arasada,535557,Parvathipuram Manyam,ANDHRA PRADESH,india
Alajangi,535573,VIZIANAGARAM,ANDHRA PRADESH,india
Church Road Ndt,535573,VIZIANAGARAM,ANDHRA PRADESH,india
Dibbaguddivalasa,535573,VIZIANAGARAM,ANDHRA PRADESH,india
Kannampeta,535573,Parvathipuram Manyam,ANDHRA PRADESH,india
Latchayyapeta,535573,Parvathipuram Manyam,ANDHRA PRADESH,india
Rangarayapuram,535573,VIZIANAGARAM,ANDHRA PRADESH,india
Janumallavalasa,535559,Parvathipuram Manyam,ANDHRA PRADESH,india
Subhadra Agraharam,535559,Parvathipuram Manyam,ANDHRA PRADESH,india
Billalavalasa,535128,VIZIANAGARAM,ANDHRA PRADESH,india
Paltheru,535578,VIZIANAGARAM,ANDHRA PRADESH,india
Mallampeta,535578,VIZIANAGARAM,ANDHRA PRADESH,india
Bhyripuram,535102,VIZIANAGARAM,ANDHRA PRADESH,india
Merakamudidam,535102,VIZIANAGARAM,ANDHRA PRADESH,india
Vootapalli,535102,VIZIANAGARAM,ANDHRA PRADESH,india
Chemudu,535547,Parvathipuram Manyam,ANDHRA PRADESH,india
Thunda,535547,Parvathipuram Manyam,ANDHRA PRADESH,india
KODAMA,535547,VISAKHAPATANAM,ANDHRA PRADESH,india
Mulavalasa,535547,VISAKHAPATANAM,ANDHRA PRADESH,india
Kottuparuva,535593,Parvathipuram Manyam,ANDHRA PRADESH,india
Mavudi,535593,Parvathipuram Manyam,ANDHRA PRADESH,india
Sambara,535593,Parvathipuram Manyam,ANDHRA PRADESH,india
Sivili Peddavalasa,535593,Parvathipuram Manyam,ANDHRA PRADESH,india
Kotiya,535593,Parvathipuram Manyam,ANDHRA PRADESH,india
Devarapodilam,535125,VIZIANAGARAM,ANDHRA PRADESH,india
Karlam,535125,VIZIANAGARAM,ANDHRA PRADESH,india
Nimmalavalasa,535125,VIZIANAGARAM,ANDHRA PRADESH,india
Panasapeddikonavalasa,535592,Parvathipuram Manyam,ANDHRA PRADESH,india
Padmapuram,535592,Parvathipuram Manyam,ANDHRA PRADESH,india
Karada,535568,VIZIANAGARAM,ANDHRA PRADESH,india
Pinapenki,535568,VIZIANAGARAM,ANDHRA PRADESH,india
Burjavalasa,535579,VIZIANAGARAM,ANDHRA PRADESH,india
Kharasavalasa,535591,Parvathipuram Manyam,ANDHRA PRADESH,india
Purohitunivalasa,535591,Parvathipuram Manyam,ANDHRA PRADESH,india
Matumuru,535591,Parvathipuram Manyam,ANDHRA PRADESH,india
Parannavalasa,535591,Parvathipuram Manyam,ANDHRA PRADESH,india
Sivarampuram,535591,Parvathipuram Manyam,ANDHRA PRADESH,india
Burja,535546,Parvathipuram Manyam,ANDHRA PRADESH,india
Khasapeta,535546,Parvathipuram Manyam,ANDHRA PRADESH,india
Ramavaram,535546,Parvathipuram Manyam,ANDHRA PRADESH,india
Venkatabhyripuram,535546,Parvathipuram Manyam,ANDHRA PRADESH,india
Chinabantupalli,535101,VIZIANAGARAM,ANDHRA PRADESH,india
Nandabalaga,532148,SRIKAKULAM,ANDHRA PRADESH,india
Chettupodilam,532148,SRIKAKULAM,ANDHRA PRADESH,india
Amiti,535126,VIZIANAGARAM,ANDHRA PRADESH,india
Nemalam,535126,VIZIANAGARAM,ANDHRA PRADESH,india
Gangannapadu,535124,VIZIANAGARAM,ANDHRA PRADESH,india
Kusumuru,535124,VIZIANAGARAM,ANDHRA PRADESH,india
Marupenta,535463,Parvathipuram Manyam,ANDHRA PRADESH,india
Manda,503188,VIZIANAGARAM,ANDHRA PRADESH,india
Voppangi,535523,VIZIANAGARAM,ANDHRA PRADESH,india
Kukkidi,535523,VIZIANAGARAM,ANDHRA PRADESH,india
Vangara,535523,VIZIANAGARAM,ANDHRA PRADESH,india
Bommika Jagannadhapuram,535594,Parvathipuram Manyam,ANDHRA PRADESH,india
Joguladumma,535594,Parvathipuram Manyam,ANDHRA PRADESH,india
Kemiseela,535521,Parvathipuram Manyam,ANDHRA PRADESH,india
Gumada,535521,Parvathipuram Manyam,ANDHRA PRADESH,india
Kallikota,535521,Parvathipuram Manyam,ANDHRA PRADESH,india
Lakshminaiduvalasa,535521,Parvathipuram Manyam,ANDHRA PRADESH,india
Pedasakha,535521,Parvathipuram Manyam,ANDHRA PRADESH,india
Rayagadajammu,535524,Parvathipuram Manyam,ANDHRA PRADESH,india
Gotivada,535524,Parvathipuram Manyam,ANDHRA PRADESH,india
Pippalabhadra,535526,Parvathipuram Manyam,ANDHRA PRADESH,india
Zarada,535534,Parvathipuram Manyam,ANDHRA PRADESH,india
Gujjuvai,535534,Parvathipuram Manyam,ANDHRA PRADESH,india
Tittiri,535534,Parvathipuram Manyam,ANDHRA PRADESH,india
Udayapuram,535534,Parvathipuram Manyam,ANDHRA PRADESH,india
Kavitibhadra,535522,Parvathipuram Manyam,ANDHRA PRADESH,india
Sangam,532462,SRIKAKULAM,ANDHRA PRADESH,india
Adavaram,532440,Parvathipuram Manyam,ANDHRA PRADESH,india
Gottamangalapuram,532440,Parvathipuram Manyam,ANDHRA PRADESH,india
Purli,532440,Parvathipuram Manyam,ANDHRA PRADESH,india
Sankili,532440,Parvathipuram Manyam,ANDHRA PRADESH,india
Vatapagu,532440,Parvathipuram Manyam,ANDHRA PRADESH,india
Duggi,535502,Parvathipuram Manyam,ANDHRA PRADESH,india
Pedamariki,535502,Parvathipuram Manyam,ANDHRA PRADESH,india
Philipnagar,535502,Parvathipuram Manyam,ANDHRA PRADESH,india
Donkala Kothapatnam,535527,Parvathipuram Manyam,ANDHRA PRADESH,india
Puligummi,535527,Parvathipuram Manyam,ANDHRA PRADESH,india
Thotapalli,535525,Parvathipuram Manyam,ANDHRA PRADESH,india
Turakanaiduvalasa,535525,Parvathipuram Manyam,ANDHRA PRADESH,india
Kodisa,532443,Parvathipuram Manyam,ANDHRA PRADESH,india
Kusimi,532443,Parvathipuram Manyam,ANDHRA PRADESH,india
Narsipuram,532460,Parvathipuram Manyam,ANDHRA PRADESH,india
Titukupai,532460,Parvathipuram Manyam,ANDHRA PRADESH,india
Nandarada,533292,EAST GODAVARI,ANDHRA PRADESH,india
N.T.Rajapuram,533297,Kakinada,ANDHRA PRADESH,india
Singarampalem,533297,Kakinada,ANDHRA PRADESH,india
K.Gopalapuram,533297,Kakinada,ANDHRA PRADESH,india
Goragummi,533284,Alluri Sitharama Raju,ANDHRA PRADESH,india
B.Velamakota,533284,Alluri Sitharama Raju,ANDHRA PRADESH,india
Gadelapalem,533286,EAST GODAVARI,ANDHRA PRADESH,india
Rampayerrampalem,533286,EAST GODAVARI,ANDHRA PRADESH,india
Tantikonda,533286,EAST GODAVARI,ANDHRA PRADESH,india
Krishunipalem,533286,EAST GODAVARI,ANDHRA PRADESH,india
Srikrishnapatnam,533353,EAST GODAVARI,ANDHRA PRADESH,india
Madhavarayudupalem,533126,EAST GODAVARI,ANDHRA PRADESH,india
Gadarada,533289,EAST GODAVARI,ANDHRA PRADESH,india
Kanupuru,533289,EAST GODAVARI,ANDHRA PRADESH,india
Kunavaram,533289,EAST GODAVARI,ANDHRA PRADESH,india
Jambupatnam,533289,EAST GODAVARI,ANDHRA PRADESH,india
Munagala,533289,EAST GODAVARI,ANDHRA PRADESH,india
Narasimhapuram,533289,EAST GODAVARI,ANDHRA PRADESH,india
Vedurupaka,533289,EAST GODAVARI,ANDHRA PRADESH,india
Soorampalem,533285,Alluri Sitharama Raju,ANDHRA PRADESH,india
Pidathamamidi,533285,Alluri Sitharama Raju,ANDHRA PRADESH,india
Koti,533290,EAST GODAVARI,ANDHRA PRADESH,india
Kundada,533295,Alluri Sitharama Raju,ANDHRA PRADESH,india
Gujjumamidivalasa,533295,Alluri Sitharama Raju,ANDHRA PRADESH,india
Chintalapudi,533295,Alluri Sitharama Raju,ANDHRA PRADESH,india
Madduluru,533295,Alluri Sitharama Raju,ANDHRA PRADESH,india
G.Donthamuru,533294,EAST GODAVARI,ANDHRA PRADESH,india
Vadisaleru,533294,EAST GODAVARI,ANDHRA PRADESH,india
Velugubanda,533294,EAST GODAVARI,ANDHRA PRADESH,india
Bolagonda,533288,Alluri Sitharama Raju,ANDHRA PRADESH,india
I.Polavaram,533288,Alluri Sitharama Raju,ANDHRA PRADESH,india
Pidimgoyya,533107,EAST GODAVARI,ANDHRA PRADESH,india
Vangalapudi,533287,EAST GODAVARI,ANDHRA PRADESH,india
Mulakallanka,533293,EAST GODAVARI,ANDHRA PRADESH,india
KONDRAJUPETA.,533350,Alluri Sitharama Raju,ANDHRA PRADESH,india
KUTURU.,533350,Alluri Sitharama Raju,ANDHRA PRADESH,india
PEDARKUR.,533350,Alluri Sitharama Raju,ANDHRA PRADESH,india
Devipatnam,533354,EAST GODAVARI,ANDHRA PRADESH,india
Lakkavaram,533347,Alluri Sitharama Raju,ANDHRA PRADESH,india
Mahendrawada,533342,EAST GODAVARI,ANDHRA PRADESH,india
Atchutapuram,533307,Konaseema,ANDHRA PRADESH,india
Pasalapudi,533261,Konaseema,ANDHRA PRADESH,india
Someswaram,533261,Konaseema,ANDHRA PRADESH,india
Pedapalla,533232,Konaseema,ANDHRA PRADESH,india
Pinapalla,533232,Konaseema,ANDHRA PRADESH,india
Ithapudi,533262,Kakinada,ANDHRA PRADESH,india
Venkatayapalem,533262,Konaseema,ANDHRA PRADESH,india
Z.Medapadu,533341,Konaseema,ANDHRA PRADESH,india
Ramavaram,533264,EAST GODAVARI,ANDHRA PRADESH,india
Tamarapalli,533305,Konaseema,ANDHRA PRADESH,india
Vakatippa,533305,Konaseema,ANDHRA PRADESH,india
Kurmapuram,533256,Konaseema,ANDHRA PRADESH,india
Narasapurapupeta,533256,Konaseema,ANDHRA PRADESH,india
Tallapolam,533256,Konaseema,ANDHRA PRADESH,india
KOTHURU.,533256,Konaseema,ANDHRA PRADESH,india
Koppavaram,533346,EAST GODAVARI,ANDHRA PRADESH,india
Palathodu,533340,Konaseema,ANDHRA PRADESH,india
Velagathodu,533340,Konaseema,ANDHRA PRADESH,india
Choppella,533234,Konaseema,ANDHRA PRADESH,india
Bhamini,532456,Parvathipuram Manyam,ANDHRA PRADESH,india
Gurandi,532456,Parvathipuram Manyam,ANDHRA PRADESH,india
Maniga,532456,Parvathipuram Manyam,ANDHRA PRADESH,india
Yalamanchili,532427,SRIKAKULAM,ANDHRA PRADESH,india
Mamidivalasa,532445,SRIKAKULAM,ANDHRA PRADESH,india
Annampeta,532445,SRIKAKULAM,ANDHRA PRADESH,india
Peddapeta,532445,SRIKAKULAM,ANDHRA PRADESH,india
Belamam,532484,SRIKAKULAM,ANDHRA PRADESH,india
Tadivalasa,532484,SRIKAKULAM,ANDHRA PRADESH,india
Thogaram,532484,SRIKAKULAM,ANDHRA PRADESH,india
Vanjangi,532484,SRIKAKULAM,ANDHRA PRADESH,india
Kommuvalasa,532459,SRIKAKULAM,ANDHRA PRADESH,india
Kondaragolu,532459,SRIKAKULAM,ANDHRA PRADESH,india
Gotivada,532432,SRIKAKULAM,ANDHRA PRADESH,india
Borubhadra,532214,SRIKAKULAM,ANDHRA PRADESH,india
Dharmalaxmipuram,532214,SRIKAKULAM,ANDHRA PRADESH,india
Baleru,532455,Parvathipuram Manyam,ANDHRA PRADESH,india
Ghanasara,532455,Parvathipuram Manyam,ANDHRA PRADESH,india
Marripadu,532455,Parvathipuram Manyam,ANDHRA PRADESH,india
Puliputti,532455,Parvathipuram Manyam,ANDHRA PRADESH,india
Gonepadu,532458,SRIKAKULAM,ANDHRA PRADESH,india
Peddakota,532458,SRIKAKULAM,ANDHRA PRADESH,india
Sarubujjili,532458,SRIKAKULAM,ANDHRA PRADESH,india
Karakavalasa,532428,SRIKAKULAM,ANDHRA PRADESH,india
Nagarikatakam,532428,SRIKAKULAM,ANDHRA PRADESH,india
Jaduru,532421,SRIKAKULAM,ANDHRA PRADESH,india
Komarti,532421,SRIKAKULAM,ANDHRA PRADESH,india
Mabagam,532421,SRIKAKULAM,ANDHRA PRADESH,india
Kurigam,532457,SRIKAKULAM,ANDHRA PRADESH,india
Ponnuturu,532457,SRIKAKULAM,ANDHRA PRADESH,india
Alamajipeta,532190,SRIKAKULAM,ANDHRA PRADESH,india
Rottavalasa,532190,SRIKAKULAM,ANDHRA PRADESH,india
Peddalogidi,532213,SRIKAKULAM,ANDHRA PRADESH,india
Urjam,532429,SRIKAKULAM,ANDHRA PRADESH,india
Koduru,532430,SRIKAKULAM,ANDHRA PRADESH,india
Runku Hanumanthapuram,532430,SRIKAKULAM,ANDHRA PRADESH,india
Burujuvada,532426,SRIKAKULAM,ANDHRA PRADESH,india
Peddabammidi,532474,SRIKAKULAM,ANDHRA PRADESH,india
Yetturallapadu,532474,SRIKAKULAM,ANDHRA PRADESH,india
Chinabammidi,532474,SRIKAKULAM,ANDHRA PRADESH,india
Lukulam,532425,SRIKAKULAM,ANDHRA PRADESH,india
Paraselli,532425,SRIKAKULAM,ANDHRA PRADESH,india
Makivalasa,532425,SRIKAKULAM,ANDHRA PRADESH,india
Chittivalasa,532186,SRIKAKULAM,ANDHRA PRADESH,india
Tandemvalasa,532187,SRIKAKULAM,ANDHRA PRADESH,india
Silagam Singuvalasa,532187,SRIKAKULAM,ANDHRA PRADESH,india
Kistappapeta,532187,SRIKAKULAM,ANDHRA PRADESH,india
Vadada,532401,SRIKAKULAM,ANDHRA PRADESH,india
Bhagiradhipuram,532408,SRIKAKULAM,ANDHRA PRADESH,india
Tonangi,532406,SRIKAKULAM,ANDHRA PRADESH,india
Vommaravilli,532406,SRIKAKULAM,ANDHRA PRADESH,india
Tamminaidupeta,532410,SRIKAKULAM,ANDHRA PRADESH,india
Tulugu,532405,SRIKAKULAM,ANDHRA PRADESH,india
Kothapeta,532005,SRIKAKULAM,ANDHRA PRADESH,india
Laveru,532407,SRIKAKULAM,ANDHRA PRADESH,india
Kuppili,532403,SRIKAKULAM,ANDHRA PRADESH,india
Pedda Kottapalle,532403,SRIKAKULAM,ANDHRA PRADESH,india
Anandapuram,532168,SRIKAKULAM,ANDHRA PRADESH,india
Buridikancharam,532168,SRIKAKULAM,ANDHRA PRADESH,india
Honjaram,532167,SRIKAKULAM,ANDHRA PRADESH,india
Palakhandyam,532168,SRIKAKULAM,ANDHRA PRADESH,india
Tankaladuggivalasa,532168,SRIKAKULAM,ANDHRA PRADESH,india
METTAVALASA,532168,SRIKAKULAM,ANDHRA PRADESH,india
Dhavalapeta,532168,SRIKAKULAM,ANDHRA PRADESH,india
Arjunavalasa,532409,SRIKAKULAM,ANDHRA PRADESH,india
Derasam,532409,SRIKAKULAM,ANDHRA PRADESH,india
Devunipalavalasa,532409,SRIKAKULAM,ANDHRA PRADESH,india
Maredubaka,532127,SRIKAKULAM,ANDHRA PRADESH,india
Dallavalasa,532402,SRIKAKULAM,ANDHRA PRADESH,india
Dharmapuram,532402,SRIKAKULAM,ANDHRA PRADESH,india
Mandarada,532123,SRIKAKULAM,ANDHRA PRADESH,india
Vavilavalasa,532123,SRIKAKULAM,ANDHRA PRADESH,india
KR Puram,532123,SRIKAKULAM,ANDHRA PRADESH,india
Kodisa,532122,SRIKAKULAM,ANDHRA PRADESH,india
Parampeta,532122,SRIKAKULAM,ANDHRA PRADESH,india
Tunivada,532122,SRIKAKULAM,ANDHRA PRADESH,india
Venkampeta,532122,SRIKAKULAM,ANDHRA PRADESH,india
Metturu,532219,SRIKAKULAM,ANDHRA PRADESH,india
Badupuram,532264,SRIKAKULAM,ANDHRA PRADESH,india
Bhogapuram,532264,SRIKAKULAM,ANDHRA PRADESH,india
Uppalam,532263,SRIKAKULAM,ANDHRA PRADESH,india
Pedalaxmipuram,532216,SRIKAKULAM,ANDHRA PRADESH,india
Banapuram,532216,SRIKAKULAM,ANDHRA PRADESH,india
Kondalogam,532243,SRIKAKULAM,ANDHRA PRADESH,india
Loharibanda,532243,SRIKAKULAM,ANDHRA PRADESH,india
Deppilugonapaputtuga,532312,SRIKAKULAM,ANDHRA PRADESH,india
Edupuram,532312,SRIKAKULAM,ANDHRA PRADESH,india
Karapadu,532312,SRIKAKULAM,ANDHRA PRADESH,india
Khajuru,532290,SRIKAKULAM,ANDHRA PRADESH,india
Boddapadu,532222,SRIKAKULAM,ANDHRA PRADESH,india
Nagarampalli,532222,SRIKAKULAM,ANDHRA PRADESH,india
Rajapuram,532322,SRIKAKULAM,ANDHRA PRADESH,india
Santhabommali,532195,SRIKAKULAM,ANDHRA PRADESH,india
Borivanka,532292,SRIKAKULAM,ANDHRA PRADESH,india
Gonapaputtuga,532292,SRIKAKULAM,ANDHRA PRADESH,india
Kusumapuram,532292,SRIKAKULAM,ANDHRA PRADESH,india
Kesaripada,532291,SRIKAKULAM,ANDHRA PRADESH,india
Talagam,532212,SRIKAKULAM,ANDHRA PRADESH,india
Akasalakkavaram,532211,SRIKAKULAM,ANDHRA PRADESH,india
Borubhadra,532218,SRIKAKULAM,ANDHRA PRADESH,india
Pedamuraharipuram,532218,SRIKAKULAM,ANDHRA PRADESH,india
Singuru,532218,SRIKAKULAM,ANDHRA PRADESH,india
Aitam Engg.College,532203,SRIKAKULAM,ANDHRA PRADESH,india
Sasanam,532204,SRIKAKULAM,ANDHRA PRADESH,india
Seethapuram,532203,SRIKAKULAM,ANDHRA PRADESH,india
Bhagavanpuram,532203,SRIKAKULAM,ANDHRA PRADESH,india
Bheempuram,532203,SRIKAKULAM,ANDHRA PRADESH,india
Gayatri Engg College,530048,VISAKHAPATANAM,ANDHRA PRADESH,india
Tarluvada,530052,VISAKHAPATANAM,ANDHRA PRADESH,india
Chepaluppada,531163,VISAKHAPATANAM,ANDHRA PRADESH,india
INS Kalinga,531163,VISAKHAPATANAM,ANDHRA PRADESH,india
Peddipalem,531163,VISAKHAPATANAM,ANDHRA PRADESH,india
Annavaram,531162,VISAKHAPATANAM,ANDHRA PRADESH,india
Sangivalasa,531162,VISAKHAPATANAM,ANDHRA PRADESH,india
Dakamarri,531162,VISAKHAPATANAM,ANDHRA PRADESH,india
Polipalli,531162,VIZIANAGARAM,ANDHRA PRADESH,india
BODAMETTAPALEM,531162,VISAKHAPATANAM,ANDHRA PRADESH,india
Yellapuvanipalem,530027,VISAKHAPATANAM,ANDHRA PRADESH,india
Prahladapuram,530027,VISAKHAPATANAM,ANDHRA PRADESH,india
Gangavaram,530044,VISAKHAPATANAM,ANDHRA PRADESH,india
Chintalapalem,531173,VIZIANAGARAM,ANDHRA PRADESH,india
Gorapalle,531173,VISAKHAPATANAM,ANDHRA PRADESH,india
Gudilova,531173,VISAKHAPATANAM,ANDHRA PRADESH,india
MUDAPAKA,531173,VISAKHAPATANAM,ANDHRA PRADESH,india
T.V.Agraharam,531219,VISAKHAPATANAM,ANDHRA PRADESH,india
Durganagar,530029,VISAKHAPATANAM,ANDHRA PRADESH,india
Chintalaagaraharam,530047,VISAKHAPATANAM,ANDHRA PRADESH,india
Alamanda Sandy,535240,VIZIANAGARAM,ANDHRA PRADESH,india
Ganivada,535240,VIZIANAGARAM,ANDHRA PRADESH,india
Kantakapalli,535240,VIZIANAGARAM,ANDHRA PRADESH,india
Ainada,535005,VISAKHAPATANAM,ANDHRA PRADESH,india
B.Tallavalasa,535005,VISAKHAPATANAM,ANDHRA PRADESH,india
Chintalavalasa,535005,VIZIANAGARAM,ANDHRA PRADESH,india
Malicherala,535005,VIZIANAGARAM,ANDHRA PRADESH,india
Mopada,535005,VIZIANAGARAM,ANDHRA PRADESH,india
Amatamravivalasa,535216,VIZIANAGARAM,ANDHRA PRADESH,india
Akkivaram,535216,VIZIANAGARAM,ANDHRA PRADESH,india
KAVULAVADA,535216,VIZIANAGARAM,ANDHRA PRADESH,india
Ramabhadrapuram,535160,VIZIANAGARAM,ANDHRA PRADESH,india
Revallapalem,535160,VIZIANAGARAM,ANDHRA PRADESH,india
Devupalli,535260,VIZIANAGARAM,ANDHRA PRADESH,india
Rachakindam,535260,VIZIANAGARAM,ANDHRA PRADESH,india
Badevalasa,535581,VIZIANAGARAM,ANDHRA PRADESH,india
Khadarnagar,535002,VIZIANAGARAM,ANDHRA PRADESH,india
Gollupalem,535270,VIZIANAGARAM,ANDHRA PRADESH,india
Jinnam Agrharam,535270,VIZIANAGARAM,ANDHRA PRADESH,india
Lingalavalasa,535270,VIZIANAGARAM,ANDHRA PRADESH,india
S R R Puram,535270,VIZIANAGARAM,ANDHRA PRADESH,india
G Ch Penta,535270,VIZIANAGARAM,ANDHRA PRADESH,india
Korlam,535215,VIZIANAGARAM,ANDHRA PRADESH,india
Ompalli,535215,VIZIANAGARAM,ANDHRA PRADESH,india
Pedavemali,535215,VIZIANAGARAM,ANDHRA PRADESH,india
V R Palem,535250,VISAKHAPATANAM,ANDHRA PRADESH,india
Annamurajupeta,535250,VISAKHAPATANAM,ANDHRA PRADESH,india
Tatavari Kittali,535220,VIZIANAGARAM,ANDHRA PRADESH,india
PUNNAPUREDDIPETA,535220,VIZIANAGARAM,ANDHRA PRADESH,india
K R Peta,535183,VIZIANAGARAM,ANDHRA PRADESH,india
Kallepalli,535183,VIZIANAGARAM,ANDHRA PRADESH,india
Tangudubilli,535183,VISAKHAPATANAM,ANDHRA PRADESH,india
V B Puram,535183,VIZIANAGARAM,ANDHRA PRADESH,india
Cheepuruvalasa,535183,VIZIANAGARAM,ANDHRA PRADESH,india
Kummapalli,535183,VIZIANAGARAM,ANDHRA PRADESH,india
Mangalapalem,535183,VIZIANAGARAM,ANDHRA PRADESH,india
Pothampeta,535183,VIZIANAGARAM,ANDHRA PRADESH,india
Cheedivalasa,535183,VIZIANAGARAM,ANDHRA PRADESH,india
Jammadevipeta,535161,VIZIANAGARAM,ANDHRA PRADESH,india
Garugubilli,535273,Alluri Sitharama Raju,ANDHRA PRADESH,india
Pittada,535273,VIZIANAGARAM,ANDHRA PRADESH,india
Lothugedda,535273,VIZIANAGARAM,ANDHRA PRADESH,india
Nadupuru,535280,VIZIANAGARAM,ANDHRA PRADESH,india
Anandapuram,535280,VIZIANAGARAM,ANDHRA PRADESH,india
Buradapeta,535280,VIZIANAGARAM,ANDHRA PRADESH,india
Jammu,535217,VIZIANAGARAM,ANDHRA PRADESH,india
Gurla,535217,VIZIANAGARAM,ANDHRA PRADESH,india
Kondavelagada,535217,VIZIANAGARAM,ANDHRA PRADESH,india
Vallapuram,535217,VIZIANAGARAM,ANDHRA PRADESH,india
Kondatamarapalli,509324,VIZIANAGARAM,ANDHRA PRADESH,india
Gobhyam,535582,VIZIANAGARAM,ANDHRA PRADESH,india
Ingilapalli Agraharam,535580,VIZIANAGARAM,ANDHRA PRADESH,india
Vijayaramapuram,535580,VIZIANAGARAM,ANDHRA PRADESH,india
Gadasam,535582,VIZIANAGARAM,ANDHRA PRADESH,india
Pedachamalapalli,535580,VIZIANAGARAM,ANDHRA PRADESH,india
Kumili,535204,VIZIANAGARAM,ANDHRA PRADESH,india
Vempadam,535204,VIZIANAGARAM,ANDHRA PRADESH,india
Chintapalli,535204,VIZIANAGARAM,ANDHRA PRADESH,india
Chollangipeta,535204,VIZIANAGARAM,ANDHRA PRADESH,india
Gumpam Agraharam,535204,VIZIANAGARAM,ANDHRA PRADESH,india
Krishnapuram,535204,VIZIANAGARAM,ANDHRA PRADESH,india
Kothapeta,535218,VIZIANAGARAM,ANDHRA PRADESH,india
Ragolu,535218,VIZIANAGARAM,ANDHRA PRADESH,india
Gushini,535218,VIZIANAGARAM,ANDHRA PRADESH,india
Saripalli,535218,VIZIANAGARAM,ANDHRA PRADESH,india
Valluru,535218,VIZIANAGARAM,ANDHRA PRADESH,india
VOMMI,535218,VIZIANAGARAM,ANDHRA PRADESH,india
Seethampeta,535145,VIZIANAGARAM,ANDHRA PRADESH,india
Tyda,535145,VISAKHAPATANAM,ANDHRA PRADESH,india
Longuparthi,535145,VISAKHAPATANAM,ANDHRA PRADESH,india
Mallipudi,535145,VIZIANAGARAM,ANDHRA PRADESH,india
S G Peta,535145,VIZIANAGARAM,ANDHRA PRADESH,india
Diguva Kondaparti,535145,VISAKHAPATANAM,ANDHRA PRADESH,india
Pasupam,535213,VIZIANAGARAM,ANDHRA PRADESH,india
Pathivada,535213,VIZIANAGARAM,ANDHRA PRADESH,india
B S Factory,535214,VIZIANAGARAM,ANDHRA PRADESH,india
N K R Puram,535281,VIZIANAGARAM,ANDHRA PRADESH,india
Ayyannapeta,535003,VIZIANAGARAM,ANDHRA PRADESH,india
Gajularega,535003,VIZIANAGARAM,ANDHRA PRADESH,india
Billalavalasa,535003,VIZIANAGARAM,ANDHRA PRADESH,india
Komatigunta Lock,521260,KRISHNA,ANDHRA PRADESH,india
Keesara,521185,NTR,ANDHRA PRADESH,india
Arakatavemula,515445,ANANTAPUR,ANDHRA PRADESH,india
Chikkepalli,515445,ANANTAPUR,ANDHRA PRADESH,india
Muchukota,515445,ANANTAPUR,ANDHRA PRADESH,india
Thabjula,515445,ANANTAPUR,ANDHRA PRADESH,india
Kakkalpalli,515002,ANANTAPUR,ANDHRA PRADESH,india
Upparapalli,515002,ANANTAPUR,ANDHRA PRADESH,india
Kurugunta,515751,ANANTAPUR,ANDHRA PRADESH,india
Madigubba,515751,ANANTAPUR,ANDHRA PRADESH,india
P Narayana Puram,515751,ANANTAPUR,ANDHRA PRADESH,india
Duddekunta,515741,ANANTAPUR,ANDHRA PRADESH,india
Rayalappadoddi,515763,ANANTAPUR,ANDHRA PRADESH,india
Yelagalavanka,515763,ANANTAPUR,ANDHRA PRADESH,india
C Bandameedapalli,515701,ANANTAPUR,ANDHRA PRADESH,india
Janthaluru,515701,ANANTAPUR,ANDHRA PRADESH,india
Reddipalli,515701,ANANTAPUR,ANDHRA PRADESH,india
Igaduru,515415,ANANTAPUR,ANDHRA PRADESH,india
Akuledu,515731,ANANTAPUR,ANDHRA PRADESH,india
Kotanka,515731,ANANTAPUR,ANDHRA PRADESH,india
Kothapalli,515731,ANANTAPUR,ANDHRA PRADESH,india
M.P.R.Site,515731,ANANTAPUR,ANDHRA PRADESH,india
Penakacherla,515731,ANANTAPUR,ANDHRA PRADESH,india
Vadiampeta,515731,ANANTAPUR,ANDHRA PRADESH,india
Rudrampeta,515004,ANANTAPUR,ANDHRA PRADESH,india
Tapovanagar,515004,ANANTAPUR,ANDHRA PRADESH,india
Bavarampalli,515761,ANANTAPUR,ANDHRA PRADESH,india
Palavoyi,515761,ANANTAPUR,ANDHRA PRADESH,india
Yatakal,515761,ANANTAPUR,ANDHRA PRADESH,india
Kadiridevarapalli,515765,ANANTAPUR,ANDHRA PRADESH,india
Palluru,515765,ANANTAPUR,ANDHRA PRADESH,india
Chiyyedu,515721,ANANTAPUR,ANDHRA PRADESH,india
Mannila,515721,ANANTAPUR,ANDHRA PRADESH,india
Pulukunta,515721,ANANTAPUR,ANDHRA PRADESH,india
Kalagalla,515711,ANANTAPUR,ANDHRA PRADESH,india
Korrakodu,515711,ANANTAPUR,ANDHRA PRADESH,india
Nizava.Lli,515766,ANANTAPUR,ANDHRA PRADESH,india
Chamaluru,515425,ANANTAPUR,ANDHRA PRADESH,india
Chennampalli,515425,ANANTAPUR,ANDHRA PRADESH,india
Gugudu,515425,ANANTAPUR,ANDHRA PRADESH,india
Chintakunta,515414,ANANTAPUR,ANDHRA PRADESH,india
Maddipalli,515414,ANANTAPUR,ANDHRA PRADESH,india
Parlachedu,515767,ANANTAPUR,ANDHRA PRADESH,india
Thippanapalli,515767,ANANTAPUR,ANDHRA PRADESH,india
Salakamcheruvu,515435,ANANTAPUR,ANDHRA PRADESH,india
Juturu,515411,ANANTAPUR,ANDHRA PRADESH,india
Chilamakuru,515465,ANANTAPUR,ANDHRA PRADESH,india
Chintakayamanda,515465,ANANTAPUR,ANDHRA PRADESH,india
Kuchivaripalli,515465,ANANTAPUR,ANDHRA PRADESH,india
Singavaram,515465,ANANTAPUR,ANDHRA PRADESH,india
Vennupusalapalli,515465,ANANTAPUR,ANDHRA PRADESH,india
Bethapalli,515402,ANANTAPUR,ANDHRA PRADESH,india
Gollaladoddi,515401,ANANTAPUR,ANDHRA PRADESH,india
Kojjepalli,515401,ANANTAPUR,ANDHRA PRADESH,india
Konganapalli,515401,ANANTAPUR,ANDHRA PRADESH,india
Kothapeta,515401,ANANTAPUR,ANDHRA PRADESH,india
Pedoddi,515401,ANANTAPUR,ANDHRA PRADESH,india
Thondapadu,515401,ANANTAPUR,ANDHRA PRADESH,india
Vepalaparthy,515863,ANANTAPUR,ANDHRA PRADESH,india
Koppalakonda,515774,ANANTAPUR,ANDHRA PRADESH,india
Godasalapalli,515871,ANANTAPUR,ANDHRA PRADESH,india
Kudlur,515871,ANANTAPUR,ANDHRA PRADESH,india
Kuruvalli,515871,ANANTAPUR,ANDHRA PRADESH,india
Singanahalli,515871,ANANTAPUR,ANDHRA PRADESH,india
Poliki,515842,ANANTAPUR,ANDHRA PRADESH,india
Eddulapalli,515775,ANANTAPUR,ANDHRA PRADESH,india
G.Kottala,515775,ANANTAPUR,ANDHRA PRADESH,india
Kalapuram,515775,ANANTAPUR,ANDHRA PRADESH,india
Ramarajupalli,515405,ANANTAPUR,ANDHRA PRADESH,india
Kalyam,515865,ANANTAPUR,ANDHRA PRADESH,india
Muradi,515865,ANANTAPUR,ANDHRA PRADESH,india
Obulapuram,515865,ANANTAPUR,ANDHRA PRADESH,india
Pallepalli,515865,ANANTAPUR,ANDHRA PRADESH,india
T.Veerapuram,515865,ANANTAPUR,ANDHRA PRADESH,india
Thutrallapalli,515455,ANANTAPUR,ANDHRA PRADESH,india
Chabala,515812,ANANTAPUR,ANDHRA PRADESH,india
Cheekalagurki,515812,ANANTAPUR,ANDHRA PRADESH,india
Honnur,515812,ANANTAPUR,ANDHRA PRADESH,india
Janardhanapalli,515812,ANANTAPUR,ANDHRA PRADESH,india
Mallapuram,515812,ANANTAPUR,ANDHRA PRADESH,india
Rayampalli,515812,ANANTAPUR,ANDHRA PRADESH,india
Shaikshanipalli,515812,ANANTAPUR,ANDHRA PRADESH,india
Katakindapalli,515832,ANANTAPUR,ANDHRA PRADESH,india
Brahmanapalli,515408,ANANTAPUR,ANDHRA PRADESH,india
Chintalayalapalli,515408,ANANTAPUR,ANDHRA PRADESH,india
Gudipadu,515408,ANANTAPUR,ANDHRA PRADESH,india
Diguvamagham,517129,CHITTOOR,ANDHRA PRADESH,india
Madhavaram,517129,CHITTOOR,ANDHRA PRADESH,india
Mallakunta,517129,CHITTOOR,ANDHRA PRADESH,india
Pallicheruvu,517129,CHITTOOR,ANDHRA PRADESH,india
Todatara,517129,CHITTOOR,ANDHRA PRADESH,india
Dasarlapalle,517415,CHITTOOR,ANDHRA PRADESH,india
Kadapanatham,517415,CHITTOOR,ANDHRA PRADESH,india
Pantramanapalle,517004,CHITTOOR,ANDHRA PRADESH,india
Mapakshi,517002,CHITTOOR,ANDHRA PRADESH,india
Venkatapuram,517125,CHITTOOR,ANDHRA PRADESH,india
Ilavaripalle,517130,CHITTOOR,ANDHRA PRADESH,india
Puthur,517131,CHITTOOR,ANDHRA PRADESH,india
Appinapalle,517432,CHITTOOR,ANDHRA PRADESH,india
Gandrajupalle,517432,CHITTOOR,ANDHRA PRADESH,india
Nellipatla,517432,CHITTOOR,ANDHRA PRADESH,india
Arimakulapalle,517167,CHITTOOR,ANDHRA PRADESH,india
Devaragudipalle,517167,CHITTOOR,ANDHRA PRADESH,india
Palamakulapalle,517429,CHITTOOR,ANDHRA PRADESH,india
Ragimanipenta,517429,CHITTOOR,ANDHRA PRADESH,india
Chittoor Sugarfactory,517127,CHITTOOR,ANDHRA PRADESH,india
Sathambakkam,517127,CHITTOOR,ANDHRA PRADESH,india
Vavilthota,517127,CHITTOOR,ANDHRA PRADESH,india
Chittapara,517132,CHITTOOR,ANDHRA PRADESH,india
Marakalakuppam,517132,CHITTOOR,ANDHRA PRADESH,india
Naraharipet,517132,CHITTOOR,ANDHRA PRADESH,india
Thumminda,517132,CHITTOOR,ANDHRA PRADESH,india
Cheelapalle,517419,CHITTOOR,ANDHRA PRADESH,india
Diguvamasapalle,517419,CHITTOOR,ANDHRA PRADESH,india
Thalambedu,517419,CHITTOOR,ANDHRA PRADESH,india
Maredupalle,517408,CHITTOOR,ANDHRA PRADESH,india
Chinnamreddikandriga,517126,CHITTOOR,ANDHRA PRADESH,india
Baitapalle,517124,CHITTOOR,ANDHRA PRADESH,india
Tenepalle,517124,CHITTOOR,ANDHRA PRADESH,india
S.S.Konda,517421,CHITTOOR,ANDHRA PRADESH,india
Deenabandupuram,517599,CHITTOOR,ANDHRA PRADESH,india
Budithireddipalle,517422,CHITTOOR,ANDHRA PRADESH,india
Kasiralla,517422,CHITTOOR,ANDHRA PRADESH,india
Badikayalapalle,517370,Annamayya,ANDHRA PRADESH,india
Beerangi,517370,Annamayya,ANDHRA PRADESH,india
Madumuru,517370,Annamayya,ANDHRA PRADESH,india
Vepurikota,517351,Annamayya,ANDHRA PRADESH,india
Miniki,517417,Annamayya,ANDHRA PRADESH,india
Penchupadu,517417,Annamayya,ANDHRA PRADESH,india
Ramasamudram,517417,Annamayya,ANDHRA PRADESH,india
Kothavaripalle,517319,Annamayya,ANDHRA PRADESH,india
Pathapolu,517319,Annamayya,ANDHRA PRADESH,india
Nanjampet,517257,CHITTOOR,ANDHRA PRADESH,india
Pandillapalle,517257,CHITTOOR,ANDHRA PRADESH,india
Gudipalle,517426,CHITTOOR,ANDHRA PRADESH,india
Kanamanapalle,517426,CHITTOOR,ANDHRA PRADESH,india
Dasegowniyur,517425,CHITTOOR,ANDHRA PRADESH,india
Gudlanayanipalle,517425,CHITTOOR,ANDHRA PRADESH,india
Mittapalle KPM,517425,CHITTOOR,ANDHRA PRADESH,india
P.E.S.MEDICAL COLLEGE,517425,CHITTOOR,ANDHRA PRADESH,india
Appa Rao Street,517326,Annamayya,ANDHRA PRADESH,india
Basinikonda,517326,Annamayya,ANDHRA PRADESH,india
Neerugattuvaripalle,517326,Annamayya,ANDHRA PRADESH,india
Valasapalle,517326,Annamayya,ANDHRA PRADESH,india
Vempalle,517326,Annamayya,ANDHRA PRADESH,india
Ghattu,517326,Annamayya,ANDHRA PRADESH,india
Mushtoor,517280,Annamayya,ANDHRA PRADESH,india
Bhimaganipalle,517247,CHITTOOR,ANDHRA PRADESH,india
Magandlapalle,517247,CHITTOOR,ANDHRA PRADESH,india
Santhipuram,517423,CHITTOOR,ANDHRA PRADESH,india
Rajupeta,517401,CHITTOOR,ANDHRA PRADESH,india
Thettu,517352,Annamayya,ANDHRA PRADESH,india
Reddivaripalle,517326,Annamayya,ANDHRA PRADESH,india
Vemareddigaripalle,517418,Annamayya,ANDHRA PRADESH,india
Yeddulavaripalle,517418,Annamayya,ANDHRA PRADESH,india
Chintamakulapalle,517424,CHITTOOR,ANDHRA PRADESH,india
Ganugapenta,516228,Y.S.R.,ANDHRA PRADESH,india
Boyanapalli,516227,Y.S.R.,ANDHRA PRADESH,india
Chinthalacheruvu,516227,Y.S.R.,ANDHRA PRADESH,india
Kuppam,516259,Y.S.R.,ANDHRA PRADESH,india
Mundlapalli,516162,Y.S.R.,ANDHRA PRADESH,india
Mallur,516214,Y.S.R.,ANDHRA PRADESH,india
T. Sakibanda,516214,Y.S.R.,ANDHRA PRADESH,india
Kothapet,516163,Y.S.R.,ANDHRA PRADESH,india
Pandillapalli,516267,Y.S.R.,ANDHRA PRADESH,india
Pujalavandlapalli,516267,Y.S.R.,ANDHRA PRADESH,india
Thumukunta,516267,Y.S.R.,ANDHRA PRADESH,india
Veligallu,516267,Y.S.R.,ANDHRA PRADESH,india
Chennupalli,516217,Y.S.R.,ANDHRA PRADESH,india
Musalreddypalli,516217,Y.S.R.,ANDHRA PRADESH,india
Konduvaripalli,516503,Y.S.R.,ANDHRA PRADESH,india
Pundlachennupalli,516503,Y.S.R.,ANDHRA PRADESH,india
T.Soudarivaripalli,516503,Y.S.R.,ANDHRA PRADESH,india
Appanapalli,516203,Y.S.R.,ANDHRA PRADESH,india
Kommaluru,516203,Y.S.R.,ANDHRA PRADESH,india
Thudumaladinne,516203,Y.S.R.,ANDHRA PRADESH,india
Brahmana Erragudi,516257,Y.S.R.,ANDHRA PRADESH,india
Budida Gunta Palli,516257,Y.S.R.,ANDHRA PRADESH,india
Gollapalli,516257,Y.S.R.,ANDHRA PRADESH,india
Reddivaripalli,516257,Y.S.R.,ANDHRA PRADESH,india
Bandlapalli,516270,Y.S.R.,ANDHRA PRADESH,india
Saraswatipalli,516504,Y.S.R.,ANDHRA PRADESH,india
Suddamalla,516504,Y.S.R.,ANDHRA PRADESH,india
Akkalareddypalli,516193,Y.S.R.,ANDHRA PRADESH,india
Kodigudlapadu,516193,Y.S.R.,ANDHRA PRADESH,india
Munnelli,516193,Y.S.R.,ANDHRA PRADESH,india
Pullaveedu,516193,Y.S.R.,ANDHRA PRADESH,india
Chemmumiapet,516003,Y.S.R.,ANDHRA PRADESH,india
Ksrm Engg College,516003,Y.S.R.,ANDHRA PRADESH,india
Lingareddy Palli,516003,Y.S.R.,ANDHRA PRADESH,india
Tadigotla,516003,Y.S.R.,ANDHRA PRADESH,india
Balireddygari Palli,516269,Y.S.R.,ANDHRA PRADESH,india
Botlachervu,516269,Y.S.R.,ANDHRA PRADESH,india
Chennamukka Palli,516269,Y.S.R.,ANDHRA PRADESH,india
Eguvagottiveedu,516269,Y.S.R.,ANDHRA PRADESH,india
Guttapalli,516215,Y.S.R.,ANDHRA PRADESH,india
Rajuvaripalli,516215,Y.S.R.,ANDHRA PRADESH,india
Machupalli,516002,Y.S.R.,ANDHRA PRADESH,india
CENTRAL PRISON,516002,Y.S.R.,ANDHRA PRADESH,india
Matli,516268,Y.S.R.,ANDHRA PRADESH,india
Mangampet,516105,Annamayya,ANDHRA PRADESH,india
Akkireddygaripalli,516501,Y.S.R.,ANDHRA PRADESH,india
Beebisahebpet,516501,Y.S.R.,ANDHRA PRADESH,india
Chenduvoyi,516501,Y.S.R.,ANDHRA PRADESH,india
Kumbhagiri,516501,Y.S.R.,ANDHRA PRADESH,india
Itimarpuram,516128,Y.S.R.,ANDHRA PRADESH,india
Obili,516128,Y.S.R.,ANDHRA PRADESH,india
Thimmayyagaripalli,516128,Y.S.R.,ANDHRA PRADESH,india
Thummachetlapalli,516128,Y.S.R.,ANDHRA PRADESH,india
Barytes Factory,516101,Y.S.R.,ANDHRA PRADESH,india
Koneti Raju Kandrika,516101,Y.S.R.,ANDHRA PRADESH,india
Vellavari Kandrika,516101,Y.S.R.,ANDHRA PRADESH,india
Buduguntapalli,516126,Y.S.R.,ANDHRA PRADESH,india
Cherlopalli,516126,Y.S.R.,ANDHRA PRADESH,india
Kothaboyanapalli,516126,Y.S.R.,ANDHRA PRADESH,india
Kuchivaripalli,516126,Y.S.R.,ANDHRA PRADESH,india
Mandaram,516126,Y.S.R.,ANDHRA PRADESH,india
Narayana,516126,Y.S.R.,ANDHRA PRADESH,india
Upparapalli,516126,Y.S.R.,ANDHRA PRADESH,india
Varadaiahgaripalli,516126,Y.S.R.,ANDHRA PRADESH,india
Chintharajupalli,516152,Y.S.R.,ANDHRA PRADESH,india
Adapur,516150,Y.S.R.,ANDHRA PRADESH,india
Gundlur,516150,Y.S.R.,ANDHRA PRADESH,india
Pullapathur,516150,Y.S.R.,ANDHRA PRADESH,india
Chinnaorampadu,516108,Y.S.R.,ANDHRA PRADESH,india
Peddaorampadu,516108,Y.S.R.,ANDHRA PRADESH,india
Bommavaram,516110,Y.S.R.,ANDHRA PRADESH,india
Kondur,516127,Y.S.R.,ANDHRA PRADESH,india
Narasingarajapuram,516127,Y.S.R.,ANDHRA PRADESH,india
Besthapalli,516129,Y.S.R.,ANDHRA PRADESH,india
Jangampalli,516129,Y.S.R.,ANDHRA PRADESH,india
Madithadu,516129,Y.S.R.,ANDHRA PRADESH,india
Peddabidiki,516129,Y.S.R.,ANDHRA PRADESH,india
Vontithatipalli,516237,Y.S.R.,ANDHRA PRADESH,india
Lebaka,516151,Y.S.R.,ANDHRA PRADESH,india
Narvakatpalli,516213,Y.S.R.,ANDHRA PRADESH,india
Chikirevulapalli,515556,Sri Sathya Sai,ANDHRA PRADESH,india
Pulikintapalli,515556,Sri Sathya Sai,ANDHRA PRADESH,india
Sanjeevapuram,515661,Sri Sathya Sai,ANDHRA PRADESH,india
Amagondapalem,515144,Sri Sathya Sai,ANDHRA PRADESH,india
Narepalli,515144,Sri Sathya Sai,ANDHRA PRADESH,india
Badannapalli,515672,Sri Sathya Sai,ANDHRA PRADESH,india
Nasanakota,515672,Sri Sathya Sai,ANDHRA PRADESH,india
Katakamvaripalli,515521,Sri Sathya Sai,ANDHRA PRADESH,india
Pulagampalli,515591,Sri Sathya Sai,ANDHRA PRADESH,india
Dadalur,515641,Sri Sathya Sai,ANDHRA PRADESH,india
Elakuntla,515641,Sri Sathya Sai,ANDHRA PRADESH,india
Dabburivaripalli,515531,Sri Sathya Sai,ANDHRA PRADESH,india
Donnikota,515531,Sri Sathya Sai,ANDHRA PRADESH,india
Eguvagangireddipalli,515531,Sri Sathya Sai,ANDHRA PRADESH,india
Kurumala,515531,Sri Sathya Sai,ANDHRA PRADESH,india
Jagarajupalli,515133,Sri Sathya Sai,ANDHRA PRADESH,india
Venkatagaripalli,515133,Sri Sathya Sai,ANDHRA PRADESH,india
Marala,515159,Sri Sathya Sai,ANDHRA PRADESH,india
Kondaguttapalli,515541,Sri Sathya Sai,ANDHRA PRADESH,india
Pandulakunta,515541,Sri Sathya Sai,ANDHRA PRADESH,india
Kanumukkala,515651,Sri Sathya Sai,ANDHRA PRADESH,india
Tavalamarri,515551,Sri Sathya Sai,ANDHRA PRADESH,india
Uruvoi Mallireddypalli,515551,Sri Sathya Sai,ANDHRA PRADESH,india
Nallaguttapalli,515561,ANANTAPUR,ANDHRA PRADESH,india
Tangedikunta,515561,ANANTAPUR,ANDHRA PRADESH,india
Chennampalli,515621,Sri Sathya Sai,ANDHRA PRADESH,india
Pitchireddikottala,515621,Sri Sathya Sai,ANDHRA PRADESH,india
Badenaikthanda,515134,Sri Sathya Sai,ANDHRA PRADESH,india
Yerraguntapalle,515631,Sri Sathya Sai,ANDHRA PRADESH,india
East Nadimpalle,515581,Sri Sathya Sai,ANDHRA PRADESH,india
Velichelamala,515581,Sri Sathya Sai,ANDHRA PRADESH,india
Cheekatimanipalli,515571,Sri Sathya Sai,ANDHRA PRADESH,india
Gandhodivandlapalli,515571,Sri Sathya Sai,ANDHRA PRADESH,india
Korthikota,515571,Sri Sathya Sai,ANDHRA PRADESH,india
Mundlavaripalli,515571,Sri Sathya Sai,ANDHRA PRADESH,india
Vankapalle,515571,Sri Sathya Sai,ANDHRA PRADESH,india
Hallikera Devarahalli,515311,Sri Sathya Sai,ANDHRA PRADESH,india
Haludi,515311,Sri Sathya Sai,ANDHRA PRADESH,india
Karidasanahalli,515311,Sri Sathya Sai,ANDHRA PRADESH,india
Madhudi,515311,Sri Sathya Sai,ANDHRA PRADESH,india
Tammadehalli,515281,Sri Sathya Sai,ANDHRA PRADESH,india
Vadigepalli,515241,Sri Sathya Sai,ANDHRA PRADESH,india
Kuntimaddi,515101,Sri Sathya Sai,ANDHRA PRADESH,india
Puleru,515231,Sri Sathya Sai,ANDHRA PRADESH,india
Guddadahalli,515271,Sri Sathya Sai,ANDHRA PRADESH,india
Mandalahalli,515271,Sri Sathya Sai,ANDHRA PRADESH,india
Mutukuru,515271,Sri Sathya Sai,ANDHRA PRADESH,india
Sivaram,515286,Sri Sathya Sai,ANDHRA PRADESH,india
Birepalli,515212,Sri Sathya Sai,ANDHRA PRADESH,india
Cheepuleti,515303,ANANTAPUR,ANDHRA PRADESH,india
Chowluru,515211,Sri Sathya Sai,ANDHRA PRADESH,india
Gollapuram,515211,Sri Sathya Sai,ANDHRA PRADESH,india
Kotipi,515211,Sri Sathya Sai,ANDHRA PRADESH,india
Galibipalli,515331,Sri Sathya Sai,ANDHRA PRADESH,india
Byagarlapalli,515301,Sri Sathya Sai,ANDHRA PRADESH,india
Chandakacherla,515301,Sri Sathya Sai,ANDHRA PRADESH,india
Gowdanahalli,515301,Sri Sathya Sai,ANDHRA PRADESH,india
P.Sadlapalli,515202,Sri Sathya Sai,ANDHRA PRADESH,india
Dasappapalyam,515291,Sri Sathya Sai,ANDHRA PRADESH,india
Gangulavaipalem,515291,Sri Sathya Sai,ANDHRA PRADESH,india
Kothagundumala,515291,Sri Sathya Sai,ANDHRA PRADESH,india
S.Rayapuram,515291,Sri Sathya Sai,ANDHRA PRADESH,india
Mavatur,515124,Sri Sathya Sai,ANDHRA PRADESH,india
Nagalur,515124,Sri Sathya Sai,ANDHRA PRADESH,india
Kogira,515123,Sri Sathya Sai,ANDHRA PRADESH,india
R.Locherla,515123,Sri Sathya Sai,ANDHRA PRADESH,india
Thurukalapatnam,515123,Sri Sathya Sai,ANDHRA PRADESH,india
Pandiparthi,515122,Sri Sathya Sai,ANDHRA PRADESH,india
G.Hosanahalli,518302,KURNOOL,ANDHRA PRADESH,india
Manekurthi,518302,KURNOOL,ANDHRA PRADESH,india
Chinnahothur,518395,KURNOOL,ANDHRA PRADESH,india
Marakattu,518395,KURNOOL,ANDHRA PRADESH,india
Muddanageri,518395,KURNOOL,ANDHRA PRADESH,india
Atikalagundu,518347,KURNOOL,ANDHRA PRADESH,india
Tangaradona,518347,KURNOOL,ANDHRA PRADESH,india
Hardageri,518348,KURNOOL,ANDHRA PRADESH,india
Kokkarchedu,518348,KURNOOL,ANDHRA PRADESH,india
Nitravatti,518348,KURNOOL,ANDHRA PRADESH,india
T.Sakibanda,518348,KURNOOL,ANDHRA PRADESH,india
Nadichagi,518333,KURNOOL,ANDHRA PRADESH,india
Chinnahyti,518346,KURNOOL,ANDHRA PRADESH,india
Hebbatam,518308,KURNOOL,ANDHRA PRADESH,india
Naganathanahalli,518308,KURNOOL,ANDHRA PRADESH,india
B.Agraharam,518350,KURNOOL,ANDHRA PRADESH,india
Badinehal,518344,KURNOOL,ANDHRA PRADESH,india
Roudur,518344,KURNOOL,ANDHRA PRADESH,india
Belagallu,518313,KURNOOL,ANDHRA PRADESH,india
Chinnathumbalam,518313,KURNOOL,ANDHRA PRADESH,india
Kandukuru,518313,KURNOOL,ANDHRA PRADESH,india
Nancherla,518385,KURNOOL,ANDHRA PRADESH,india
Chilakaladona,518345,KURNOOL,ANDHRA PRADESH,india
N.Khairavadi,518345,KURNOOL,ANDHRA PRADESH,india
Beldona,518396,KURNOOL,ANDHRA PRADESH,india
Jutur,518380,KURNOOL,ANDHRA PRADESH,india
Pulikonda,518380,KURNOOL,ANDHRA PRADESH,india
Kallukunta,518323,KURNOOL,ANDHRA PRADESH,india
Jonnagiri,518390,KURNOOL,ANDHRA PRADESH,india
Madananthapuram,518390,KURNOOL,ANDHRA PRADESH,india
Upparlapalli,518390,KURNOOL,ANDHRA PRADESH,india
Sugur,518349,KURNOOL,ANDHRA PRADESH,india
Halaharvi,518360,KURNOOL,ANDHRA PRADESH,india
Kadimetla,518360,KURNOOL,ANDHRA PRADESH,india
Kambadahal,518360,KURNOOL,ANDHRA PRADESH,india
Nagaladinne,518343,KURNOOL,ANDHRA PRADESH,india
Bairluty,518422,Nandyal,ANDHRA PRADESH,india
Guvvalakunta,518422,Nandyal,ANDHRA PRADESH,india
Iskala,518422,Nandyal,ANDHRA PRADESH,india
Pinnapuram,518422,Nandyal,ANDHRA PRADESH,india
Siddepalli,518422,Nandyal,ANDHRA PRADESH,india
Burandoddi,518462,KURNOOL,ANDHRA PRADESH,india
Pulakurthi,518462,KURNOOL,ANDHRA PRADESH,india
Muddavaram,518599,Nandyal,ANDHRA PRADESH,india
Pudur,518432,KURNOOL,ANDHRA PRADESH,india
Allur,518432,Nandyal,ANDHRA PRADESH,india
Karivemula,518465,KURNOOL,ANDHRA PRADESH,india
Nellibanda,518465,KURNOOL,ANDHRA PRADESH,india
B.Ramadurgam,518222,Nandyal,ANDHRA PRADESH,india
Koilakonda,518222,Nandyal,ANDHRA PRADESH,india
Kotchervu,518222,Nandyal,ANDHRA PRADESH,india
Eddupenta,518222,Nandyal,ANDHRA PRADESH,india
Agaveli,518225,KURNOOL,ANDHRA PRADESH,india
Kambalapadu,518225,KURNOOL,ANDHRA PRADESH,india
Lakkasagaram,518225,KURNOOL,ANDHRA PRADESH,india
Grandhivemula,518508,Nandyal,ANDHRA PRADESH,india
Thudicherla,518508,Nandyal,ANDHRA PRADESH,india
Vanala,518508,Nandyal,ANDHRA PRADESH,india
Nandanapalli,518452,KURNOOL,ANDHRA PRADESH,india
Iranbanda,518463,KURNOOL,ANDHRA PRADESH,india
Munagala,518466,KURNOOL,ANDHRA PRADESH,india
S.Erragudi,518467,KURNOOL,ANDHRA PRADESH,india
Dinnedevarapadu,518002,KURNOOL,ANDHRA PRADESH,india
Loddipalli,518002,KURNOOL,ANDHRA PRADESH,india
Narnur,518002,KURNOOL,ANDHRA PRADESH,india
Uppalapadu,518002,KURNOOL,ANDHRA PRADESH,india
Nehru Nagar,518411,Nandyal,ANDHRA PRADESH,india
Alaganur,518405,Nandyal,ANDHRA PRADESH,india
Chintalapalli,518405,Nandyal,ANDHRA PRADESH,india
Chowtkur,518405,Nandyal,ANDHRA PRADESH,india
Veepanagandla,518405,Nandyal,ANDHRA PRADESH,india
Gondiparla,518004,KURNOOL,ANDHRA PRADESH,india
R.Konthalapadu,518004,KURNOOL,ANDHRA PRADESH,india
Tholisapuram,518004,KURNOOL,ANDHRA PRADESH,india
Erraguduru,518442,Nandyal,ANDHRA PRADESH,india
Mittakandala,518442,Nandyal,ANDHRA PRADESH,india
Kalachatla,518221,Nandyal,ANDHRA PRADESH,india
N.Rangapuram,518221,Nandyal,ANDHRA PRADESH,india
Vengalampalli,518221,Nandyal,ANDHRA PRADESH,india
Bondimadugula,518468,KURNOOL,ANDHRA PRADESH,india
Mukkella,518468,KURNOOL,ANDHRA PRADESH,india
S.Boyanapalli,518217,KURNOOL,ANDHRA PRADESH,india
Bastipadu,518218,KURNOOL,ANDHRA PRADESH,india
Bommireddipalli,518216,KURNOOL,ANDHRA PRADESH,india
Kosanapalle,518216,KURNOOL,ANDHRA PRADESH,india
Lakshminagaram,518216,KURNOOL,ANDHRA PRADESH,india
Bhojanam,518533,Nandyal,ANDHRA PRADESH,india
Guntakandala,518533,Nandyal,ANDHRA PRADESH,india
Mothukuru,518533,Nandyal,ANDHRA PRADESH,india
Velpanur,518533,Nandyal,ANDHRA PRADESH,india
Sekunala,518010,KURNOOL,ANDHRA PRADESH,india
Somayajulapalli,518010,KURNOOL,ANDHRA PRADESH,india
Chinnacumbum,523333,PRAKASAM,ANDHRA PRADESH,india
Maratithanda,523333,PRAKASAM,ANDHRA PRADESH,india
Velagalapaya,523333,PRAKASAM,ANDHRA PRADESH,india
Badapuram,523305,PRAKASAM,ANDHRA PRADESH,india
Indlacheruvu,523305,PRAKASAM,ANDHRA PRADESH,india
Vekatapuram,523305,PRAKASAM,ANDHRA PRADESH,india
Lellapalle,523330,PRAKASAM,ANDHRA PRADESH,india
Ankireddypalle,523356,PRAKASAM,ANDHRA PRADESH,india
Ganjivaripalle,523327,PRAKASAM,ANDHRA PRADESH,india
Peddakolukula,523327,PRAKASAM,ANDHRA PRADESH,india
Pedda yachavaram,523315,PRAKASAM,ANDHRA PRADESH,india
Diguvametta,523357,PRAKASAM,ANDHRA PRADESH,india
Krishnam Setty Palle,523357,PRAKASAM,ANDHRA PRADESH,india
Posupalle,523373,PRAKASAM,ANDHRA PRADESH,india
Ayyavaripalle,523336,PRAKASAM,ANDHRA PRADESH,india
Bogolu,523336,PRAKASAM,ANDHRA PRADESH,india
Gadikota,523367,PRAKASAM,ANDHRA PRADESH,india
Eguvacherlopalle,523331,PRAKASAM,ANDHRA PRADESH,india
Janapalacheruvu,523346,PRAKASAM,ANDHRA PRADESH,india
Konapalle,523346,PRAKASAM,ANDHRA PRADESH,india
Errabalem,523328,PRAKASAM,ANDHRA PRADESH,india
Sathakodu,523328,PRAKASAM,ANDHRA PRADESH,india
Thamballapalle,523369,PRAKASAM,ANDHRA PRADESH,india
Lingojipalle,523370,PRAKASAM,ANDHRA PRADESH,india
Bondalapadu,523332,PRAKASAM,ANDHRA PRADESH,india
Gollapalle,523332,PRAKASAM,ANDHRA PRADESH,india
Nasarsahebpalle,523371,PRAKASAM,ANDHRA PRADESH,india
Rayavaram,523371,PRAKASAM,ANDHRA PRADESH,india
Araveetikota,523372,PRAKASAM,ANDHRA PRADESH,india
Chatlamada,523320,PRAKASAM,ANDHRA PRADESH,india
Gobbur,523320,PRAKASAM,ANDHRA PRADESH,india
Pregallapadu,523320,PRAKASAM,ANDHRA PRADESH,india
SGIT-Darimadugu,523320,PRAKASAM,ANDHRA PRADESH,india
Isukatripuravaram,523326,PRAKASAM,ANDHRA PRADESH,india
Miriyampalle,523326,PRAKASAM,ANDHRA PRADESH,india
Alamur,518543,Nandyal,ANDHRA PRADESH,india
G.Jambuladinne,518543,Nandyal,ANDHRA PRADESH,india
Pathakandukur,518543,Nandyal,ANDHRA PRADESH,india
Kypa,518124,Nandyal,ANDHRA PRADESH,india
Tellapuri,518124,Nandyal,ANDHRA PRADESH,india
Yerragudi,518124,Nandyal,ANDHRA PRADESH,india
Erraguntla,518523,Nandyal,ANDHRA PRADESH,india
Parnapalle,518523,Nandyal,ANDHRA PRADESH,india
Chinnavangali,518553,Nandyal,ANDHRA PRADESH,india
Nelampadu,518553,Nandyal,ANDHRA PRADESH,india
Ramachandrapuram,518135,Nandyal,ANDHRA PRADESH,india
Beeravolu,518583,Nandyal,ANDHRA PRADESH,india
Boyalakuntla,518583,Nandyal,ANDHRA PRADESH,india
Chennur,518583,Nandyal,ANDHRA PRADESH,india
Gangavaram,518583,Nandyal,ANDHRA PRADESH,india
Yellavathula,518583,Nandyal,ANDHRA PRADESH,india
Mahadevapuram,523101,PRAKASAM,ANDHRA PRADESH,india
Julepalle,518674,Nandyal,ANDHRA PRADESH,india
Mitnala,518593,Nandyal,ANDHRA PRADESH,india
Pusulur,518593,Nandyal,ANDHRA PRADESH,india
Allur,518134,Nandyal,ANDHRA PRADESH,india
Peddakopperla,518134,Nandyal,ANDHRA PRADESH,india
Abdullapuram,518123,Nandyal,ANDHRA PRADESH,india
Ankireddypalli,518123,Nandyal,ANDHRA PRADESH,india
Thollamadugu,518123,Nandyal,ANDHRA PRADESH,india
Jillalla,518176,Nandyal,ANDHRA PRADESH,india
Billalapuram,518502,Nandyal,ANDHRA PRADESH,india
Govindapalle,518563,Nandyal,ANDHRA PRADESH,india
Kottala,518502,Nandyal,ANDHRA PRADESH,india
Sivavaram,518122,Nandyal,ANDHRA PRADESH,india
Peddaventhurla,518166,Nandyal,ANDHRA PRADESH,india
Rayamalpuram,518511,Nandyal,ANDHRA PRADESH,india
Chandalur,523214,Bapatla,ANDHRA PRADESH,india
Singavaram,518513,Nandyal,ANDHRA PRADESH,india
Bodemmanur,518155,Nandyal,ANDHRA PRADESH,india
Suddamalla,518155,Nandyal,ANDHRA PRADESH,india
Chiyyapadu,516356,Y.S.R.,ANDHRA PRADESH,india
Nagulapalle,516356,Y.S.R.,ANDHRA PRADESH,india
Pallavolu,516356,Y.S.R.,ANDHRA PRADESH,india
Seetharampuram,516356,Y.S.R.,ANDHRA PRADESH,india
Seetharampuram,535502,Parvathipuram Manyam,ANDHRA PRADESH,india
Chirrajupalle,516310,Y.S.R.,ANDHRA PRADESH,india
Narjampalle,516433,Y.S.R.,ANDHRA PRADESH,india
Kamanur,516175,Y.S.R.,ANDHRA PRADESH,india
Peddajonnavaram,516175,Y.S.R.,ANDHRA PRADESH,india
Ramapuram,516175,Y.S.R.,ANDHRA PRADESH,india
TSallabasayapalle,516175,Y.S.R.,ANDHRA PRADESH,india
Vasudevapuram,516175,Y.S.R.,ANDHRA PRADESH,india
Peddasettipalle,516361,Y.S.R.,ANDHRA PRADESH,india
Sankarapuram,516361,Y.S.R.,ANDHRA PRADESH,india
Malepadu,516361,Y.S.R.,ANDHRA PRADESH,india
Diguvakalavatala,516434,Y.S.R.,ANDHRA PRADESH,india
Gudemcheruvu,516434,Y.S.R.,ANDHRA PRADESH,india
Kothapalle,516362,Y.S.R.,ANDHRA PRADESH,india
Chinnasettipalle,516359,Y.S.R.,ANDHRA PRADESH,india
Gadegudur,516359,Y.S.R.,ANDHRA PRADESH,india
Kulur,516359,Y.S.R.,ANDHRA PRADESH,india
Parlapadu,516359,Y.S.R.,ANDHRA PRADESH,india
Chinnadudyal,516380,Y.S.R.,ANDHRA PRADESH,india
Chinnaguruvaluru,516172,Y.S.R.,ANDHRA PRADESH,india
Chintakunta,516172,Y.S.R.,ANDHRA PRADESH,india
Gallavandlapalle,516172,Y.S.R.,ANDHRA PRADESH,india
Lingaladinne,516172,Y.S.R.,ANDHRA PRADESH,india
Nagasanipalle,516172,Y.S.R.,ANDHRA PRADESH,india
Uppaguntapalle,516172,Y.S.R.,ANDHRA PRADESH,india
Thippireddypalle,516173,Y.S.R.,ANDHRA PRADESH,india
Viswanathapuram,516173,Y.S.R.,ANDHRA PRADESH,india
Balapanagudur,516411,Y.S.R.,ANDHRA PRADESH,india
Bestavemula,516432,Y.S.R.,ANDHRA PRADESH,india
Dhodiyam,516432,Y.S.R.,ANDHRA PRADESH,india
Kondreddypalle,516421,Y.S.R.,ANDHRA PRADESH,india
Saidapuram,516421,Y.S.R.,ANDHRA PRADESH,india
Udavagandla,516421,Y.S.R.,ANDHRA PRADESH,india
Bonala,516484,Y.S.R.,ANDHRA PRADESH,india
Kamasamudram,516484,Y.S.R.,ANDHRA PRADESH,india
Nakkalapalle,516484,Y.S.R.,ANDHRA PRADESH,india
Dadireddypalle,516289,Y.S.R.,ANDHRA PRADESH,india
Devarajupalle,516289,Y.S.R.,ANDHRA PRADESH,india
Kondayapalle,516289,Y.S.R.,ANDHRA PRADESH,india
Nallingayapalle,516289,Y.S.R.,ANDHRA PRADESH,india
Pandillapalle,516289,Y.S.R.,ANDHRA PRADESH,india
Sambatur,516289,Y.S.R.,ANDHRA PRADESH,india
Korrapadu,516444,Y.S.R.,ANDHRA PRADESH,india
Pottipadu,516464,Y.S.R.,ANDHRA PRADESH,india
Thimmapuram,516464,Y.S.R.,ANDHRA PRADESH,india
Parnapalle,516396,Y.S.R.,ANDHRA PRADESH,india
Peddakudala,516396,Y.S.R.,ANDHRA PRADESH,india
Cheemalapenta,516218,Y.S.R.,ANDHRA PRADESH,india
Indukur,516339,Y.S.R.,ANDHRA PRADESH,india
Kirthipalle,516339,Y.S.R.,ANDHRA PRADESH,india
Urutur,516339,Y.S.R.,ANDHRA PRADESH,india
Bokkudupalle,516391,Y.S.R.,ANDHRA PRADESH,india
Ulimella,516391,Y.S.R.,ANDHRA PRADESH,india
Brahmanapalle,516391,Y.S.R.,ANDHRA PRADESH,india
Duddekunta,516454,Y.S.R.,ANDHRA PRADESH,india
Gurijala,516454,Y.S.R.,ANDHRA PRADESH,india
Bakkannagaripalle,516350,Y.S.R.,ANDHRA PRADESH,india
T Velamvaripalle,516350,Y.S.R.,ANDHRA PRADESH,india
Bukkapatnam,516474,Y.S.R.,ANDHRA PRADESH,india
Chevvanagayapalle,516474,Y.S.R.,ANDHRA PRADESH,india
Kodur,516474,Y.S.R.,ANDHRA PRADESH,india
Bhadrampalle,516401,Y.S.R.,ANDHRA PRADESH,india
Tangedupalle,516329,Y.S.R.,ANDHRA PRADESH,india
Ambavaram,516293,Y.S.R.,ANDHRA PRADESH,india
C Kothapalle,516293,Y.S.R.,ANDHRA PRADESH,india
Komarunipalle,516293,Y.S.R.,ANDHRA PRADESH,india
Thollaganganapalle,516293,Y.S.R.,ANDHRA PRADESH,india
Moillacheruvu,516321,Y.S.R.,ANDHRA PRADESH,india
Bodevandlapalle,517194,Tirupati,ANDHRA PRADESH,india
Kotabailu,517194,Tirupati,ANDHRA PRADESH,india
Kotakadapalle,517194,Tirupati,ANDHRA PRADESH,india
Thettupalle,517194,Tirupati,ANDHRA PRADESH,india
Yerravaripalem,517194,Tirupati,ANDHRA PRADESH,india
Pasalavandlapalle,517305,Annamayya,ANDHRA PRADESH,india
Kalicherla,517297,Annamayya,ANDHRA PRADESH,india
Kanumalopalle,517297,Annamayya,ANDHRA PRADESH,india
Matampalle Agraharam,517213,CHITTOOR,ANDHRA PRADESH,india
Galivaripalle,517236,Annamayya,ANDHRA PRADESH,india
Regallu,517234,CHITTOOR,ANDHRA PRADESH,india
Muthukuvaripalle,517113,CHITTOOR,ANDHRA PRADESH,india
Gadi,517237,CHITTOOR,ANDHRA PRADESH,india
T.Sakirevupalle,517237,CHITTOOR,ANDHRA PRADESH,india
Ayithepalle,517102,Tirupati,ANDHRA PRADESH,india
Dornakambala,517102,Tirupati,ANDHRA PRADESH,india
Kotala,517102,Tirupati,ANDHRA PRADESH,india
Seshapuram,517102,Tirupati,ANDHRA PRADESH,india
Maddinayanipalle,517112,CHITTOOR,ANDHRA PRADESH,india
Panapakam,517112,CHITTOOR,ANDHRA PRADESH,india
Ustikayalapenta,517214,Tirupati,ANDHRA PRADESH,india
Peddagottigallu,517192,CHITTOOR,ANDHRA PRADESH,india
Marrimakulapalle,517291,Annamayya,ANDHRA PRADESH,india
Reddivaripalle,517291,Annamayya,ANDHRA PRADESH,india
Yenugondapalem,517291,Annamayya,ANDHRA PRADESH,india
Kuraparthi,517299,Annamayya,ANDHRA PRADESH,india
Chiyyavaram,517536,Tirupati,ANDHRA PRADESH,india
Katur,517645,Tirupati,ANDHRA PRADESH,india
Gundrajukuppam,517592,CHITTOOR,ANDHRA PRADESH,india
Allamadugu,517582,CHITTOOR,ANDHRA PRADESH,india
Nochilirajukandriga,517582,CHITTOOR,ANDHRA PRADESH,india
Brahmanapalle,517643,Tirupati,ANDHRA PRADESH,india
Kalathur,517643,Tirupati,ANDHRA PRADESH,india
Kumara Venkata Bhupala Puram,517643,Tirupati,ANDHRA PRADESH,india
Pudichennakesavapuram,517643,Tirupati,ANDHRA PRADESH,india
Adivikodiyambedu,517589,Tirupati,ANDHRA PRADESH,india
Kannavaram,517589,Tirupati,ANDHRA PRADESH,india
Karani,517589,Tirupati,ANDHRA PRADESH,india
Pulikundram,517589,Tirupati,ANDHRA PRADESH,india
Siddirajukandriga,517589,Tirupati,ANDHRA PRADESH,india
Hanumanthapuram,517589,Tirupati,ANDHRA PRADESH,india
Tadukupet,517590,CHITTOOR,ANDHRA PRADESH,india
Venkatapathi Rajuvaripet,517590,CHITTOOR,ANDHRA PRADESH,india
Bheemunicheruvu,517581,Tirupati,ANDHRA PRADESH,india
Aroor,517591,CHITTOOR,ANDHRA PRADESH,india
Chavarambakam,517591,CHITTOOR,ANDHRA PRADESH,india
Damarapakam,517591,CHITTOOR,ANDHRA PRADESH,india
Elakatur,517591,CHITTOOR,ANDHRA PRADESH,india
Mannavaram,517620,Tirupati,ANDHRA PRADESH,india
Agraharam,517640,Tirupati,ANDHRA PRADESH,india
Aravakothur,517640,Tirupati,ANDHRA PRADESH,india
Jagannathapuram,517586,CHITTOOR,ANDHRA PRADESH,india
Vijayapuram,517586,CHITTOOR,ANDHRA PRADESH,india
Poyya,517642,CHITTOOR,ANDHRA PRADESH,india
Arai,517587,Tirupati,ANDHRA PRADESH,india
Vengalathur,517587,Tirupati,ANDHRA PRADESH,india
Nesanur,517583,Tirupati,ANDHRA PRADESH,india
Dasukuppam,517588,Tirupati,ANDHRA PRADESH,india
Rasapalem,517588,Tirupati,ANDHRA PRADESH,india
Sirunambudur,517588,Tirupati,ANDHRA PRADESH,india
K.M.Agraharam,517571,Tirupati,ANDHRA PRADESH,india
Ramakrishnapuram,517571,Tirupati,ANDHRA PRADESH,india
Seetharamapuram,517571,Tirupati,ANDHRA PRADESH,india
Karipakam,517541,CHITTOOR,ANDHRA PRADESH,india
Mannasamudram,517619,Tirupati,ANDHRA PRADESH,india
Gangireddipalli,517561,Tirupati,ANDHRA PRADESH,india
Kammapalle,517561,Tirupati,ANDHRA PRADESH,india
Nadavalur,517561,Tirupati,ANDHRA PRADESH,india
Brahmanapalle,517569,CHITTOOR,ANDHRA PRADESH,india
Erramaraju Palle,517569,CHITTOOR,ANDHRA PRADESH,india
Perumallapalle,517569,CHITTOOR,ANDHRA PRADESH,india
Gudimallam,517526,Tirupati,ANDHRA PRADESH,india
Ravillavarikandriga,517526,Tirupati,ANDHRA PRADESH,india
S.V.Agricultural College,517502,Tirupati,ANDHRA PRADESH,india
Daminadu,517503,Tirupati,ANDHRA PRADESH,india
Vemur,517503,Tirupati,ANDHRA PRADESH,india
Padiredu,517551,Tirupati,ANDHRA PRADESH,india
Chinamallipadu,534235,WEST GODAVARI,ANDHRA PRADESH,india
Kuppanapudi,534237,WEST GODAVARI,ANDHRA PRADESH,india
Sidhapuram,534235,WEST GODAVARI,ANDHRA PRADESH,india
Enamadurru,534239,WEST GODAVARI,ANDHRA PRADESH,india
Losari gutlapadu,534239,WEST GODAVARI,ANDHRA PRADESH,india
Sisali,534237,WEST GODAVARI,ANDHRA PRADESH,india
Vempadu,534206,WEST GODAVARI,ANDHRA PRADESH,india
Kondepudi,534210,WEST GODAVARI,ANDHRA PRADESH,india
Taderu,534202,WEST GODAVARI,ANDHRA PRADESH,india
Nandamurugaruvu,534243,WEST GODAVARI,ANDHRA PRADESH,india
Kalisipudi,534199,WEST GODAVARI,ANDHRA PRADESH,india
Kolamuru,534199,WEST GODAVARI,ANDHRA PRADESH,india
Mahadevapatnam,534199,WEST GODAVARI,ANDHRA PRADESH,india
N.R.P. Agraharam,534199,WEST GODAVARI,ANDHRA PRADESH,india
Pamulaparru,534199,WEST GODAVARI,ANDHRA PRADESH,india
Uppuluru,534199,WEST GODAVARI,ANDHRA PRADESH,india
Kanteru,534126,WEST GODAVARI,ANDHRA PRADESH,india
Mulaparru,534123,WEST GODAVARI,ANDHRA PRADESH,india
Kalagam Pudi,534268,WEST GODAVARI,ANDHRA PRADESH,india
Ravipadu,534267,WEST GODAVARI,ANDHRA PRADESH,india
Mattaparru,534265,WEST GODAVARI,ANDHRA PRADESH,india
Ullamparru,534265,WEST GODAVARI,ANDHRA PRADESH,india
Vedangi,534265,WEST GODAVARI,ANDHRA PRADESH,india
Chinamallam,534269,WEST GODAVARI,ANDHRA PRADESH,india
Pedamallam,534269,WEST GODAVARI,ANDHRA PRADESH,india
Kommuchikkala,534338,WEST GODAVARI,ANDHRA PRADESH,india
Venkata Puram,534250,WEST GODAVARI,ANDHRA PRADESH,india
Agarthipalem,534250,WEST GODAVARI,ANDHRA PRADESH,india
Poolapalli,534250,WEST GODAVARI,ANDHRA PRADESH,india
Jagannadhapuram,534122,WEST GODAVARI,ANDHRA PRADESH,india
Satyavaram,534122,WEST GODAVARI,ANDHRA PRADESH,india
Kalipatnam,534281,WEST GODAVARI,ANDHRA PRADESH,india
Kopparru,534275,WEST GODAVARI,ANDHRA PRADESH,india
Lakshmaneswaram,534275,WEST GODAVARI,ANDHRA PRADESH,india
Mallavaram,534275,WEST GODAVARI,ANDHRA PRADESH,india
Yenuguvanilanka,534275,WEST GODAVARI,ANDHRA PRADESH,india
Akanivarithota,534280,WEST GODAVARI,ANDHRA PRADESH,india
Ramannapalem,534280,WEST GODAVARI,ANDHRA PRADESH,india
Unikili,534230,WEST GODAVARI,ANDHRA PRADESH,india
Ballipadu,534225,WEST GODAVARI,ANDHRA PRADESH,india
Eduru,534134,WEST GODAVARI,ANDHRA PRADESH,india
Minavilluru,534134,WEST GODAVARI,ANDHRA PRADESH,india
Mupparthipadu,534134,Eluru,ANDHRA PRADESH,india
Mukkamala,534330,WEST GODAVARI,ANDHRA PRADESH,india
Mutyalavaripalem,534330,WEST GODAVARI,ANDHRA PRADESH,india
Dammennu,534227,WEST GODAVARI,ANDHRA PRADESH,india
Velagaduuru,534227,WEST GODAVARI,ANDHRA PRADESH,india
Ainaparru,534320,WEST GODAVARI,ANDHRA PRADESH,india
Eletipadu,534320,WEST GODAVARI,ANDHRA PRADESH,india
Kothapalli Agraharam,534328,WEST GODAVARI,ANDHRA PRADESH,india
Surampudi,534328,WEST GODAVARI,ANDHRA PRADESH,india
Pali Gds,534225,WEST GODAVARI,ANDHRA PRADESH,india
S.Illindalaparru,534225,WEST GODAVARI,ANDHRA PRADESH,india
Ilaparru,534326,WEST GODAVARI,ANDHRA PRADESH,india
Ramannapalem,534324,WEST GODAVARI,ANDHRA PRADESH,india
Harkapur,504346,PRAKASAM,ANDHRA PRADESH,india
Keslapur,504346,PRAKASAM,ANDHRA PRADESH,india
Umri,504346,PRAKASAM,ANDHRA PRADESH,india
Ganapavaram,534455,Eluru,ANDHRA PRADESH,india
Taduvai,534455,Eluru,ANDHRA PRADESH,india
Chimakurty,523226,PRAKASAM,ANDHRA PRADESH,india
Dcp,523001,PRAKASAM,ANDHRA PRADESH,india
Kommalapadu,523303,Bapatla,ANDHRA PRADESH,india
Kothapatnam,523286,PRAKASAM,ANDHRA PRADESH,india
Lawyer Pet,523002,PRAKASAM,ANDHRA PRADESH,india
Ramnagar,523001,PRAKASAM,ANDHRA PRADESH,india
Santhapeta,523001,PRAKASAM,ANDHRA PRADESH,india
Tallur,523264,PRAKASAM,ANDHRA PRADESH,india
Uppugundur,523186,PRAKASAM,ANDHRA PRADESH,india
Kanuru,534329,WEST GODAVARI,ANDHRA PRADESH,india
Tadimalla,534305,WEST GODAVARI,ANDHRA PRADESH,india
Ananthapallli,534111,WEST GODAVARI,ANDHRA PRADESH,india
Ganapavaram,534198,Eluru,ANDHRA PRADESH,india
P.N.Kolanu,534195,Eluru,ANDHRA PRADESH,india
Cherukupalle,522309,Bapatla,ANDHRA PRADESH,india
Kuchinapudi,522262,Bapatla,ANDHRA PRADESH,india
Patsalatadiparru,522316,GUNTUR,ANDHRA PRADESH,india
Turumella,522312,Bapatla,ANDHRA PRADESH,india
Chodayapalem,522264,Bapatla,ANDHRA PRADESH,india
Kothapeta,522201,GUNTUR,ANDHRA PRADESH,india
Morrispeta,522202,GUNTUR,ANDHRA PRADESH,india
Nandivelugu,522306,GUNTUR,ANDHRA PRADESH,india
Repalle,522265,Bapatla,ANDHRA PRADESH,india
Vellaturu,522257,Bapatla,ANDHRA PRADESH,india
APUHS,520008,NTR,ANDHRA PRADESH,india
Industrial Estate,520007,NTR,ANDHRA PRADESH,india
Machavaram,520004,NTR,ANDHRA PRADESH,india
Moghalrajpuram,520010,NTR,ANDHRA PRADESH,india
Nidamanuru,521104,NTR,ANDHRA PRADESH,india
RAMALINGESWAR NAGAR,520013,NTR,ANDHRA PRADESH,india
Vj Polytechnic,520008,NTR,ANDHRA PRADESH,india
Bacon Factory,521102,KRISHNA,ANDHRA PRADESH,india
Chillakallu,521178,NTR,ANDHRA PRADESH,india
Chittinagar,520001,NTR,ANDHRA PRADESH,india
Durgapuram,520003,NTR,ANDHRA PRADESH,india
Gollapudi,521225,NTR,ANDHRA PRADESH,india
Lakshminagar,520011,NTR,ANDHRA PRADESH,india
Meduru,521247,KRISHNA,ANDHRA PRADESH,india
Penuganchiprolu,521190,NTR,ANDHRA PRADESH,india
Vatsavai,521402,NTR,ANDHRA PRADESH,india
Veerullapadu,521170,NTR,ANDHRA PRADESH,india
Magallu,521184,NTR,ANDHRA PRADESH,india
JNNURM Colony,521231,NTR,ANDHRA PRADESH,india
Amalapuram Bus Complex,533201,Konaseema,ANDHRA PRADESH,india
Bandarlanka,533221,Konaseema,ANDHRA PRADESH,india
Bodasakurru,533215,Konaseema,ANDHRA PRADESH,india
Kesanakurrupalem,533220,Konaseema,ANDHRA PRADESH,india
Muramalla,533219,Konaseema,ANDHRA PRADESH,india
D.Gannavaram,533240,Konaseema,ANDHRA PRADESH,india
Lakkavaram,533254,Konaseema,ANDHRA PRADESH,india
Nagaram,533247,Konaseema,ANDHRA PRADESH,india
Ryali,533236,Konaseema,ANDHRA PRADESH,india
Vubalanka,533237,Konaseema,ANDHRA PRADESH,india
Atchutapuram,531011,Anakapalli,ANDHRA PRADESH,india
Gandhinagaram,531001,Anakapalli,ANDHRA PRADESH,india
Nakkapalle,531081,VISAKHAPATANAM,ANDHRA PRADESH,india
Paravada,531021,Anakapalli,ANDHRA PRADESH,india
Etikoppaka,531082,VISAKHAPATANAM,ANDHRA PRADESH,india
Kj Puram,531028,Anakapalli,ANDHRA PRADESH,india
Koyyuru,531087,VISAKHAPATANAM,ANDHRA PRADESH,india
Krishna Bazar,531118,VISAKHAPATANAM,ANDHRA PRADESH,india
Ravikamatham,531025,Anakapalli,ANDHRA PRADESH,india
Gudem,531133,Alluri Sitharama Raju,ANDHRA PRADESH,india
G.Mamidada,533344,Kakinada,ANDHRA PRADESH,india
Gollapalem,533468,Kakinada,ANDHRA PRADESH,india
Suryaraopeta,533001,EAST GODAVARI,ANDHRA PRADESH,india
Gollaprolu,533445,Kakinada,ANDHRA PRADESH,india
Jaggampeta,533435,Kakinada,ANDHRA PRADESH,india
Kothapeta,533450,EAST GODAVARI,ANDHRA PRADESH,india
Pithapuram,533450,Kakinada,ANDHRA PRADESH,india
Samalkot Pen Lines,533440,EAST GODAVARI,ANDHRA PRADESH,india
Yeleswaram,533429,Kakinada,ANDHRA PRADESH,india
Mettapalli,535125,VIZIANAGARAM,ANDHRA PRADESH,india
Therlam,535126,VIZIANAGARAM,ANDHRA PRADESH,india
Uttaravalli,535124,VIZIANAGARAM,ANDHRA PRADESH,india
Gummalakshmipuram,535523,VIZIANAGARAM,ANDHRA PRADESH,india
Pedabondapalli,535527,Parvathipuram Manyam,ANDHRA PRADESH,india
Government College,533105,EAST GODAVARI,ANDHRA PRADESH,india
GSL Medical College,533296,EAST GODAVARI,ANDHRA PRADESH,india
Industrial Estate,533124,EAST GODAVARI,ANDHRA PRADESH,india
Kothapalli,533285,EAST GODAVARI,ANDHRA PRADESH,india
Kotikesavaram,533290,EAST GODAVARI,ANDHRA PRADESH,india
Rajanagaram,533294,EAST GODAVARI,ANDHRA PRADESH,india
Ramakrishna Nagar,533101,EAST GODAVARI,ANDHRA PRADESH,india
Vullithota,533101,EAST GODAVARI,ANDHRA PRADESH,india
INDUKURUPETA,533354,EAST GODAVARI,ANDHRA PRADESH,india
Chelluru,533261,Konaseema,ANDHRA PRADESH,india
Kapileswarapuram,533309,Konaseema,ANDHRA PRADESH,india
Hiramandalam,532459,SRIKAKULAM,ANDHRA PRADESH,india
L.N.Peta,532458,SRIKAKULAM,ANDHRA PRADESH,india
Polaki,532429,SRIKAKULAM,ANDHRA PRADESH,india
Saravakota,532426,SRIKAKULAM,ANDHRA PRADESH,india
Vengala Rao Colony,532186,SRIKAKULAM,ANDHRA PRADESH,india
Bairisingupuram,532187,SRIKAKULAM,ANDHRA PRADESH,india
Murapaka,532403,SRIKAKULAM,ANDHRA PRADESH,india
Ponduru,532168,SRIKAKULAM,ANDHRA PRADESH,india
Vunukuru,532122,SRIKAKULAM,ANDHRA PRADESH,india
Laidam,532167,SRIKAKULAM,ANDHRA PRADESH,india
Naupada,532211,SRIKAKULAM,ANDHRA PRADESH,india
Akkayyapalem,530016,VISAKHAPATANAM,ANDHRA PRADESH,india
L B Colony,530017,VISAKHAPATANAM,ANDHRA PRADESH,india
New Colony,530016,VISAKHAPATANAM,ANDHRA PRADESH,india
Pothinamallayapalem,530041,VISAKHAPATANAM,ANDHRA PRADESH,india
Autonagar,530012,VISAKHAPATANAM,ANDHRA PRADESH,india
IRSD Area,530008,VISAKHAPATANAM,ANDHRA PRADESH,india
Kancharapalem,530008,VISAKHAPATANAM,ANDHRA PRADESH,india
Pedagantyada,530044,VISAKHAPATANAM,ANDHRA PRADESH,india
Sujatha Nagar,530051,VISAKHAPATANAM,ANDHRA PRADESH,india
Vadlapudi,530046,VISAKHAPATANAM,ANDHRA PRADESH,india
Dharmavaram,535148,VIZIANAGARAM,ANDHRA PRADESH,india
Industrial Estate,535004,VIZIANAGARAM,ANDHRA PRADESH,india
L Kota,535161,VIZIANAGARAM,ANDHRA PRADESH,india
Vizianagaram Collectorate,535003,VIZIANAGARAM,ANDHRA PRADESH,india
Vizianagaram Court Complex,535004,VIZIANAGARAM,ANDHRA PRADESH,india
Vzm R.S,535003,VIZIANAGARAM,ANDHRA PRADESH,india
Guntakal,515801,ANANTAPUR,ANDHRA PRADESH,india
Chittoor,517001,CHITTOOR,ANDHRA PRADESH,india
Rajampet,516115,Y.S.R.,ANDHRA PRADESH,india
Proddatur,516360,Y.S.R.,ANDHRA PRADESH,india
Pulivendla,516390,Y.S.R.,ANDHRA PRADESH,india
Jangareddygudem,534447,Eluru,ANDHRA PRADESH,india
Gudivada,521301,KRISHNA,ANDHRA PRADESH,india
Avanigadda,521121,KRISHNA,ANDHRA PRADESH,india
Narasaraopet,522601,Palnadu,ANDHRA PRADESH,india
Tadepalligudem,534101,WEST GODAVARI,ANDHRA PRADESH,india
Tenali,522201,GUNTUR,ANDHRA PRADESH,india
Ramachandrapuram,533255,Konaseema,ANDHRA PRADESH,india
Tekkali,532201,SRIKAKULAM,ANDHRA PRADESH,india
Visakhapatnam,530001,VISAKHAPATANAM,ANDHRA PRADESH,india
Vizianagaram,535002,VIZIANAGARAM,ANDHRA PRADESH,india
Anantapur Collectorate,515001,ANANTAPUR,ANDHRA PRADESH,india
Kambadur,515765,ANANTAPUR,ANDHRA PRADESH,india
Nuthimadugu,515787,ANANTAPUR,ANDHRA PRADESH,india
Satyanandanagar,515001,ANANTAPUR,ANDHRA PRADESH,india
Sri Venkateswara Puram,515003,ANANTAPUR,ANDHRA PRADESH,india
Tadpatri,515411,ANANTAPUR,ANDHRA PRADESH,india
Gooty R.S.,515402,ANANTAPUR,ANDHRA PRADESH,india
Guntakal Market,515801,ANANTAPUR,ANDHRA PRADESH,india
Herial,515872,ANANTAPUR,ANDHRA PRADESH,india
Konakondla,515842,ANANTAPUR,ANDHRA PRADESH,india
Pamidi,515775,ANANTAPUR,ANDHRA PRADESH,india
Chittoor North,517004,CHITTOOR,ANDHRA PRADESH,india
Kanipakam,517131,CHITTOOR,ANDHRA PRADESH,india
Narasingarayanipettah,517419,CHITTOOR,ANDHRA PRADESH,india
Penumur,517126,CHITTOOR,ANDHRA PRADESH,india
Vengalrajukuppam,517599,CHITTOOR,ANDHRA PRADESH,india
Burakayalakota,517351,Annamayya,ANDHRA PRADESH,india
Chembakur,517417,Annamayya,ANDHRA PRADESH,india
Chowdepalle,517257,CHITTOOR,ANDHRA PRADESH,india
Kuppam,517425,CHITTOOR,ANDHRA PRADESH,india
Kurabalakota,517350,Annamayya,ANDHRA PRADESH,india
Almaspet,516001,Y.S.R.,ANDHRA PRADESH,india
Badvel Bazaar,516227,Y.S.R.,ANDHRA PRADESH,india
Kalasapadu,516217,Y.S.R.,ANDHRA PRADESH,india
Masapet Bazar,516270,Y.S.R.,ANDHRA PRADESH,india
Nagarajupet,516001,Y.S.R.,ANDHRA PRADESH,india
Sunnapuralla Palli,516001,Y.S.R.,ANDHRA PRADESH,india
Tekurpet,516505,Y.S.R.,ANDHRA PRADESH,india
Chitvel,516104,Y.S.R.,ANDHRA PRADESH,india
Mantapampalli,516152,Y.S.R.,ANDHRA PRADESH,india
Gandlapenta,515521,Sri Sathya Sai,ANDHRA PRADESH,india
Kadiri Chowk,515591,ANANTAPUR,ANDHRA PRADESH,india
Tadimarri,515631,Sri Sathya Sai,ANDHRA PRADESH,india
Amarapuram,515281,Sri Sathya Sai,ANDHRA PRADESH,india
Chennekothapalli,515101,Sri Sathya Sai,ANDHRA PRADESH,india
Gudibanda,515271,Sri Sathya Sai,ANDHRA PRADESH,india
Hindupur Extns,515201,ANANTAPUR,ANDHRA PRADESH,india
Kirikera,515211,Sri Sathya Sai,ANDHRA PRADESH,india
Kodikonda,515601,Sri Sathya Sai,ANDHRA PRADESH,india
Neelakantapuram,515291,Sri Sathya Sai,ANDHRA PRADESH,india
Rallahalli,515305,Sri Sathya Sai,ANDHRA PRADESH,india
Somandepalli,515122,Sri Sathya Sai,ANDHRA PRADESH,india
Kosigi,518313,KURNOOL,ANDHRA PRADESH,india
Maddikera,518385,KURNOOL,ANDHRA PRADESH,india
Mantralaya,518345,KURNOOL,ANDHRA PRADESH,india
Tungabhadra,518349,KURNOOL,ANDHRA PRADESH,india
Bethamcherla,518599,Nandyal,ANDHRA PRADESH,india
Gargeyapuram,518452,KURNOOL,ANDHRA PRADESH,india
Kurnool Dt Court,518001,KURNOOL,ANDHRA PRADESH,india
Nandikotkur bazar,518401,Nandyal,ANDHRA PRADESH,india
SAP Camp kNL,518003,KURNOOL,ANDHRA PRADESH,india
Krishnagiri,518225,KURNOOL,ANDHRA PRADESH,india
Cumbum,523333,PRAKASAM,ANDHRA PRADESH,india
Pitikayagulla,523346,PRAKASAM,ANDHRA PRADESH,india
Tripurantakam,523326,PRAKASAM,ANDHRA PRADESH,india
Allagadda MDG,518543,Nandyal,ANDHRA PRADESH,india
Dornipadu,518135,Nandyal,ANDHRA PRADESH,india
Koilakuntla Bus Stand,518134,Nandyal,ANDHRA PRADESH,india
Koilakuntla,518134,Nandyal,ANDHRA PRADESH,india
M.V. Nagar,518543,Nandyal,ANDHRA PRADESH,india
N.G.O.S Colony,518502,Nandyal,ANDHRA PRADESH,india
Noone Palle,518502,Nandyal,ANDHRA PRADESH,india
Sanjeeva Nagar,518501,Nandyal,ANDHRA PRADESH,india
Yallur,518573,Nandyal,ANDHRA PRADESH,india
Chinnakomerla,516433,Y.S.R.,ANDHRA PRADESH,india
Gandhi Road,516360,Y.S.R.,ANDHRA PRADESH,india
Payasampalle,516339,Y.S.R.,ANDHRA PRADESH,india
Veerapunayanipalle,516321,Y.S.R.,ANDHRA PRADESH,india
Chinnagottigallu,517193,Tirupati,ANDHRA PRADESH,india
Mahal,517235,Annamayya,ANDHRA PRADESH,india
Nindra,517591,CHITTOOR,ANDHRA PRADESH,india
Panagal,517640,Tirupati,ANDHRA PRADESH,india
S.V.University,517502,Tirupati,ANDHRA PRADESH,india
Tiruchanoor,517503,Tirupati,ANDHRA PRADESH,india
Akividu,534235,WEST GODAVARI,ANDHRA PRADESH,india
Mogallu,534209,WEST GODAVARI,ANDHRA PRADESH,india
S.R.K.R .Engg.college,534204,WEST GODAVARI,ANDHRA PRADESH,india
Yelurupadu,534236,WEST GODAVARI,ANDHRA PRADESH,india
Lajapathiroya Peta,534260,WEST GODAVARI,ANDHRA PRADESH,india
Mogalturu,534281,WEST GODAVARI,ANDHRA PRADESH,india
Narsapur,534275,WEST GODAVARI,ANDHRA PRADESH,india
Khandavalli,534330,WEST GODAVARI,ANDHRA PRADESH,india
Mandapaka,534218,WEST GODAVARI,ANDHRA PRADESH,india
Mortha,534227,WEST GODAVARI,ANDHRA PRADESH,india
Penugonda Bazar,534320,WEST GODAVARI,ANDHRA PRADESH,india
Tanuku Bazar,534211,WEST GODAVARI,ANDHRA PRADESH,india
Velpur,534222,WEST GODAVARI,ANDHRA PRADESH,india
Venkatrayapuram,534215,WEST GODAVARI,ANDHRA PRADESH,india
Benerjipeta,534001,Eluru,ANDHRA PRADESH,india
Kovvali,534442,Eluru,ANDHRA PRADESH,india
Pedapadu,534437,Eluru,ANDHRA PRADESH,india
Venkata Rao Peta,534002,Eluru,ANDHRA PRADESH,india
Buttayagudem,534448,Eluru,ANDHRA PRADESH,india
T.Narasapuram,534467,Eluru,ANDHRA PRADESH,india
Tadikalapudi,534452,Eluru,ANDHRA PRADESH,india
KUKUNOOR,534444,Eluru,ANDHRA PRADESH,india
Golvepalli,521322,KRISHNA,ANDHRA PRADESH,india
Janardhanapuram,521321,KRISHNA,ANDHRA PRADESH,india
Mudinepalli,521325,Eluru,ANDHRA PRADESH,india
Pallevada,521340,Eluru,ANDHRA PRADESH,india
Nuzvid,521201,Eluru,ANDHRA PRADESH,india
Vidyanagar,521201,Eluru,ANDHRA PRADESH,india
Vissannapet,521215,NTR,ANDHRA PRADESH,india
Penugolanu,521401,NTR,ANDHRA PRADESH,india
Chennur,524406,Tirupati,ANDHRA PRADESH,india
Chillakur,524412,Tirupati,ANDHRA PRADESH,india
Dakkili,524134,Tirupati,ANDHRA PRADESH,india
Gundavolu,524414,SPSR NELLORE,ANDHRA PRADESH,india
Kalichedu,524409,SPSR NELLORE,ANDHRA PRADESH,india
Menakur,524421,Tirupati,ANDHRA PRADESH,india
Nayudupeta,524126,SPSR NELLORE,ANDHRA PRADESH,india
Nidiguntapalem,524323,SPSR NELLORE,ANDHRA PRADESH,india
Rapur,524408,SPSR NELLORE,ANDHRA PRADESH,india
Vakadu,524415,Tirupati,ANDHRA PRADESH,india
Venkatachalasatram,524320,SPSR NELLORE,ANDHRA PRADESH,india
Vidyanagar,524413,Tirupati,ANDHRA PRADESH,india
A.T.Agraharam,522004,GUNTUR,ANDHRA PRADESH,india
Abbineniguntapalem,522015,GUNTUR,ANDHRA PRADESH,india
Etukuru,522017,GUNTUR,ANDHRA PRADESH,india
Railpet,522001,GUNTUR,ANDHRA PRADESH,india
S.V.N.Colony,522006,GUNTUR,ANDHRA PRADESH,india
Trunk Road,522004,GUNTUR,ANDHRA PRADESH,india
Perecherla Junction,522009,GUNTUR,ANDHRA PRADESH,india
Chalapathi Nagar,522034,GUNTUR,ANDHRA PRADESH,india
Amaravathi,522020,Palnadu,ANDHRA PRADESH,india
Pedavadlapudi,522302,GUNTUR,ANDHRA PRADESH,india
Polakampadu Ind. Area,522501,GUNTUR,ANDHRA PRADESH,india
Ponnekallu,522018,GUNTUR,ANDHRA PRADESH,india
VIT-AP UNIVERSITY,522241,GUNTUR,ANDHRA PRADESH,india
Challapalli,521126,KRISHNA,ANDHRA PRADESH,india
Ghantasala,521133,KRISHNA,ANDHRA PRADESH,india
Kaja,521150,KRISHNA,ANDHRA PRADESH,india
Lakshmipuram,521131,KRISHNA,ANDHRA PRADESH,india
Pamarru Bazar,521157,KRISHNA,ANDHRA PRADESH,india
Valandapalem,521002,KRISHNA,ANDHRA PRADESH,india
Chilakaluripet,522616,Palnadu,ANDHRA PRADESH,india
Ganapavaram,522619,Palnadu,ANDHRA PRADESH,india
Karempudi,522614,Palnadu,ANDHRA PRADESH,india
Nekarikallu,522615,Palnadu,ANDHRA PRADESH,india
Vellatur,522657,Palnadu,ANDHRA PRADESH,india
Dachpalle,522414,Palnadu,ANDHRA PRADESH,india
Machavaram,522435,Palnadu,ANDHRA PRADESH,india
Parastyalluru,522436,Palnadu,ANDHRA PRADESH,india
Gandipalem,524236,SPSR NELLORE,ANDHRA PRADESH,india
Jaladanki,524223,SPSR NELLORE,ANDHRA PRADESH,india
Vinjamur,524228,SPSR NELLORE,ANDHRA PRADESH,india
A.C.Nagar,524002,SPSR NELLORE,ANDHRA PRADESH,india
Anumasamudrampeta,524304,SPSR NELLORE,ANDHRA PRADESH,india
Dargamitta,524003,SPSR NELLORE,ANDHRA PRADESH,india
Fathekhanpeta,524003,SPSR NELLORE,ANDHRA PRADESH,india
Indukurpeta,524314,SPSR NELLORE,ANDHRA PRADESH,india
Kodavaluru,524316,SPSR NELLORE,ANDHRA PRADESH,india
Kovur Cutchery,524137,SPSR NELLORE,ANDHRA PRADESH,india
Kovur,524137,SPSR NELLORE,ANDHRA PRADESH,india
Polytechnic,524005,SPSR NELLORE,ANDHRA PRADESH,india
Sangam,524308,SPSR NELLORE,ANDHRA PRADESH,india
Thotapalliguduru,524311,SPSR NELLORE,ANDHRA PRADESH,india
AP Genco Nelatur,524347,SPSR NELLORE,ANDHRA PRADESH,india
Chirala Bazar,523157,Bapatla,ANDHRA PRADESH,india
Inkollu,523167,Bapatla,ANDHRA PRADESH,india
Ipurupalem,523166,Bapatla,ANDHRA PRADESH,india
Santharavur,523185,Bapatla,ANDHRA PRADESH,india
Swarna,523170,Bapatla,ANDHRA PRADESH,india
Kamepalli,523271,PRAKASAM,ANDHRA PRADESH,india
Ponnalore,523109,PRAKASAM,ANDHRA PRADESH,india
Uppalapadu,523279,PRAKASAM,ANDHRA PRADESH,india
Vallur,523272,PRAKASAM,ANDHRA PRADESH,india
Pamur,523108,PRAKASAM,ANDHRA PRADESH,india
Venkatagiri,518464,KURNOOL,ANDHRA PRADESH,india
Devanur,518405,Nandyal,ANDHRA PRADESH,india
Jalakanur,518405,Nandyal,ANDHRA PRADESH,india
Rollapadu,518405,Nandyal,ANDHRA PRADESH,india
Ganapuram,518401,Nandyal,ANDHRA PRADESH,india
Sathanikota,518401,Nandyal,ANDHRA PRADESH,india
Tarturu,518401,Nandyal,ANDHRA PRADESH,india
Tummalur,518401,Nandyal,ANDHRA PRADESH,india
Jakkasanikuntla,518221,Nandyal,ANDHRA PRADESH,india
Kothakota,518221,Nandyal,ANDHRA PRADESH,india
Pagidala,518412,Nandyal,ANDHRA PRADESH,india
Kalugotla,518217,KURNOOL,ANDHRA PRADESH,india
Sarparajapuram,518217,KURNOOL,ANDHRA PRADESH,india
Gutupalli,518598,Nandyal,ANDHRA PRADESH,india
H.Kottala,518598,Nandyal,ANDHRA PRADESH,india
Chatlamallapuram,518218,KURNOOL,ANDHRA PRADESH,india
Mallepalli,518216,KURNOOL,ANDHRA PRADESH,india
Maddur,518533,Nandyal,ANDHRA PRADESH,india
Madhavaram,518533,Nandyal,ANDHRA PRADESH,india
Narayanapauram,518533,Nandyal,ANDHRA PRADESH,india
P.Devalapuram,518533,Nandyal,ANDHRA PRADESH,india
Komarole,518010,KURNOOL,ANDHRA PRADESH,india
Atchampeta,523335,PRAKASAM,ANDHRA PRADESH,india
Narayanapalle,523335,PRAKASAM,ANDHRA PRADESH,india
Basireddypalle,523333,PRAKASAM,ANDHRA PRADESH,india
Bommilingam,523333,PRAKASAM,ANDHRA PRADESH,india
Chinnayachavaram,523333,PRAKASAM,ANDHRA PRADESH,india
Hazarathgudem,523333,PRAKASAM,ANDHRA PRADESH,india
Rangapuram,523333,PRAKASAM,ANDHRA PRADESH,india
Thummedalapadu,523305,PRAKASAM,ANDHRA PRADESH,india
Ammanigudipadu,523330,PRAKASAM,ANDHRA PRADESH,india
Gangupalle,523330,PRAKASAM,ANDHRA PRADESH,india
Obulakkapalli,523330,PRAKASAM,ANDHRA PRADESH,india
Viswanadhapuram,523330,PRAKASAM,ANDHRA PRADESH,india
Mallapalem,523327,PRAKASAM,ANDHRA PRADESH,india
Muraripalle,523327,PRAKASAM,ANDHRA PRADESH,india
Narasayapalem,523327,PRAKASAM,ANDHRA PRADESH,india
Mallampeta,523315,PRAKASAM,ANDHRA PRADESH,india
Manginapudi,523315,PRAKASAM,ANDHRA PRADESH,india
Brahmanapalle,523357,PRAKASAM,ANDHRA PRADESH,india
Kongalaveedu,523357,PRAKASAM,ANDHRA PRADESH,india
Allinagaram,523373,PRAKASAM,ANDHRA PRADESH,india
Pamurupalle,523373,PRAKASAM,ANDHRA PRADESH,india
Reddi Cherla,523373,PRAKASAM,ANDHRA PRADESH,india
Kommanuru,523367,PRAKASAM,ANDHRA PRADESH,india
Vuyyalawada,523367,PRAKASAM,ANDHRA PRADESH,india
Manepalle,523328,PRAKASAM,ANDHRA PRADESH,india
Mutukula,523328,PRAKASAM,ANDHRA PRADESH,india
Palukuru,523328,PRAKASAM,ANDHRA PRADESH,india
Chennapalem,523328,PRAKASAM,ANDHRA PRADESH,india
Garapenta,523328,PRAKASAM,ANDHRA PRADESH,india
Anumalapalle,523368,PRAKASAM,ANDHRA PRADESH,india
Anumalaveedu,523368,PRAKASAM,ANDHRA PRADESH,india
Makthapuram,523369,PRAKASAM,ANDHRA PRADESH,india
Nallaguntla,523369,PRAKASAM,ANDHRA PRADESH,india
Chinnaobanayunipalle,523370,PRAKASAM,ANDHRA PRADESH,india
Kalugotla,523370,PRAKASAM,ANDHRA PRADESH,india
Malyavanthunipadu,523332,PRAKASAM,ANDHRA PRADESH,india
Mangalikunta,523371,PRAKASAM,ANDHRA PRADESH,india
Akkapalle,523372,PRAKASAM,ANDHRA PRADESH,india
Maddalakatta,523320,PRAKASAM,ANDHRA PRADESH,india
Thangirallapalle,523320,PRAKASAM,ANDHRA PRADESH,india
Medepi,523326,PRAKASAM,ANDHRA PRADESH,india
Rajupalem,523326,PRAKASAM,ANDHRA PRADESH,india
Ramasamudram,523326,PRAKASAM,ANDHRA PRADESH,india
Chintakunta,523329,PRAKASAM,ANDHRA PRADESH,india
Jammanapalle,523329,PRAKASAM,ANDHRA PRADESH,india
Kalanuthala,523329,PRAKASAM,ANDHRA PRADESH,india
Puchakayalapalle,523329,PRAKASAM,ANDHRA PRADESH,india
Sunkesula,523329,PRAKASAM,ANDHRA PRADESH,india
Kamalapuri,518196,Nandyal,ANDHRA PRADESH,india
R.Papampalle,518543,Nandyal,ANDHRA PRADESH,india
G.Singavaram,518124,Nandyal,ANDHRA PRADESH,india
Yanakandla,518124,Nandyal,ANDHRA PRADESH,india
B.Kodur,518523,Nandyal,ANDHRA PRADESH,india
Gotlur,518553,Nandyal,ANDHRA PRADESH,india
Guntanala,518593,Nandyal,ANDHRA PRADESH,india
Maddur,518593,Nandyal,ANDHRA PRADESH,india
Gundupapala,518134,Nandyal,ANDHRA PRADESH,india
Kalugotla,518134,Nandyal,ANDHRA PRADESH,india
Kampamalla,518134,Nandyal,ANDHRA PRADESH,india
Kristipadu,518134,Nandyal,ANDHRA PRADESH,india
Pottipadu,518134,Nandyal,ANDHRA PRADESH,india
Chintalayapalli,518123,Nandyal,ANDHRA PRADESH,india
Kanakadripalli,518123,Nandyal,ANDHRA PRADESH,india
Beeravolu,518176,Nandyal,ANDHRA PRADESH,india
Kranthinagar,518502,Nandyal,ANDHRA PRADESH,india
Mahanandi,518502,Nandyal,ANDHRA PRADESH,india
Mahanandi Cattle Farm,518502,Nandyal,ANDHRA PRADESH,india
Mettupalle,518122,Nandyal,ANDHRA PRADESH,india
Uppalapadu,518122,Nandyal,ANDHRA PRADESH,india
Alamur,518112,Nandyal,ANDHRA PRADESH,india
Panem Bus Stand,518112,Nandyal,ANDHRA PRADESH,india
Sugalithanda,518112,Nandyal,ANDHRA PRADESH,india
R.Lingamdinne,518166,Nandyal,ANDHRA PRADESH,india
Thimmanayanipeta,518166,Nandyal,ANDHRA PRADESH,india
Gadigarevula,518511,Nandyal,ANDHRA PRADESH,india
Chinnakambalur,518594,Nandyal,ANDHRA PRADESH,india
Peddakambalur,518594,Nandyal,ANDHRA PRADESH,india
Kanala,518165,Nandyal,ANDHRA PRADESH,india
Mukkamalla,518165,Nandyal,ANDHRA PRADESH,india
Thammadapalle,518512,Nandyal,ANDHRA PRADESH,india
Balavegammanagar,518573,Nandyal,ANDHRA PRADESH,india
Gumparamandinne,518573,Nandyal,ANDHRA PRADESH,india
Kotapadu,518573,Nandyal,ANDHRA PRADESH,india
M.Krishnapuram,518573,Nandyal,ANDHRA PRADESH,india
Nallagatla,518510,Nandyal,ANDHRA PRADESH,india
Kalamalla,516310,Y.S.R.,ANDHRA PRADESH,india
Bhimagundam,516433,Y.S.R.,ANDHRA PRADESH,india
Gundlakunta,516431,Y.S.R.,ANDHRA PRADESH,india
Machanapalle,516175,Y.S.R.,ANDHRA PRADESH,india
Nelatur,516175,Y.S.R.,ANDHRA PRADESH,india
Hanumanagutti,516361,Y.S.R.,ANDHRA PRADESH,india
Goriganur,516434,Y.S.R.,ANDHRA PRADESH,india
Moragudi,516434,Y.S.R.,ANDHRA PRADESH,india
Suddapalle,516434,Y.S.R.,ANDHRA PRADESH,india
Nakkaladinne,516355,Y.S.R.,ANDHRA PRADESH,india
Arakatavemula,516359,Y.S.R.,ANDHRA PRADESH,india
Penikalapadu,516380,Y.S.R.,ANDHRA PRADESH,india
Uppaluru,516380,Y.S.R.,ANDHRA PRADESH,india
Annaluru,516172,Y.S.R.,ANDHRA PRADESH,india
Annapusastrulapalle,516172,Y.S.R.,ANDHRA PRADESH,india
Ganjikunta,516173,Y.S.R.,ANDHRA PRADESH,india
N Kottalapalle,516411,Y.S.R.,ANDHRA PRADESH,india
Seshareddipalle,516411,Y.S.R.,ANDHRA PRADESH,india
Kammavaripalle,516432,Y.S.R.,ANDHRA PRADESH,india
Mekalabalayapalle,516312,Y.S.R.,ANDHRA PRADESH,india
Kodur,516309,Y.S.R.,ANDHRA PRADESH,india
Thummalapalle,516309,Y.S.R.,ANDHRA PRADESH,india
Inagalur,516421,Y.S.R.,ANDHRA PRADESH,india
Ankalammagudur,516484,Y.S.R.,ANDHRA PRADESH,india
Kokatam,516289,Y.S.R.,ANDHRA PRADESH,india
Podadurthy,516289,Y.S.R.,ANDHRA PRADESH,india
Gandlur,516444,Y.S.R.,ANDHRA PRADESH,india
Mangapatnam,516444,Y.S.R.,ANDHRA PRADESH,india
Y Kothapalle,516464,Y.S.R.,ANDHRA PRADESH,india
Kommanuthala,516396,Y.S.R.,ANDHRA PRADESH,india
Lopatnuthala,516396,Y.S.R.,ANDHRA PRADESH,india
Velidandla,516396,Y.S.R.,ANDHRA PRADESH,india
Minnaiahgaripalle,516218,Y.S.R.,ANDHRA PRADESH,india
Thummalur,516218,Y.S.R.,ANDHRA PRADESH,india
Kammavaripalle,516216,Y.S.R.,ANDHRA PRADESH,india
Paidikalva,516216,Y.S.R.,ANDHRA PRADESH,india
Pathasankatipalle,516216,Y.S.R.,ANDHRA PRADESH,india
Rachavaripalle,516216,Y.S.R.,ANDHRA PRADESH,india
Ramapuram,516216,Y.S.R.,ANDHRA PRADESH,india
Thippireddypalle,516216,Y.S.R.,ANDHRA PRADESH,india
Chinnarangapuram,516391,Y.S.R.,ANDHRA PRADESH,india
Gollalagudur,516391,Y.S.R.,ANDHRA PRADESH,india
Pulivendlakutcherry,516391,Y.S.R.,ANDHRA PRADESH,india
Gotur,516391,Y.S.R.,ANDHRA PRADESH,india
Venkatapuram,516391,Y.S.R.,ANDHRA PRADESH,india
Duggannagaripalle,516350,Y.S.R.,ANDHRA PRADESH,india
Pamuluru,516350,Y.S.R.,ANDHRA PRADESH,india
Regadipalle,516474,Y.S.R.,ANDHRA PRADESH,india
Thirumallayapalle,516474,Y.S.R.,ANDHRA PRADESH,india
Yenamalachintala,516474,Y.S.R.,ANDHRA PRADESH,india
Buchupalle,516401,Y.S.R.,ANDHRA PRADESH,india
Lomada,516401,Y.S.R.,ANDHRA PRADESH,india
Veerannagattupalle,516329,Y.S.R.,ANDHRA PRADESH,india
Galivaripalle,516293,Y.S.R.,ANDHRA PRADESH,india
Peddaputta,516293,Y.S.R.,ANDHRA PRADESH,india
Gangireddypalle,516321,Y.S.R.,ANDHRA PRADESH,india
Ramireddypalle,516321,Y.S.R.,ANDHRA PRADESH,india
Yerramalapalle,516321,Y.S.R.,ANDHRA PRADESH,india
Pendluru,516349,Y.S.R.,ANDHRA PRADESH,india
VKothapalle,516349,Y.S.R.,ANDHRA PRADESH,india
Dudhevaripalle,517194,Tirupati,ANDHRA PRADESH,india
Rangannagarigadda,517193,Tirupati,ANDHRA PRADESH,india
Nagarimadugu,517277,Annamayya,ANDHRA PRADESH,india
Sakamvaripalle,517277,Annamayya,ANDHRA PRADESH,india
Gundlaguttapalle,517152,Tirupati,ANDHRA PRADESH,india
Mogarala,517152,Tirupati,ANDHRA PRADESH,india
Kotakonda,517297,Annamayya,ANDHRA PRADESH,india
Sangasamudram,517297,Annamayya,ANDHRA PRADESH,india
Gorantlapalle,517213,CHITTOOR,ANDHRA PRADESH,india
Maddulacheruvupalem,517213,CHITTOOR,ANDHRA PRADESH,india
Mallarapuvandlapalle,517213,CHITTOOR,ANDHRA PRADESH,india
Nuthanakalava,517213,CHITTOOR,ANDHRA PRADESH,india
Aramadakalavandlapalle,517236,Annamayya,ANDHRA PRADESH,india
Devalapalle,517236,Annamayya,ANDHRA PRADESH,india
Thuvvapalle,517236,Annamayya,ANDHRA PRADESH,india
Chintalavaripalli,517234,CHITTOOR,ANDHRA PRADESH,india
Palem,517234,CHITTOOR,ANDHRA PRADESH,india
Vootupalle,517234,CHITTOOR,ANDHRA PRADESH,india
Errakotapalle,517235,Annamayya,ANDHRA PRADESH,india
Gundluru,517235,Annamayya,ANDHRA PRADESH,india
Thimmapuram,517235,Annamayya,ANDHRA PRADESH,india
Kavetigaripalle,517172,CHITTOOR,ANDHRA PRADESH,india
Pallavolu,517237,CHITTOOR,ANDHRA PRADESH,india
Peddaramapuram,517112,CHITTOOR,ANDHRA PRADESH,india
Sankampalle,517112,CHITTOOR,ANDHRA PRADESH,india
Venuthanapalle,517112,CHITTOOR,ANDHRA PRADESH,india
Bodumallulavaripalle,517214,Annamayya,ANDHRA PRADESH,india
Doddipalle,517214,Annamayya,ANDHRA PRADESH,india
Mudupulavemula,517214,Annamayya,ANDHRA PRADESH,india
Vadlakunta,517214,Annamayya,ANDHRA PRADESH,india
Vepulabailu,517214,Annamayya,ANDHRA PRADESH,india
Jangavandlapalle,517192,Tirupati,ANDHRA PRADESH,india
T.Rachapalle,517291,Annamayya,ANDHRA PRADESH,india
Obulampalle,517299,Annamayya,ANDHRA PRADESH,india
Gottipudi,517536,Tirupati,ANDHRA PRADESH,india
Obulayapalle,517536,Tirupati,ANDHRA PRADESH,india
Pillamadu,517536,Tirupati,ANDHRA PRADESH,india
Chodavaram,533352,EAST GODAVARI,ANDHRA PRADESH,india
Kukkambakam,517645,Tirupati,ANDHRA PRADESH,india
Santhavelur,517645,Tirupati,ANDHRA PRADESH,india
Kathirapalle,517582,CHITTOOR,ANDHRA PRADESH,india
Kollagunta,517582,CHITTOOR,ANDHRA PRADESH,india
Adavaram,517643,Tirupati,ANDHRA PRADESH,india
Anjuru,517643,Tirupati,ANDHRA PRADESH,india
Chittathur,517643,Tirupati,ANDHRA PRADESH,india
Kanchanapalle,517643,Tirupati,ANDHRA PRADESH,india
Ragigunta,517643,Tirupati,ANDHRA PRADESH,india
Bytikodiyambedu,517589,Tirupati,ANDHRA PRADESH,india
Govardhanagiri,517589,Tirupati,ANDHRA PRADESH,india
Iruguvoi,517590,CHITTOOR,ANDHRA PRADESH,india
Kothur Venkatapuram,517590,CHITTOOR,ANDHRA PRADESH,india
Veerakaveri Rajapuram,517590,CHITTOOR,ANDHRA PRADESH,india
Aranyam Kandriga,517581,Tirupati,ANDHRA PRADESH,india
Gollapalle,517620,Tirupati,ANDHRA PRADESH,india
Kshurikapuram,517586,CHITTOOR,ANDHRA PRADESH,india
Sriharipuram,517586,CHITTOOR,ANDHRA PRADESH,india
Peddakanuparthi,517642,CHITTOOR,ANDHRA PRADESH,india
Chinnarajukuppam,517583,Tirupati,ANDHRA PRADESH,india
Thorur,517583,Tirupati,ANDHRA PRADESH,india
Irugulam,517646,Tirupati,ANDHRA PRADESH,india
Pravalvanneswarapuram,517588,Tirupati,ANDHRA PRADESH,india
Ammapalem,517641,Tirupati,ANDHRA PRADESH,india
Kapugunneri,517641,Tirupati,ANDHRA PRADESH,india
Maddiledu,517641,Tirupati,ANDHRA PRADESH,india
Chilamathur,517646,Tirupati,ANDHRA PRADESH,india
Kadur,517541,CHITTOOR,ANDHRA PRADESH,india
Parameswaramangalam,517584,Tirupati,ANDHRA PRADESH,india
Anjimedu,517619,Tirupati,ANDHRA PRADESH,india
Chindepalle,517619,Tirupati,ANDHRA PRADESH,india
Modugulapalem,517619,Tirupati,ANDHRA PRADESH,india
Balijapalli,517561,Tirupati,ANDHRA PRADESH,india
Chuttuguntaramapuram,517561,Tirupati,ANDHRA PRADESH,india
Durga Samudram,517561,Tirupati,ANDHRA PRADESH,india
Nennur,517561,Tirupati,ANDHRA PRADESH,india
Pathagunta,517569,CHITTOOR,ANDHRA PRADESH,india
Madhavamala,517520,Tirupati,ANDHRA PRADESH,india
Mamanduru,517520,Tirupati,ANDHRA PRADESH,india
Pillapalem,517520,Tirupati,ANDHRA PRADESH,india
Thummalagunta,517502,Tirupati,ANDHRA PRADESH,india
Veterinary Science College,517502,Tirupati,ANDHRA PRADESH,india
Akkarampalli,517507,Tirupati,ANDHRA PRADESH,india
Thimminaidupalem,517507,Tirupati,ANDHRA PRADESH,india
Brahmanapattu,517551,Tirupati,ANDHRA PRADESH,india
Obularajukandriga,517551,Tirupati,ANDHRA PRADESH,india
Thirumanyam Rajula Kandriga,517551,Tirupati,ANDHRA PRADESH,india
Aibhimavaram,534235,WEST GODAVARI,ANDHRA PRADESH,india
Cherukumilli,534235,WEST GODAVARI,ANDHRA PRADESH,india
Kallakuru,534237,WEST GODAVARI,ANDHRA PRADESH,india
Jakkaram,534206,WEST GODAVARI,ANDHRA PRADESH,india
Korukollu,534209,WEST GODAVARI,ANDHRA PRADESH,india
Mamuduru,534238,WEST GODAVARI,ANDHRA PRADESH,india
Jonnalapalem,534240,WEST GODAVARI,ANDHRA PRADESH,india
Peda amiram,534204,WEST GODAVARI,ANDHRA PRADESH,india
Dusanapudi,534243,WEST GODAVARI,ANDHRA PRADESH,india
Perkipalem,534243,WEST GODAVARI,ANDHRA PRADESH,india
Vankayalapalem,534244,WEST GODAVARI,ANDHRA PRADESH,india
Juvvalapalem,534236,WEST GODAVARI,ANDHRA PRADESH,india
Kathavapadu,534126,WEST GODAVARI,ANDHRA PRADESH,india
Voduru,534126,WEST GODAVARI,ANDHRA PRADESH,india
Deva,534123,WEST GODAVARI,ANDHRA PRADESH,india
Neredumilli,534268,WEST GODAVARI,ANDHRA PRADESH,india
Penumadam,534267,WEST GODAVARI,ANDHRA PRADESH,india
Vedangi Palem,534265,WEST GODAVARI,ANDHRA PRADESH,india
Vadlavani Palem,534265,WEST GODAVARI,ANDHRA PRADESH,india
Varidhanam,534265,WEST GODAVARI,ANDHRA PRADESH,india
Pandithavilluru,534122,WEST GODAVARI,ANDHRA PRADESH,india
Chinagolla Palem,534281,WEST GODAVARI,ANDHRA PRADESH,india
Chittavaram,534275,WEST GODAVARI,ANDHRA PRADESH,india
Linganaboyinacherla,534275,WEST GODAVARI,ANDHRA PRADESH,india
Mylavanilanka,534280,WEST GODAVARI,ANDHRA PRADESH,india
Kanchumarru,534230,WEST GODAVARI,ANDHRA PRADESH,india
Manchili,534134,WEST GODAVARI,ANDHRA PRADESH,india
Yeraih Cheruvu,534217,WEST GODAVARI,ANDHRA PRADESH,india
Satyawada,534218,WEST GODAVARI,ANDHRA PRADESH,india
Tadiparru,534227,WEST GODAVARI,ANDHRA PRADESH,india
Kothalaparru,534320,WEST GODAVARI,ANDHRA PRADESH,india
Koyyetipadu,534320,WEST GODAVARI,ANDHRA PRADESH,india
Rapaka,534320,WEST GODAVARI,ANDHRA PRADESH,india
Velagalavariplalem,534124,WEST GODAVARI,ANDHRA PRADESH,india
Kannai Kumudavalli,534328,WEST GODAVARI,ANDHRA PRADESH,india
Tamarada,534324,WEST GODAVARI,ANDHRA PRADESH,india
Venkatramapuram,534324,WEST GODAVARI,ANDHRA PRADESH,india
Kavalipuram,534222,WEST GODAVARI,ANDHRA PRADESH,india
Galayagudem,534450,Eluru,ANDHRA PRADESH,india
Bhogapuram,534427,Eluru,ANDHRA PRADESH,india
Bhogapuram,534007,Eluru,ANDHRA PRADESH,india
Kalaparru,534007,Eluru,ANDHRA PRADESH,india
Kokkiripadu,534007,Eluru,ANDHRA PRADESH,india
Gogunta,534437,Eluru,ANDHRA PRADESH,india
Punikollu,534437,Eluru,ANDHRA PRADESH,india
Pedakadimi,534003,Eluru,ANDHRA PRADESH,india
Pinakadimi,534003,Eluru,ANDHRA PRADESH,india
Chodimella,534002,Eluru,ANDHRA PRADESH,india
Kothuru,534002,Eluru,ANDHRA PRADESH,india
Polasanipally,534425,Eluru,ANDHRA PRADESH,india
Alivery,534448,Eluru,ANDHRA PRADESH,india
Rachuru,534448,Eluru,ANDHRA PRADESH,india
Narayanapuram,534406,Eluru,ANDHRA PRADESH,india
Rachuru,534406,WEST GODAVARI,ANDHRA PRADESH,india
Balavarigudem,534460,Eluru,ANDHRA PRADESH,india
Yendapalli,534460,Eluru,ANDHRA PRADESH,india
Yerraguntapally,534460,Eluru,ANDHRA PRADESH,india
Kothapally,534462,Eluru,ANDHRA PRADESH,india
Rangapuram,534462,Eluru,ANDHRA PRADESH,india
Ramannagudem,534426,Eluru,ANDHRA PRADESH,india
Timmapuram,534426,Eluru,ANDHRA PRADESH,india
Srinivaspuram,534455,Eluru,ANDHRA PRADESH,india
Ankannagudem,534456,Eluru,ANDHRA PRADESH,india
Kamaiahpalem,534456,Eluru,ANDHRA PRADESH,india
Makkinavarigudem,534456,Eluru,ANDHRA PRADESH,india
Puchikapadu,534456,Eluru,ANDHRA PRADESH,india
Vankavarigudem,534456,Eluru,ANDHRA PRADESH,india
Adamilli,534449,Eluru,ANDHRA PRADESH,india
Ankalampadu,534449,Eluru,ANDHRA PRADESH,india
Karicherlagudem,534312,WEST GODAVARI,ANDHRA PRADESH,india
Kethavaram,534312,Eluru,ANDHRA PRADESH,india
Seethampeta,534312,Eluru,ANDHRA PRADESH,india
Jagannadhapuram,534312,WEST GODAVARI,ANDHRA PRADESH,india
Ch.Pothepalli,534451,Eluru,ANDHRA PRADESH,india
Nagireddigudem,534461,Eluru,ANDHRA PRADESH,india
Vidyanagar,534450,Eluru,ANDHRA PRADESH,india
RAMAVARAM,534444,Eluru,ANDHRA PRADESH,india
Ganapavaram,534444,Eluru,ANDHRA PRADESH,india
Seetharamanagar,534444,Eluru,ANDHRA PRADESH,india
Bommuluru,521330,KRISHNA,ANDHRA PRADESH,india
Jayapuram,521324,KRISHNA,ANDHRA PRADESH,india
Komallapudi,521320,KRISHNA,ANDHRA PRADESH,india
Lakshmipuram,521320,KRISHNA,ANDHRA PRADESH,india
Chintapadu,521333,Eluru,ANDHRA PRADESH,india
Mattagunta,521344,Eluru,ANDHRA PRADESH,india
Vemavarappadu,521343,Eluru,ANDHRA PRADESH,india
Ayyavarirudravaram,521345,Eluru,ANDHRA PRADESH,india
Gannavaram,521345,Eluru,ANDHRA PRADESH,india
Prathipadu,521345,Eluru,ANDHRA PRADESH,india
Takkellapadu,521345,Eluru,ANDHRA PRADESH,india
Guraza,521325,Eluru,ANDHRA PRADESH,india
Vadali,521325,Eluru,ANDHRA PRADESH,india
Koduru,531002,VISAKHAPATANAM,ANDHRA PRADESH,india
Vadarlapadu,521340,Eluru,ANDHRA PRADESH,india
Chinatummidi,521329,KRISHNA,ANDHRA PRADESH,india
Pedatummidi,521329,KRISHNA,ANDHRA PRADESH,india
Enamadala,521202,Eluru,ANDHRA PRADESH,india
Kothapalli,521111,KRISHNA,ANDHRA PRADESH,india
Polasanipalli,521111,Eluru,ANDHRA PRADESH,india
Jangamgudem,521111,Eluru,ANDHRA PRADESH,india
Pallerlamudi,521105,Eluru,ANDHRA PRADESH,india
Vemanda,521311,Eluru,ANDHRA PRADESH,india
Kakulapadu,521106,KRISHNA,ANDHRA PRADESH,india
Puttagunta,521106,KRISHNA,ANDHRA PRADESH,india
Chintalavalli,521207,Eluru,ANDHRA PRADESH,india
Katrenipadu,521207,Eluru,ANDHRA PRADESH,india
Gudipadu,521213,Eluru,ANDHRA PRADESH,india
Chatrai,521214,Eluru,ANDHRA PRADESH,india
Kalagara,521214,NTR,ANDHRA PRADESH,india
Kotapadu,521214,Eluru,ANDHRA PRADESH,india
Jagannadhapuram,521215,NTR,ANDHRA PRADESH,india
Maddulaparva,521215,NTR,ANDHRA PRADESH,india
Narasapuram,521215,NTR,ANDHRA PRADESH,india
Amudalapalli,521312,Eluru,ANDHRA PRADESH,india
Erramadu,521403,NTR,ANDHRA PRADESH,india
Dundiralapadu,521401,NTR,ANDHRA PRADESH,india
Bandarugudem,521109,KRISHNA,ANDHRA PRADESH,india
Chiravada,521109,KRISHNA,ANDHRA PRADESH,india
Rolupadu,521235,KRISHNA,ANDHRA PRADESH,india
Kodurupadu,521110,KRISHNA,ANDHRA PRADESH,india
Remalle,521110,KRISHNA,ANDHRA PRADESH,india
Nidigallu,524404,Tirupati,ANDHRA PRADESH,india
Yachavaram,524404,Tirupati,ANDHRA PRADESH,india
Chinnagopavaram,524341,SPSR NELLORE,ANDHRA PRADESH,india
Nindali,524406,Tirupati,ANDHRA PRADESH,india
Tamminapatnam,524412,Tirupati,ANDHRA PRADESH,india
Adurupalli,524342,SPSR NELLORE,ANDHRA PRADESH,india
Velampalli,524134,Tirupati,ANDHRA PRADESH,india
Bojjanapalli,524414,SPSR NELLORE,ANDHRA PRADESH,india
Sydadupalli,524414,SPSR NELLORE,ANDHRA PRADESH,india
Tegacherla,524414,SPSR NELLORE,ANDHRA PRADESH,india
Garimenipenta,524414,SPSR NELLORE,ANDHRA PRADESH,india
Vendodu,524131,SPSR NELLORE,ANDHRA PRADESH,india
Vedicherla,524131,SPSR NELLORE,ANDHRA PRADESH,india
Kakivoya,524343,SPSR NELLORE,ANDHRA PRADESH,india
Topugunta,524343,SPSR NELLORE,ANDHRA PRADESH,india
Kokkupadu,524411,Tirupati,ANDHRA PRADESH,india
Kothapatnam,524411,Tirupati,ANDHRA PRADESH,india
Molaganur,524411,Tirupati,ANDHRA PRADESH,india
Zarugumalli,524411,Tirupati,ANDHRA PRADESH,india
Kallur,524123,Tirupati,ANDHRA PRADESH,india
Minamanamudi,524123,Tirupati,ANDHRA PRADESH,india
Sreedhanamalli,524123,Tirupati,ANDHRA PRADESH,india
Kattuvapalli,524123,Tirupati,ANDHRA PRADESH,india
Baddevolu,524405,SPSR NELLORE,ANDHRA PRADESH,india
Cherlopalli,524405,SPSR NELLORE,ANDHRA PRADESH,india
Kolanukuduru,524405,SPSR NELLORE,ANDHRA PRADESH,india
Pidur,524405,SPSR NELLORE,ANDHRA PRADESH,india
Vadlapudi,524405,SPSR NELLORE,ANDHRA PRADESH,india
Veerampalli,524405,SPSR NELLORE,ANDHRA PRADESH,india
Venkannapalem,524405,SPSR NELLORE,ANDHRA PRADESH,india
Graddagunta,524421,Tirupati,ANDHRA PRADESH,india
Pudur,524126,SPSR NELLORE,ANDHRA PRADESH,india
Talvaipadu,524126,SPSR NELLORE,ANDHRA PRADESH,india
Yakasiri,524126,SPSR NELLORE,ANDHRA PRADESH,india
Chintapudi,524129,Tirupati,ANDHRA PRADESH,india
Ammavaripalem,524345,SPSR NELLORE,ANDHRA PRADESH,india
Biradavolu,524345,SPSR NELLORE,ANDHRA PRADESH,india
Chittepalli,524345,SPSR NELLORE,ANDHRA PRADESH,india
Mogallur,524345,SPSR NELLORE,ANDHRA PRADESH,india
Cheropalli,524408,SPSR NELLORE,ANDHRA PRADESH,india
Gilakapadu,524408,SPSR NELLORE,ANDHRA PRADESH,india
Kandaleru Dam,524408,SPSR NELLORE,ANDHRA PRADESH,india
Sanayapalem,524408,SPSR NELLORE,ANDHRA PRADESH,india
Akkampeta,524121,Tirupati,ANDHRA PRADESH,india
Kadalur,524121,Tirupati,ANDHRA PRADESH,india
Karijatha,524121,Tirupati,ANDHRA PRADESH,india
Mannarpolur,524121,Tirupati,ANDHRA PRADESH,india
Uggumudi,524121,Tirupati,ANDHRA PRADESH,india
Josephpet,524321,SPSR NELLORE,ANDHRA PRADESH,india
Ananthamadugu,524407,SPSR NELLORE,ANDHRA PRADESH,india
Chaganam,524407,SPSR NELLORE,ANDHRA PRADESH,india
Chikavolu,524407,SPSR NELLORE,ANDHRA PRADESH,india
Palur,524407,SPSR NELLORE,ANDHRA PRADESH,india
Pothegunta,524407,SPSR NELLORE,ANDHRA PRADESH,india
Thoorpupundla,524407,SPSR NELLORE,ANDHRA PRADESH,india
Utukur,524407,SPSR NELLORE,ANDHRA PRADESH,india
Balireddypalem,524415,Tirupati,ANDHRA PRADESH,india
Muttembaka,524415,Tirupati,ANDHRA PRADESH,india
Chemudugunta,524320,SPSR NELLORE,ANDHRA PRADESH,india
Kakutur,524320,SPSR NELLORE,ANDHRA PRADESH,india
Althurupadu,524132,Tirupati,ANDHRA PRADESH,india
Chillamanur,524132,Tirupati,ANDHRA PRADESH,india
Chintagunta,524132,Tirupati,ANDHRA PRADESH,india
Mettu,524413,Tirupati,ANDHRA PRADESH,india
Vunuguntapalem,524413,Tirupati,ANDHRA PRADESH,india
Gollakandukur,524309,SPSR NELLORE,ANDHRA PRADESH,india
Pelleru,524309,SPSR NELLORE,ANDHRA PRADESH,india
Armenipadu,524402,SPSR NELLORE,ANDHRA PRADESH,india
Gurramkonda,524402,SPSR NELLORE,ANDHRA PRADESH,india
Vojilirajupalem,524402,SPSR NELLORE,ANDHRA PRADESH,india
Kogili,524127,Tirupati,ANDHRA PRADESH,india
Chintapallipadu,522017,GUNTUR,ANDHRA PRADESH,india
Kornepadu,522017,GUNTUR,ANDHRA PRADESH,india
Kurnuthala,522017,GUNTUR,ANDHRA PRADESH,india
Yamarru,522017,GUNTUR,ANDHRA PRADESH,india
Jonnalagadda,522034,GUNTUR,ANDHRA PRADESH,india
Lam Ars,522034,GUNTUR,ANDHRA PRADESH,india
Obulanaidupalem,522005,GUNTUR,ANDHRA PRADESH,india
Kommuru,522235,GUNTUR,ANDHRA PRADESH,india
Pusuluru,522235,GUNTUR,ANDHRA PRADESH,india
Mallayapalem,522019,GUNTUR,ANDHRA PRADESH,india
Malladi,522020,Palnadu,ANDHRA PRADESH,india
Muthayapalem,522020,Palnadu,ANDHRA PRADESH,india
Krishnayapalem,522502,GUNTUR,ANDHRA PRADESH,india
Kuragallu,522240,GUNTUR,ANDHRA PRADESH,india
Bethapudi,522240,GUNTUR,ANDHRA PRADESH,india
Mellempudi,522303,GUNTUR,ANDHRA PRADESH,india
Reddypalem,522509,GUNTUR,ANDHRA PRADESH,india
Takkellapadu,522509,GUNTUR,ANDHRA PRADESH,india
Venigandla,522509,GUNTUR,ANDHRA PRADESH,india
Venkatakrishnapuram,522509,GUNTUR,ANDHRA PRADESH,india
Chinapalem,522305,GUNTUR,ANDHRA PRADESH,india
Godavarru Agraharam,522305,GUNTUR,ANDHRA PRADESH,india
Garikapadu,522018,GUNTUR,ANDHRA PRADESH,india
Gorlavaripalem,522018,GUNTUR,ANDHRA PRADESH,india
Mandepudi,522018,GUNTUR,ANDHRA PRADESH,india
Ravela,522018,GUNTUR,ANDHRA PRADESH,india
Undavalli,522501,GUNTUR,ANDHRA PRADESH,india
Dondapadu,522237,GUNTUR,ANDHRA PRADESH,india
Nelapadu,522237,GUNTUR,ANDHRA PRADESH,india
Dachavaram,534444,Eluru,ANDHRA PRADESH,india
Damacherla,534444,Eluru,ANDHRA PRADESH,india
Sridharvelair,534444,Eluru,ANDHRA PRADESH,india
Repakagommu,534444,Eluru,ANDHRA PRADESH,india
CHADALAVADA.,533347,EAST GODAVARI,ANDHRA PRADESH,india
RAYANIPETA.,533352,EAST GODAVARI,ANDHRA PRADESH,india
Kachavaram,533351,Alluri Sitharama Raju,ANDHRA PRADESH,india
Nandigama,533351,Alluri Sitharama Raju,ANDHRA PRADESH,india
VISSAPURAM.,533351,Alluri Sitharama Raju,ANDHRA PRADESH,india
Jeediguppa,533349,Alluri Sitharama Raju,ANDHRA PRADESH,india
V.Kothapalem,521122,KRISHNA,ANDHRA PRADESH,india
Akumarru,521149,KRISHNA,ANDHRA PRADESH,india
Kankata,521149,KRISHNA,ANDHRA PRADESH,india
Barlapudi,521136,KRISHNA,ANDHRA PRADESH,india
Jayapuram,521328,KRISHNA,ANDHRA PRADESH,india
Ullipalem,521328,KRISHNA,ANDHRA PRADESH,india
Daliparru,521131,KRISHNA,ANDHRA PRADESH,india
K.Kothapalem,521125,KRISHNA,ANDHRA PRADESH,india
Etimogga,521120,KRISHNA,ANDHRA PRADESH,india
Pedakammavaripalem,521120,KRISHNA,ANDHRA PRADESH,india
P.G.Lanka,521156,KRISHNA,ANDHRA PRADESH,india
Ayyanki,521138,KRISHNA,ANDHRA PRADESH,india
Mekavanipalem,521002,KRISHNA,ANDHRA PRADESH,india
Pedapatnam,521002,KRISHNA,ANDHRA PRADESH,india
Pothireddipalem,521002,KRISHNA,ANDHRA PRADESH,india
Mukkollu,521332,KRISHNA,ANDHRA PRADESH,india
Venturumilli,521332,KRISHNA,ANDHRA PRADESH,india
Kurada,521356,KRISHNA,ANDHRA PRADESH,india
Vadlamannadu,521331,KRISHNA,ANDHRA PRADESH,india
Akulamannadu,521366,KRISHNA,ANDHRA PRADESH,india
Borrapothupalem,521366,KRISHNA,ANDHRA PRADESH,india
Chennuru,521366,KRISHNA,ANDHRA PRADESH,india
Lellagaruvu,521366,KRISHNA,ANDHRA PRADESH,india
Polatitippa,521004,KRISHNA,ANDHRA PRADESH,india
Edavalli,522616,Palnadu,ANDHRA PRADESH,india
Adigoppula,522612,Palnadu,ANDHRA PRADESH,india
Atmakuru,522612,Palnadu,ANDHRA PRADESH,india
Dharmavaram,522612,Palnadu,ANDHRA PRADESH,india
Karuchola,522233,Palnadu,ANDHRA PRADESH,india
Thimmapuram,522233,Palnadu,ANDHRA PRADESH,india
Vankayalapadu,522233,Palnadu,ANDHRA PRADESH,india
Sandepudi,522619,Palnadu,ANDHRA PRADESH,india
Veluru,522619,Palnadu,ANDHRA PRADESH,india
Vanikunta,522658,Palnadu,ANDHRA PRADESH,india
Chintapalle,522614,Palnadu,ANDHRA PRADESH,india
Narasimhapuri,522614,Palnadu,ANDHRA PRADESH,india
Petasannegandla,522614,Palnadu,ANDHRA PRADESH,india
Jayanthi Ramapuram,522614,Palnadu,ANDHRA PRADESH,india
Butchipapannapalem,522661,Palnadu,ANDHRA PRADESH,india
Boppudi,522626,Palnadu,ANDHRA PRADESH,india
Tubadu,522234,Palnadu,ANDHRA PRADESH,india
Kunkalagunta,522615,Palnadu,ANDHRA PRADESH,india
Santhagudipadu,522615,Palnadu,ANDHRA PRADESH,india
Mulakaluru,522660,Palnadu,ANDHRA PRADESH,india
Ravvavaram,522660,Palnadu,ANDHRA PRADESH,india
Gokanakonda,522649,Palnadu,ANDHRA PRADESH,india
Perumallapalli,522649,Palnadu,ANDHRA PRADESH,india
Kandrika,522529,GUNTUR,ANDHRA PRADESH,india
Kandlagunta,522603,Palnadu,ANDHRA PRADESH,india
Vipparlapalle,522603,Palnadu,ANDHRA PRADESH,india
Pamidipadu Agraharam,522603,Palnadu,ANDHRA PRADESH,india
Tungapadu,522603,Palnadu,ANDHRA PRADESH,india
Alavala,522617,Palnadu,ANDHRA PRADESH,india
Vadlamudivaripalem,522617,Palnadu,ANDHRA PRADESH,india
Dondapadu,522549,Palnadu,ANDHRA PRADESH,india
Endugumpalem,522549,Palnadu,ANDHRA PRADESH,india
Munagapadu,522549,GUNTUR,ANDHRA PRADESH,india
Jonnalagadda,522549,Palnadu,ANDHRA PRADESH,india
Bukkapuram,522549,Palnadu,ANDHRA PRADESH,india
Kothaluru,522646,Palnadu,ANDHRA PRADESH,india
Vayyakallu,522646,Palnadu,ANDHRA PRADESH,india
Kanumalacheruvu,522657,Palnadu,ANDHRA PRADESH,india
Chatragaddapadu,522647,Palnadu,ANDHRA PRADESH,india
Kotcherla,522647,Palnadu,ANDHRA PRADESH,india
Sivapuram,522647,Palnadu,ANDHRA PRADESH,india
Kothapalle,522409,Palnadu,ANDHRA PRADESH,india
Taduvai,522409,Palnadu,ANDHRA PRADESH,india
CHERUKUMPALEM,522409,Palnadu,ANDHRA PRADESH,india
Chowtapapayapalem,522411,Palnadu,ANDHRA PRADESH,india
Kesanapalle,522414,Palnadu,ANDHRA PRADESH,india
Mutyalampadu,522414,Palnadu,ANDHRA PRADESH,india
Ramapuram,522414,Palnadu,ANDHRA PRADESH,india
Sarangapalle,522414,Palnadu,ANDHRA PRADESH,india
Tangeda,522414,Palnadu,ANDHRA PRADESH,india
Cherlagudipadu,522415,Palnadu,ANDHRA PRADESH,india
Ananthavaram,522410,Palnadu,ANDHRA PRADESH,india
Andukuru,522410,Palnadu,ANDHRA PRADESH,india
Velpuru,522410,Palnadu,ANDHRA PRADESH,india
Kothapalem,522435,Palnadu,ANDHRA PRADESH,india
Velampalle,522435,Palnadu,ANDHRA PRADESH,india
Kothapalle,522426,Palnadu,ANDHRA PRADESH,india
Mandadi,522426,Palnadu,ANDHRA PRADESH,india
Nagulavaram,522426,Palnadu,ANDHRA PRADESH,india
Rayavaram,522426,Palnadu,ANDHRA PRADESH,india
RACHAMALLAPADU,522426,Palnadu,ANDHRA PRADESH,india
Gundlapalem,522438,GUNTUR,ANDHRA PRADESH,india
Lankalakurapadu,522408,Palnadu,ANDHRA PRADESH,india
Madala,522408,Palnadu,ANDHRA PRADESH,india
Balusupadu,522436,GUNTUR,ANDHRA PRADESH,india
Tammavaram,522436,Palnadu,ANDHRA PRADESH,india
Garapadu,522402,Palnadu,ANDHRA PRADESH,india
Lagadapadu,522402,Palnadu,ANDHRA PRADESH,india
Abburu,522402,Palnadu,ANDHRA PRADESH,india
Gudipudi,522402,Palnadu,ANDHRA PRADESH,india
GOVINDAPURAM,522413,Palnadu,ANDHRA PRADESH,india
Kankanalapalle,522412,Palnadu,ANDHRA PRADESH,india
Mittagudipadu,522421,Palnadu,ANDHRA PRADESH,india
Rentala,522421,Palnadu,ANDHRA PRADESH,india
Mandapadu,522401,GUNTUR,ANDHRA PRADESH,india
Varagani,522401,GUNTUR,ANDHRA PRADESH,india
GARNEPUDI,522401,GUNTUR,ANDHRA PRADESH,india
Kandlagunta,522613,Palnadu,ANDHRA PRADESH,india
Moddurupadu,524203,SPSR NELLORE,ANDHRA PRADESH,india
Lingamgunta-An,524203,SPSR NELLORE,ANDHRA PRADESH,india
Kothapeta,524221,SPSR NELLORE,ANDHRA PRADESH,india
Venkatesupalem,524152,SPSR NELLORE,ANDHRA PRADESH,india
Allimadugu,524152,SPSR NELLORE,ANDHRA PRADESH,india
Ulavapalle,524152,SPSR NELLORE,ANDHRA PRADESH,india
Arlapadia,524236,SPSR NELLORE,ANDHRA PRADESH,india
Papannagaripalli,524236,SPSR NELLORE,ANDHRA PRADESH,india
Brahmanakraka Agraharam,524223,SPSR NELLORE,ANDHRA PRADESH,india
Brahmanakraka,524223,SPSR NELLORE,ANDHRA PRADESH,india
Gopannapalem Kandriga,524223,SPSR NELLORE,ANDHRA PRADESH,india
Kammavaripalem-J,524223,SPSR NELLORE,ANDHRA PRADESH,india
Jammalapalem,524223,SPSR NELLORE,ANDHRA PRADESH,india
Siripuram,524223,SPSR NELLORE,ANDHRA PRADESH,india
Chinna Annalur,524224,SPSR NELLORE,ANDHRA PRADESH,india
Jirravaripalem,524224,SPSR NELLORE,ANDHRA PRADESH,india
Veerannakollu,524224,SPSR NELLORE,ANDHRA PRADESH,india
Vepanapi,524224,SPSR NELLORE,ANDHRA PRADESH,india
Musunur,524201,SPSR NELLORE,ANDHRA PRADESH,india
Ganugapenta,524239,SPSR NELLORE,ANDHRA PRADESH,india
Kommi,524239,SPSR NELLORE,ANDHRA PRADESH,india
Kunkuvaripalem,524239,SPSR NELLORE,ANDHRA PRADESH,india
Chodavaram,524239,SPSR NELLORE,ANDHRA PRADESH,india
Ramavarapadu SC colony,524239,SPSR NELLORE,ANDHRA PRADESH,india
Bijjampalle,524230,SPSR NELLORE,ANDHRA PRADESH,india
Brahmanapalli,524230,SPSR NELLORE,ANDHRA PRADESH,india
Timmayapalem,524230,SPSR NELLORE,ANDHRA PRADESH,india
Maramreddipalli,524310,SPSR NELLORE,ANDHRA PRADESH,india
Krishnampalli,524226,SPSR NELLORE,ANDHRA PRADESH,india
Masaipeta,524226,SPSR NELLORE,ANDHRA PRADESH,india
Bhairavaram,524228,SPSR NELLORE,ANDHRA PRADESH,india
Nandigunta,524228,SPSR NELLORE,ANDHRA PRADESH,india
Batrakagallu,524315,SPSR NELLORE,ANDHRA PRADESH,india
Chennarayunipalem,524315,SPSR NELLORE,ANDHRA PRADESH,india
Indupur,524315,SPSR NELLORE,ANDHRA PRADESH,india
Iskapalli,524315,SPSR NELLORE,ANDHRA PRADESH,india
Singapeta,524315,SPSR NELLORE,ANDHRA PRADESH,india
Lingamgunta-A,524302,SPSR NELLORE,ANDHRA PRADESH,india
Kommarapudi,524004,SPSR NELLORE,ANDHRA PRADESH,india
South Mopur,524004,SPSR NELLORE,ANDHRA PRADESH,india
Anumasamudram,524304,SPSR NELLORE,ANDHRA PRADESH,india
Battepadu,524322,SPSR NELLORE,ANDHRA PRADESH,india
Murugalla,524322,SPSR NELLORE,ANDHRA PRADESH,india
Nuvvurupadu,524322,SPSR NELLORE,ANDHRA PRADESH,india
Mamidipudi,524346,SPSR NELLORE,ANDHRA PRADESH,india
Pidathapoluru,524346,SPSR NELLORE,ANDHRA PRADESH,india
Vavveru,524305,SPSR NELLORE,ANDHRA PRADESH,india
Marripadu,524306,SPSR NELLORE,ANDHRA PRADESH,india
Velpulagunta,524234,SPSR NELLORE,ANDHRA PRADESH,india
Kodurupadu,524314,SPSR NELLORE,ANDHRA PRADESH,india
Kothur Bit II,524314,SPSR NELLORE,ANDHRA PRADESH,india
Botikerlapadu,524307,SPSR NELLORE,ANDHRA PRADESH,india
Mahimalur,524307,SPSR NELLORE,ANDHRA PRADESH,india
Ramanaidupalli,524307,SPSR NELLORE,ANDHRA PRADESH,india
Venkanapuram,524316,SPSR NELLORE,ANDHRA PRADESH,india
Padugupadu,524137,SPSR NELLORE,ANDHRA PRADESH,india
Patur,524137,SPSR NELLORE,ANDHRA PRADESH,india
Kudithipalem,524313,SPSR NELLORE,ANDHRA PRADESH,india
Mikkilimpeta,524366,SPSR NELLORE,ANDHRA PRADESH,india
Ramannapalem,524366,SPSR NELLORE,ANDHRA PRADESH,india
Tatakaladinne,524366,SPSR NELLORE,ANDHRA PRADESH,india
Yellayapalem,524366,SPSR NELLORE,ANDHRA PRADESH,india
Bandarupalli,524303,SPSR NELLORE,ANDHRA PRADESH,india
Devarayapalli,524303,SPSR NELLORE,ANDHRA PRADESH,india
Pathadevarayapalli,524303,SPSR NELLORE,ANDHRA PRADESH,india
Dundigam,524308,SPSR NELLORE,ANDHRA PRADESH,india
Pathapalli,524300,SPSR NELLORE,ANDHRA PRADESH,india
Somasila,524300,SPSR NELLORE,ANDHRA PRADESH,india
Upplapadu,524300,SPSR NELLORE,ANDHRA PRADESH,india
Chintopu,524002,SPSR NELLORE,ANDHRA PRADESH,india
Kodur,524002,SPSR NELLORE,ANDHRA PRADESH,india
Kothapalem,524002,SPSR NELLORE,ANDHRA PRADESH,india
Navalakh Gardens,524002,SPSR NELLORE,ANDHRA PRADESH,india
Nellimitta Kandriga,524002,SPSR NELLORE,ANDHRA PRADESH,india
South Amaluru,524002,SPSR NELLORE,ANDHRA PRADESH,india
Alaganipadu,524318,SPSR NELLORE,ANDHRA PRADESH,india
Ponnapudipeddapalem,524318,SPSR NELLORE,ANDHRA PRADESH,india
Nelatur,524347,SPSR NELLORE,ANDHRA PRADESH,india
Edubadu,523171,Bapatla,ANDHRA PRADESH,india
Daggubadu,523190,Bapatla,ANDHRA PRADESH,india
Gavinivaripalem,523166,Bapatla,ANDHRA PRADESH,india
Pathachirala,523165,Bapatla,ANDHRA PRADESH,india
Maddirallamuppalla,523181,PRAKASAM,ANDHRA PRADESH,india
Munnagivaripalem,523169,Bapatla,ANDHRA PRADESH,india
Adusumalli,523169,Bapatla,ANDHRA PRADESH,india
Devarapalli,523169,Bapatla,ANDHRA PRADESH,india
Kothapeta,523157,Bapatla,ANDHRA PRADESH,india
Kesavarappadu,523170,Bapatla,ANDHRA PRADESH,india
Ammavaripalem,523281,PRAKASAM,ANDHRA PRADESH,india
Baddepudi,523281,PRAKASAM,ANDHRA PRADESH,india
N.N.Kandrika,523271,PRAKASAM,ANDHRA PRADESH,india
Narasingole,523271,PRAKASAM,ANDHRA PRADESH,india
Nennurapadu,523270,PRAKASAM,ANDHRA PRADESH,india
Anakarlapudi,523270,PRAKASAM,ANDHRA PRADESH,india
Kattavarpalem,523270,PRAKASAM,ANDHRA PRADESH,india
Medarametlapalem,523115,PRAKASAM,ANDHRA PRADESH,india
Ponduru,523273,PRAKASAM,ANDHRA PRADESH,india
Nekunampuram,523113,PRAKASAM,ANDHRA PRADESH,india
Naldalpur,523113,PRAKASAM,ANDHRA PRADESH,india
Parikondapadu,523113,PRAKASAM,ANDHRA PRADESH,india
Pedamopadu,523113,PRAKASAM,ANDHRA PRADESH,india
Singarabotlapalem,523109,PRAKASAM,ANDHRA PRADESH,india
Venkupalem,523109,PRAKASAM,ANDHRA PRADESH,india
Kalikavaya,523101,PRAKASAM,ANDHRA PRADESH,india
Ananthavaram,523274,PRAKASAM,ANDHRA PRADESH,india
Jammulapalem,523274,PRAKASAM,ANDHRA PRADESH,india
Jarugumalli,523274,PRAKASAM,ANDHRA PRADESH,india
K.Rajupalem,523292,PRAKASAM,ANDHRA PRADESH,india
Chakicherla,523292,PRAKASAM,ANDHRA PRADESH,india
Chinavenkannapalem,523279,PRAKASAM,ANDHRA PRADESH,india
Chundi,523116,PRAKASAM,ANDHRA PRADESH,india
Kandulur,523272,PRAKASAM,ANDHRA PRADESH,india
Mopadu,523110,PRAKASAM,ANDHRA PRADESH,india
Eastkattakindapalli,523110,PRAKASAM,ANDHRA PRADESH,india
Raghunadhapuram,523110,PRAKASAM,ANDHRA PRADESH,india
Anikalapalli,523112,PRAKASAM,ANDHRA PRADESH,india
Chennapanayunipalli,523112,PRAKASAM,ANDHRA PRADESH,india
Pothavaram,523247,PRAKASAM,ANDHRA PRADESH,india
Devavaram,523247,PRAKASAM,ANDHRA PRADESH,india
Garimenapenta,523246,PRAKASAM,ANDHRA PRADESH,india
Katragunta,523246,PRAKASAM,ANDHRA PRADESH,india
Hazipuram,523227,PRAKASAM,ANDHRA PRADESH,india
Chinmuppalapadu,523227,PRAKASAM,ANDHRA PRADESH,india
Bodanampadu,523304,PRAKASAM,ANDHRA PRADESH,india
Darsichandalur,523304,PRAKASAM,ANDHRA PRADESH,india
Pedagogulapalli,523223,PRAKASAM,ANDHRA PRADESH,india
Marrikuntapalli,523117,PRAKASAM,ANDHRA PRADESH,india
Gudipatipalli,523228,PRAKASAM,ANDHRA PRADESH,india
Kudumalaguntla,523228,PRAKASAM,ANDHRA PRADESH,india
Mangampalli,523228,PRAKASAM,ANDHRA PRADESH,india
Ummanapalli,523228,PRAKASAM,ANDHRA PRADESH,india
Pedarajupalem,523108,PRAKASAM,ANDHRA PRADESH,india
Turupukodigundlapadu,523108,PRAKASAM,ANDHRA PRADESH,india
Challagirigala,523245,PRAKASAM,ANDHRA PRADESH,india
Nandanamarella,523245,PRAKASAM,ANDHRA PRADESH,india
Yadavalli,523245,PRAKASAM,ANDHRA PRADESH,india
Kellampalli,523265,PRAKASAM,ANDHRA PRADESH,india
Kuchipudi,523270,PRAKASAM,ANDHRA PRADESH,india
Akkacheruvu,523245,PRAKASAM,ANDHRA PRADESH,india
Buchannapalem,523245,PRAKASAM,ANDHRA PRADESH,india
Marripudi,523253,PRAKASAM,ANDHRA PRADESH,india
Vallayapalem,523253,PRAKASAM,ANDHRA PRADESH,india
Singanapalem,523252,PRAKASAM,ANDHRA PRADESH,india
Bommireddipalli,523254,PRAKASAM,ANDHRA PRADESH,india
Garlapeta,523254,PRAKASAM,ANDHRA PRADESH,india
Kalagotla,523254,PRAKASAM,ANDHRA PRADESH,india
Chakirala,523230,PRAKASAM,ANDHRA PRADESH,india
Cheerladinne,523230,PRAKASAM,ANDHRA PRADESH,india
Markondapuram,523230,PRAKASAM,ANDHRA PRADESH,india
Talamalla,523253,PRAKASAM,ANDHRA PRADESH,india
Immadicheruvu,523224,PRAKASAM,ANDHRA PRADESH,india
Kanakanampadu,523224,PRAKASAM,ANDHRA PRADESH,india
Pulikuntla,523224,PRAKASAM,ANDHRA PRADESH,india
Ramagopalapuram,523224,PRAKASAM,ANDHRA PRADESH,india
Makkenavaripalem,523201,Bapatla,ANDHRA PRADESH,india
Marella,523201,PRAKASAM,ANDHRA PRADESH,india
Nuzellpalli,523201,PRAKASAM,ANDHRA PRADESH,india
Thimmayapalem,523201,Bapatla,ANDHRA PRADESH,india
Manchikalapadu,523226,PRAKASAM,ANDHRA PRADESH,india
Chilamkur,523226,PRAKASAM,ANDHRA PRADESH,india
G.L.Puram,523226,PRAKASAM,ANDHRA PRADESH,india
Madanur,523280,PRAKASAM,ANDHRA PRADESH,india
Nuzellapalli,523214,Bapatla,ANDHRA PRADESH,india
Panakalapalem,523182,PRAKASAM,ANDHRA PRADESH,india
Muktheswaram,523303,Bapatla,ANDHRA PRADESH,india
S.L. Gudipadu,523303,Bapatla,ANDHRA PRADESH,india
Yerrapalem,523212,Bapatla,ANDHRA PRADESH,india
Anamanamuru,523212,Bapatla,ANDHRA PRADESH,india
Gullapalli,523211,PRAKASAM,ANDHRA PRADESH,india
Pedakothapalli,523211,PRAKASAM,ANDHRA PRADESH,india
Ananthavaram,523301,Bapatla,ANDHRA PRADESH,india
Mallayapalem,523301,Bapatla,ANDHRA PRADESH,india
Rajupalem,523301,Bapatla,ANDHRA PRADESH,india
Yeddanapudi,523301,Bapatla,ANDHRA PRADESH,india
Pothavaram,523183,PRAKASAM,ANDHRA PRADESH,india
Chadalavada,523183,PRAKASAM,ANDHRA PRADESH,india
Kandlagunta,523183,PRAKASAM,ANDHRA PRADESH,india
Kopperapalem,523302,Bapatla,ANDHRA PRADESH,india
Minnekallu,523302,Bapatla,ANDHRA PRADESH,india
Tangedumalli,523302,Bapatla,ANDHRA PRADESH,india
Maddulur,523225,PRAKASAM,ANDHRA PRADESH,india
Rudravaram,523225,PRAKASAM,ANDHRA PRADESH,india
Lakkavaram,523264,PRAKASAM,ANDHRA PRADESH,india
Doddavaram,523263,PRAKASAM,ANDHRA PRADESH,india
Duddukur,523186,Bapatla,ANDHRA PRADESH,india
Komminenivaripalem,523260,Bapatla,ANDHRA PRADESH,india
Darsiagraharam,523260,Bapatla,ANDHRA PRADESH,india
Ramkur,523260,Bapatla,ANDHRA PRADESH,india
Chandravaram,534342,WEST GODAVARI,ANDHRA PRADESH,india
Bandapuram,534313,WEST GODAVARI,ANDHRA PRADESH,india
Lakshmipuram,534313,WEST GODAVARI,ANDHRA PRADESH,india
Pallantla,534313,WEST GODAVARI,ANDHRA PRADESH,india
Kunkala,534318,Eluru,ANDHRA PRADESH,india
Sagipadu,534318,WEST GODAVARI,ANDHRA PRADESH,india
Chinnayagudem,534316,WEST GODAVARI,ANDHRA PRADESH,india
Vadalagunta,534316,WEST GODAVARI,ANDHRA PRADESH,india
Venkatayapalem,534316,WEST GODAVARI,ANDHRA PRADESH,india
Ajjaram,534331,WEST GODAVARI,ANDHRA PRADESH,india
Teeparru,534331,WEST GODAVARI,ANDHRA PRADESH,india
Munipalli,534329,WEST GODAVARI,ANDHRA PRADESH,india
Settipeta,534301,WEST GODAVARI,ANDHRA PRADESH,india
Vk.Reddigudem,534315,WEST GODAVARI,ANDHRA PRADESH,india
Gopavaram,534302,WEST GODAVARI,ANDHRA PRADESH,india
Madduru,534302,WEST GODAVARI,ANDHRA PRADESH,india
Chikkala,534305,WEST GODAVARI,ANDHRA PRADESH,india
Katakoteswaram,534305,WEST GODAVARI,ANDHRA PRADESH,india
Annadevarapeta,534341,WEST GODAVARI,ANDHRA PRADESH,india
Tirugudumetta,534340,WEST GODAVARI,ANDHRA PRADESH,india
Ravurupadu,534340,WEST GODAVARI,ANDHRA PRADESH,india
Telikecharla,534111,WEST GODAVARI,ANDHRA PRADESH,india
Akuteegapadu,534196,WEST GODAVARI,ANDHRA PRADESH,india
Kaligotla,534198,WEST GODAVARI,ANDHRA PRADESH,india
Gantavarigudem,534112,WEST GODAVARI,ANDHRA PRADESH,india
D.Gopavaram,534195,Eluru,ANDHRA PRADESH,india
Nidamarru,534195,Eluru,ANDHRA PRADESH,india
Darisaparru,534166,WEST GODAVARI,ANDHRA PRADESH,india
Kothuru,534146,WEST GODAVARI,ANDHRA PRADESH,india
Padala,534102,WEST GODAVARI,ANDHRA PRADESH,india
Venkatramannagudem,534102,WEST GODAVARI,ANDHRA PRADESH,india
Ramannagudem,534102,WEST GODAVARI,ANDHRA PRADESH,india
Bommidi,534411,WEST GODAVARI,ANDHRA PRADESH,india
Kesavaram,534186,Eluru,ANDHRA PRADESH,india
Poondla,522310,Bapatla,ANDHRA PRADESH,india
Sangupalem,522311,Bapatla,ANDHRA PRADESH,india
Vetapalem,522212,Bapatla,ANDHRA PRADESH,india
Vinayasramam,522309,Bapatla,ANDHRA PRADESH,india
Mulapalem,522113,Bapatla,ANDHRA PRADESH,india
Kondamudi,522341,GUNTUR,ANDHRA PRADESH,india
Rajavole,522259,Bapatla,ANDHRA PRADESH,india
Yazali,522111,Bapatla,ANDHRA PRADESH,india
Buddam,522111,Bapatla,ANDHRA PRADESH,india
Allaparru,522262,Bapatla,ANDHRA PRADESH,india
Gurunadhanagar,522262,Bapatla,ANDHRA PRADESH,india
Bellamvaripalem,522268,Bapatla,ANDHRA PRADESH,india
Idupalli,522268,Bapatla,ANDHRA PRADESH,india
Pushadapuvaripalem,522268,Bapatla,ANDHRA PRADESH,india
Bavajipalem,522314,Bapatla,ANDHRA PRADESH,india
Dandamudi,522316,GUNTUR,ANDHRA PRADESH,india
Aluru,522124,GUNTUR,ANDHRA PRADESH,india
Chintalapudi,522124,GUNTUR,ANDHRA PRADESH,india
Vallabharaopalem,522124,GUNTUR,ANDHRA PRADESH,india
Valluru,522124,GUNTUR,ANDHRA PRADESH,india
Pandrapadu,522124,GUNTUR,ANDHRA PRADESH,india
Vupparapalem,522124,GUNTUR,ANDHRA PRADESH,india
Modukur,522318,Bapatla,ANDHRA PRADESH,india
Pedagadelavarru,522318,Bapatla,ANDHRA PRADESH,india
Govada,522325,Bapatla,ANDHRA PRADESH,india
Ipuru,522301,Bapatla,ANDHRA PRADESH,india
Edlapalli,522211,Bapatla,ANDHRA PRADESH,india
Konetipuram,522256,Bapatla,ANDHRA PRADESH,india
Pallekona,522256,Bapatla,ANDHRA PRADESH,india
Piratlanka,522264,Bapatla,ANDHRA PRADESH,india
Chinagadelavarru,522313,Bapatla,ANDHRA PRADESH,india
Dantaluru,522306,GUNTUR,ANDHRA PRADESH,india
Chatragadda,522265,Bapatla,ANDHRA PRADESH,india
Voleru,522265,Bapatla,ANDHRA PRADESH,india
Karumuru,522265,Bapatla,ANDHRA PRADESH,india
Vullipalem,522265,Bapatla,ANDHRA PRADESH,india
Anamarlapudi,522213,GUNTUR,ANDHRA PRADESH,india
Sekuru,522213,GUNTUR,ANDHRA PRADESH,india
Selapadu,522213,GUNTUR,ANDHRA PRADESH,india
Pedapulivarru,522257,Bapatla,ANDHRA PRADESH,india
Pesarlanka,522257,Bapatla,ANDHRA PRADESH,india
Edupugallu,521151,KRISHNA,ANDHRA PRADESH,india
Proddutur,521151,KRISHNA,ANDHRA PRADESH,india
Madduru,521151,KRISHNA,ANDHRA PRADESH,india
Kunderu,521245,KRISHNA,ANDHRA PRADESH,india
Chopparametla,521211,Eluru,ANDHRA PRADESH,india
Sagguru,521211,Eluru,ANDHRA PRADESH,india
Payakapuram.,520015,NTR,ANDHRA PRADESH,india
Konayapalem,521182,NTR,ANDHRA PRADESH,india
Kodavatikallu,521182,NTR,ANDHRA PRADESH,india
Peda Modugapalli,521178,NTR,ANDHRA PRADESH,india
Allapuram,521101,KRISHNA,ANDHRA PRADESH,india
Gollanapalli,521101,KRISHNA,ANDHRA PRADESH,india
Purushothapatnam,521101,KRISHNA,ANDHRA PRADESH,india
Gudem Madhavaram,521181,NTR,ANDHRA PRADESH,india
Tadepalli,520012,NTR,ANDHRA PRADESH,india
Paritala,521180,NTR,ANDHRA PRADESH,india
Kalavapamula,521164,KRISHNA,ANDHRA PRADESH,india
Koduru,521227,NTR,ANDHRA PRADESH,india
Kakarla,521227,NTR,ANDHRA PRADESH,india
Ramachandrapuram,521226,NTR,ANDHRA PRADESH,india
Muktyala,521457,NTR,ANDHRA PRADESH,india
Marrivada,521256,KRISHNA,ANDHRA PRADESH,india
Tadanki,521256,KRISHNA,ANDHRA PRADESH,india
Iluru,521247,KRISHNA,ANDHRA PRADESH,india
Patamatalankapalli,521247,KRISHNA,ANDHRA PRADESH,india
Thotaravulapadu,521183,NTR,ANDHRA PRADESH,india
Venkatapuram,521230,NTR,ANDHRA PRADESH,india
Naguluru,521230,NTR,ANDHRA PRADESH,india
Tolukodu,521230,NTR,ANDHRA PRADESH,india
Chandapuram,521185,NTR,ANDHRA PRADESH,india
Ithavaram,521185,NTR,ANDHRA PRADESH,india
Kammavaripalem,521184,NTR,ANDHRA PRADESH,india
Kethaveerunipadu,521185,NTR,ANDHRA PRADESH,india
Rudravaram,521184,NTR,ANDHRA PRADESH,india
Surampalli,521212,KRISHNA,ANDHRA PRADESH,india
Atkur,521286,Eluru,ANDHRA PRADESH,india
Anigandlapadu,521190,NTR,ANDHRA PRADESH,india
Talluru,521402,NTR,ANDHRA PRADESH,india
Konathamatmakur,521170,NTR,ANDHRA PRADESH,india
Choragudi,521250,KRISHNA,ANDHRA PRADESH,india
Krishnapuram,521250,KRISHNA,ANDHRA PRADESH,india
Jupudi,521456,NTR,ANDHRA PRADESH,india
Ketanakonda,521456,NTR,ANDHRA PRADESH,india
Kotikalapudi,521456,NTR,ANDHRA PRADESH,india
Garikiparru,521165,KRISHNA,ANDHRA PRADESH,india
Devaguptam,533217,Konaseema,ANDHRA PRADESH,india
Munjavarapukottu,533214,Konaseema,ANDHRA PRADESH,india
Nandampudi,533214,Konaseema,ANDHRA PRADESH,india
Gunnepalli,533222,Konaseema,ANDHRA PRADESH,india
Uppalaguptam,533222,Konaseema,ANDHRA PRADESH,india
Sakurru,533221,Konaseema,ANDHRA PRADESH,india
Gangalakurru,533221,Konaseema,ANDHRA PRADESH,india
Kandikuppa,533212,Konaseema,ANDHRA PRADESH,india
Nadavapalli,533212,Konaseema,ANDHRA PRADESH,india
Pallam,533212,Konaseema,ANDHRA PRADESH,india
I.Polavaram,533220,Konaseema,ANDHRA PRADESH,india
Pasuvullanka,533220,Konaseema,ANDHRA PRADESH,india
Kondukuduru,533211,Konaseema,ANDHRA PRADESH,india
Moolapolam,533211,Konaseema,ANDHRA PRADESH,india
Veeravallipelem,533211,Konaseema,ANDHRA PRADESH,india
Gadilanka,533216,Konaseema,ANDHRA PRADESH,india
Ainapuram,533216,Konaseema,ANDHRA PRADESH,india
Chinakothalanka,533216,Konaseema,ANDHRA PRADESH,india
Komanapalli,533216,Konaseema,ANDHRA PRADESH,india
Krapa,533216,Konaseema,ANDHRA PRADESH,india
Gudala,533218,Konaseema,ANDHRA PRADESH,india
Tadikona,533218,EAST GODAVARI,ANDHRA PRADESH,india
Addalapalem,533252,Konaseema,ANDHRA PRADESH,india
Kesavadasupalem,533252,Konaseema,ANDHRA PRADESH,india
Bobbarlanka,533235,Konaseema,ANDHRA PRADESH,india
Yenugupalli,533240,Konaseema,ANDHRA PRADESH,india
Yenugulamahal,533223,Konaseema,ANDHRA PRADESH,india
Visweswarayapuram,533254,Konaseema,ANDHRA PRADESH,india
Gudimellanka,533253,EAST GODAVARI,ANDHRA PRADESH,india
Srungavarappadu,533250,Konaseema,ANDHRA PRADESH,india
Lutukurru,533247,Konaseema,ANDHRA PRADESH,india
Ravulapadu,533238,Konaseema,ANDHRA PRADESH,india
Ankampalem,533236,Konaseema,ANDHRA PRADESH,india
Rameswaram,533251,Konaseema,ANDHRA PRADESH,india
Medicherlapalem,533244,Konaseema,ANDHRA PRADESH,india
Chintalapalli,533244,Konaseema,ANDHRA PRADESH,india
Kesanapalli,533244,Konaseema,ANDHRA PRADESH,india
Mattaparru,533244,Konaseema,ANDHRA PRADESH,india
Nagullanka,533249,Konaseema,ANDHRA PRADESH,india
Podalada,533249,Konaseema,ANDHRA PRADESH,india
Madupalli,533228,Konaseema,ANDHRA PRADESH,india
Pasupalli,533228,Konaseema,ANDHRA PRADESH,india
Anandapuram,531022,Anakapalli,ANDHRA PRADESH,india
Burja,531149,VISAKHAPATANAM,ANDHRA PRADESH,india
Chinalabudu,531149,VISAKHAPATANAM,ANDHRA PRADESH,india
Lother,531149,VISAKHAPATANAM,ANDHRA PRADESH,india
Madala,531149,VISAKHAPATANAM,ANDHRA PRADESH,india
Siragam,531149,VISAKHAPATANAM,ANDHRA PRADESH,india
Arma,531151,VISAKHAPATANAM,ANDHRA PRADESH,india
Dumbriguda,531151,VISAKHAPATANAM,ANDHRA PRADESH,india
Guntaseema,531151,VISAKHAPATANAM,ANDHRA PRADESH,india
Kinchumanda,531151,VISAKHAPATANAM,ANDHRA PRADESH,india
Rangelisingi,531151,VISAKHAPATANAM,ANDHRA PRADESH,india
Chodapalle,531011,Anakapalli,ANDHRA PRADESH,india
Tanthadi,531011,Anakapalli,ANDHRA PRADESH,india
Janguluru,531011,Anakapalli,ANDHRA PRADESH,india
Gogada Kothapalle,531036,Anakapalli,ANDHRA PRADESH,india
Kandepalli,531036,Anakapalli,ANDHRA PRADESH,india
Turuvolu,531036,Anakapalli,ANDHRA PRADESH,india
Timmannapalem,531036,Anakapalli,ANDHRA PRADESH,india
R Sivarampuram,531036,Anakapalli,ANDHRA PRADESH,india
Kiverla,531030,Alluri Sitharama Raju,ANDHRA PRADESH,india
Nagayyapeta,531030,Anakapalli,ANDHRA PRADESH,india
Pedanandipalle Agraharam,531030,Anakapalli,ANDHRA PRADESH,india
Valabu,531030,Anakapalli,ANDHRA PRADESH,india
Tankota,531030,Anakapalli,ANDHRA PRADESH,india
Chatakamba,531030,Anakapalli,ANDHRA PRADESH,india
Rambilli,531061,Anakapalli,ANDHRA PRADESH,india
Lingareddipalli,523230,PRAKASAM,ANDHRA PRADESH,india
Juttada,531023,Anakapalli,ANDHRA PRADESH,india
Muddurthi,531023,Anakapalli,ANDHRA PRADESH,india
Pedamushidivada,531019,Anakapalli,ANDHRA PRADESH,india
Chowduvada,531034,Anakapalli,ANDHRA PRADESH,india
Kinthada,531034,Anakapalli,ANDHRA PRADESH,india
Singannadorapalem,531034,Anakapalli,ANDHRA PRADESH,india
Atcherla,531031,VISAKHAPATANAM,ANDHRA PRADESH,india
Taruva Agraharam,531075,Anakapalli,ANDHRA PRADESH,india
Vadrapalem,531075,Anakapalli,ANDHRA PRADESH,india
Vakapalle,531075,Anakapalli,ANDHRA PRADESH,india
Vechalam,531075,Anakapalli,ANDHRA PRADESH,india
Mulakapalli,531075,Anakapalli,ANDHRA PRADESH,india
Timiram,531075,Anakapalli,ANDHRA PRADESH,india
Kondakarla,531033,Anakapalli,ANDHRA PRADESH,india
Nagavaram,531033,Anakapalli,ANDHRA PRADESH,india
Bodugullam Agraharam,531081,VISAKHAPATANAM,ANDHRA PRADESH,india
Ch Laxmipuram,531081,VISAKHAPATANAM,ANDHRA PRADESH,india
Kagitha,531081,VISAKHAPATANAM,ANDHRA PRADESH,india
Amal College,531002,VISAKHAPATANAM,ANDHRA PRADESH,india
Venkatapathipalem,531020,VISAKHAPATANAM,ANDHRA PRADESH,india
Desapatrunipalem,531021,VISAKHAPATANAM,ANDHRA PRADESH,india
Dosalapadu,531126,VISAKHAPATANAM,ANDHRA PRADESH,india
Vakapadu,531060,Anakapalli,ANDHRA PRADESH,india
Kumarapuram,531127,VISAKHAPATANAM,ANDHRA PRADESH,india
Pedaramabhadrapuram,531127,VISAKHAPATANAM,ANDHRA PRADESH,india
Adduru,531035,VISAKHAPATANAM,ANDHRA PRADESH,india
Boduvalasa,531035,VISAKHAPATANAM,ANDHRA PRADESH,india
Chintagatla,531035,VISAKHAPATANAM,ANDHRA PRADESH,india
Kuntsangi,531032,Anakapalli,ANDHRA PRADESH,india
Mamidipalem,531032,Anakapalli,ANDHRA PRADESH,india
T S Nagaram,531032,Anakapalli,ANDHRA PRADESH,india
Kokkirapalle,531055,Anakapalli,ANDHRA PRADESH,india
Chowdupalli,531111,Alluri Sitharama Raju,ANDHRA PRADESH,india
Thammingula,531111,VISAKHAPATANAM,ANDHRA PRADESH,india
Kudumusari,531111,Alluri Sitharama Raju,ANDHRA PRADESH,india
Bandaveedhi,531029,Alluri Sitharama Raju,ANDHRA PRADESH,india
Gammili,531029,Alluri Sitharama Raju,ANDHRA PRADESH,india
Lingeti,531029,Alluri Sitharama Raju,ANDHRA PRADESH,india
Luvvasingi,531029,Alluri Sitharama Raju,ANDHRA PRADESH,india
Kamayyapeta,531077,Alluri Sitharama Raju,ANDHRA PRADESH,india
Pedakodapalli,531077,Alluri Sitharama Raju,ANDHRA PRADESH,india
Sobhakota,531077,Alluri Sitharama Raju,ANDHRA PRADESH,india
Durgam,531077,Alluri Sitharama Raju,ANDHRA PRADESH,india
Mettujoru,531077,Alluri Sitharama Raju,ANDHRA PRADESH,india
Andiba,531077,Alluri Sitharama Raju,ANDHRA PRADESH,india
Antada,531084,VISAKHAPATANAM,ANDHRA PRADESH,india
Kinaparthi,531084,VISAKHAPATANAM,ANDHRA PRADESH,india
Kommika,531084,VISAKHAPATANAM,ANDHRA PRADESH,india
Pappusettipalem,531084,VISAKHAPATANAM,ANDHRA PRADESH,india
Konam,531028,Anakapalli,ANDHRA PRADESH,india
Veeranarayanam,531028,Anakapalli,ANDHRA PRADESH,india
Bylapudi,531028,Anakapalli,ANDHRA PRADESH,india
Dondapudi,531114,Anakapalli,ANDHRA PRADESH,india
Kannampeta,531114,Anakapalli,ANDHRA PRADESH,india
Konthalam,531114,Anakapalli,ANDHRA PRADESH,india
Kovvuru,531114,Anakapalli,ANDHRA PRADESH,india
Tamaracherla,531114,Anakapalli,ANDHRA PRADESH,india
Addasaram,531114,VISAKHAPATANAM,ANDHRA PRADESH,india
Budarallu,531087,VISAKHAPATANAM,ANDHRA PRADESH,india
Chintalapudi,531087,VISAKHAPATANAM,ANDHRA PRADESH,india
Marrivada,531087,VISAKHAPATANAM,ANDHRA PRADESH,india
Butchampeta,531118,VISAKHAPATANAM,ANDHRA PRADESH,india
Kusarlapudi,531118,VISAKHAPATANAM,ANDHRA PRADESH,india
Vaddipa,531118,VISAKHAPATANAM,ANDHRA PRADESH,india
Y G Peta,531118,VISAKHAPATANAM,ANDHRA PRADESH,india
A Veeranarayanam,531027,Anakapalli,ANDHRA PRADESH,india
Devapuram,531027,Alluri Sitharama Raju,ANDHRA PRADESH,india
Jampena,531027,Anakapalli,ANDHRA PRADESH,india
P P Agraharam,531113,Anakapalli,ANDHRA PRADESH,india
Chammachinta,531115,VISAKHAPATANAM,ANDHRA PRADESH,india
Gunupudi,531115,VISAKHAPATANAM,ANDHRA PRADESH,india
P Kotha Gudem,531115,VISAKHAPATANAM,ANDHRA PRADESH,india
Kindangi,531024,Alluri Sitharama Raju,ANDHRA PRADESH,india
Vanugupalli,531024,Alluri Sitharama Raju,ANDHRA PRADESH,india
Babusala,531040,VISAKHAPATANAM,ANDHRA PRADESH,india
Darela,531040,VISAKHAPATANAM,ANDHRA PRADESH,india
Karimukhput,531040,VISAKHAPATANAM,ANDHRA PRADESH,india
Makavaram,531040,VISAKHAPATANAM,ANDHRA PRADESH,india
Munchingput,531040,VISAKHAPATANAM,ANDHRA PRADESH,india
Pedaguda,531040,VISAKHAPATANAM,ANDHRA PRADESH,india
Sujanakota,531040,VISAKHAPATANAM,ANDHRA PRADESH,india
Bungaput,531040,VISAKHAPATANAM,ANDHRA PRADESH,india
Koravangi,531040,VISAKHAPATANAM,ANDHRA PRADESH,india
Dodiput,531040,VISAKHAPATANAM,ANDHRA PRADESH,india
Rngabayalu,531040,VISAKHAPATANAM,ANDHRA PRADESH,india
Koruprolu,531083,Anakapalli,ANDHRA PRADESH,india
Pedauppalam,531083,Anakapalli,ANDHRA PRADESH,india
Chinapachila,531025,Anakapalli,ANDHRA PRADESH,india
Medivada,531025,Anakapalli,ANDHRA PRADESH,india
Saparla,531133,Alluri Sitharama Raju,ANDHRA PRADESH,india
Kondupalem Agraharam,531026,Anakapalli,ANDHRA PRADESH,india
Chittayyapalem,531026,Anakapalli,ANDHRA PRADESH,india
Jilledupudi,531117,VISAKHAPATANAM,ANDHRA PRADESH,india
P Kothapalle,531117,VISAKHAPATANAM,ANDHRA PRADESH,india
Yerakannapalem,531117,VISAKHAPATANAM,ANDHRA PRADESH,india
Sarpavaram,533005,Kakinada,ANDHRA PRADESH,india
Ramanayyapeta,533005,Kakinada,ANDHRA PRADESH,india
Gandredu,533344,Kakinada,ANDHRA PRADESH,india
Vendra,533344,Kakinada,ANDHRA PRADESH,india
Peddapurappadu,533468,Kakinada,ANDHRA PRADESH,india
Kajuluru,533468,Kakinada,ANDHRA PRADESH,india
Manjeru,533468,Kakinada,ANDHRA PRADESH,india
Kaikavolu,533006,Kakinada,ANDHRA PRADESH,india
Atchutapuratriam,533006,Kakinada,ANDHRA PRADESH,india
Vakada,533462,Kakinada,ANDHRA PRADESH,india
Vemulavada,533462,Kakinada,ANDHRA PRADESH,india
P.Mallavaram,533463,Kakinada,ANDHRA PRADESH,india
Yanamadala,533260,Kakinada,ANDHRA PRADESH,india
Dhanyampalem,533428,Alluri Sitharama Raju,ANDHRA PRADESH,india
Gondolu,533428,Alluri Sitharama Raju,ANDHRA PRADESH,india
Konalova,533428,Alluri Sitharama Raju,ANDHRA PRADESH,india
Ravikampadu,533406,Kakinada,ANDHRA PRADESH,india
Srungadhara Agraharam,533406,Kakinada,ANDHRA PRADESH,india
Lampakalova,533430,Kakinada,ANDHRA PRADESH,india
Rachapalli,533430,Kakinada,ANDHRA PRADESH,india
Raparthi,533445,Kakinada,ANDHRA PRADESH,india
Koturu,533435,Kakinada,ANDHRA PRADESH,india
Yerravaram,533435,Kakinada,ANDHRA PRADESH,india
Kodavali,533451,Kakinada,ANDHRA PRADESH,india
Vazrakutam,533444,Kakinada,ANDHRA PRADESH,india
Chillangi,533431,Kakinada,ANDHRA PRADESH,india
Peddanapalli,533431,Kakinada,ANDHRA PRADESH,india
Indugupalli,533407,Kakinada,ANDHRA PRADESH,india
Nagulapalli,533447,Kakinada,ANDHRA PRADESH,india
G Ragampeta,533437,Kakinada,ANDHRA PRADESH,india
Kattamuru,533437,Kakinada,ANDHRA PRADESH,india
Gorsa,533450,Kakinada,ANDHRA PRADESH,india
Yeluru,533432,Kakinada,ANDHRA PRADESH,india
G Kothapalli,533446,Kakinada,ANDHRA PRADESH,india
Routhulapudi,533446,Kakinada,ANDHRA PRADESH,india
Nellipudi,533446,Kakinada,ANDHRA PRADESH,india
Santhiashram,533446,Kakinada,ANDHRA PRADESH,india
Vontimamidi,533408,Kakinada,ANDHRA PRADESH,india
A Kothapalli,533408,Kakinada,ANDHRA PRADESH,india
Hamsavaram,533401,Kakinada,ANDHRA PRADESH,india
Nandivampu,533401,Kakinada,ANDHRA PRADESH,india
Paltheru,533401,Anakapalli,ANDHRA PRADESH,india
Amaravalli,533448,Kakinada,ANDHRA PRADESH,india
Medapadu,533434,Kakinada,ANDHRA PRADESH,india
P Vemavaram,533434,Kakinada,ANDHRA PRADESH,india
Gurthedu,533483,Alluri Sitharama Raju,ANDHRA PRADESH,india
Tirumali,533429,Kakinada,ANDHRA PRADESH,india
Tumarada,535557,Parvathipuram Manyam,ANDHRA PRADESH,india
Palagara,535557,Parvathipuram Manyam,ANDHRA PRADESH,india
Pedapenki,535557,Parvathipuram Manyam,ANDHRA PRADESH,india
Chitrakota Boddavalasa,535573,VIZIANAGARAM,ANDHRA PRADESH,india
Patha Bobbili,535573,VIZIANAGARAM,ANDHRA PRADESH,india
Gorle Seetharampuram,535559,VIZIANAGARAM,ANDHRA PRADESH,india
Bondapalli,535128,VIZIANAGARAM,ANDHRA PRADESH,india
Garugubilli,535128,VIZIANAGARAM,ANDHRA PRADESH,india
Routhupeta,535128,SRIKAKULAM,ANDHRA PRADESH,india
Badangi,535578,VIZIANAGARAM,ANDHRA PRADESH,india
Bangaruvalasa,535547,Parvathipuram Manyam,ANDHRA PRADESH,india
Kasipatnam,535547,Parvathipuram Manyam,ANDHRA PRADESH,india
Markondaputti,535547,Parvathipuram Manyam,ANDHRA PRADESH,india
Saraivalasa,535547,Parvathipuram Manyam,ANDHRA PRADESH,india
Chappabutchampeta,535547,Parvathipuram Manyam,ANDHRA PRADESH,india
Duggeru,535547,Parvathipuram Manyam,ANDHRA PRADESH,india
Lakshmipuram,535547,Parvathipuram Manyam,ANDHRA PRADESH,india
Dandigam,535593,Parvathipuram Manyam,ANDHRA PRADESH,india
Kandulapadam,535593,Parvathipuram Manyam,ANDHRA PRADESH,india
Kesali,535592,Parvathipuram Manyam,ANDHRA PRADESH,india
Karrivalasa,535592,Parvathipuram Manyam,ANDHRA PRADESH,india
Nandabalaga,535568,VIZIANAGARAM,ANDHRA PRADESH,india
Arikathota,535579,VIZIANAGARAM,ANDHRA PRADESH,india
Busayavalasa,535579,VIZIANAGARAM,ANDHRA PRADESH,india
Jannivalasa,535579,VIZIANAGARAM,ANDHRA PRADESH,india
Korapukothavalasa,535579,VIZIANAGARAM,ANDHRA PRADESH,india
Mamidivalasa,535579,VIZIANAGARAM,ANDHRA PRADESH,india
Pachalavalasa,535579,VIZIANAGARAM,ANDHRA PRADESH,india
Bangarampeta,535591,Parvathipuram Manyam,ANDHRA PRADESH,india
Guruvunaidupeta,535591,Parvathipuram Manyam,ANDHRA PRADESH,india
Taduru,535591,Parvathipuram Manyam,ANDHRA PRADESH,india
Chinabhogili,503235,Parvathipuram Manyam,ANDHRA PRADESH,india
Ajjada,535546,Parvathipuram Manyam,ANDHRA PRADESH,india
Appayyapeta,535546,Parvathipuram Manyam,ANDHRA PRADESH,india
Gutchimi,535546,Parvathipuram Manyam,ANDHRA PRADESH,india
Ippalavalasa,535101,VIZIANAGARAM,ANDHRA PRADESH,india
Locherla,535126,VIZIANAGARAM,ANDHRA PRADESH,india
Kunayavalasa,535124,VIZIANAGARAM,ANDHRA PRADESH,india
Mudidam Ravivalasa,535124,VIZIANAGARAM,ANDHRA PRADESH,india
Vadada,535124,VIZIANAGARAM,ANDHRA PRADESH,india
Chinagudaba,535463,Parvathipuram Manyam,ANDHRA PRADESH,india
Gottivalasa,535463,Parvathipuram Manyam,ANDHRA PRADESH,india
Kothapalli,535463,Parvathipuram Manyam,ANDHRA PRADESH,india
Kedaripuram,535523,VIZIANAGARAM,ANDHRA PRADESH,india
Nandrukona,503230,VIZIANAGARAM,ANDHRA PRADESH,india
Tadikonda,535523,VIZIANAGARAM,ANDHRA PRADESH,india
Chemuduguda,535523,VIZIANAGARAM,ANDHRA PRADESH,india
Ramabhadrapuram,535594,Parvathipuram Manyam,ANDHRA PRADESH,india
Chollapadam,535521,Parvathipuram Manyam,ANDHRA PRADESH,india
Jarna,535521,Parvathipuram Manyam,ANDHRA PRADESH,india
Madalangi,535521,Parvathipuram Manyam,ANDHRA PRADESH,india
Palem,535521,Parvathipuram Manyam,ANDHRA PRADESH,india
BEERUPADU,535521,VIZIANAGARAM,ANDHRA PRADESH,india
Kosu,535521,VIZIANAGARAM,ANDHRA PRADESH,india
Regidi,535524,Parvathipuram Manyam,ANDHRA PRADESH,india
Dalaipeta,535524,Parvathipuram Manyam,ANDHRA PRADESH,india
Gavarampeta,535526,Parvathipuram Manyam,ANDHRA PRADESH,india
Parajapadu,535526,Parvathipuram Manyam,ANDHRA PRADESH,india
Tumbali,535526,Parvathipuram Manyam,ANDHRA PRADESH,india
Voosakonda,505525,Parvathipuram Manyam,ANDHRA PRADESH,india
Maripalli,535534,Parvathipuram Manyam,ANDHRA PRADESH,india
Pedagottili,535534,Parvathipuram Manyam,ANDHRA PRADESH,india
Sivada,535534,Parvathipuram Manyam,ANDHRA PRADESH,india
Avalangi,532462,Parvathipuram Manyam,ANDHRA PRADESH,india
Bitiwada,532462,Parvathipuram Manyam,ANDHRA PRADESH,india
Bhasuru,532440,Parvathipuram Manyam,ANDHRA PRADESH,india
Kondapuram,532440,Parvathipuram Manyam,ANDHRA PRADESH,india
Tampatapalli,532440,Parvathipuram Manyam,ANDHRA PRADESH,india
Balagudaba,535502,Parvathipuram Manyam,ANDHRA PRADESH,india
SIVINI,535502,VIZIANAGARAM,ANDHRA PRADESH,india
Dabbagedda,535527,Parvathipuram Manyam,ANDHRA PRADESH,india
Dokiseela,535527,Parvathipuram Manyam,ANDHRA PRADESH,india
Gunanupuram,535525,Parvathipuram Manyam,ANDHRA PRADESH,india
Basangi,535525,Parvathipuram Manyam,ANDHRA PRADESH,india
Naguru,535525,Parvathipuram Manyam,ANDHRA PRADESH,india
CHILAKAM,535525,Parvathipuram Manyam,ANDHRA PRADESH,india
Rajulagumada,532461,SRIKAKULAM,ANDHRA PRADESH,india
Gadagamma,532460,Parvathipuram Manyam,ANDHRA PRADESH,india
Hussainpuram,532460,Parvathipuram Manyam,ANDHRA PRADESH,india
Kambara,532460,Parvathipuram Manyam,ANDHRA PRADESH,india
Killada,532460,Parvathipuram Manyam,ANDHRA PRADESH,india
Pedapolla,532460,Parvathipuram Manyam,ANDHRA PRADESH,india
Regulapadu,532460,Parvathipuram Manyam,ANDHRA PRADESH,india
Chinaramanayyapeta,533339,EAST GODAVARI,ANDHRA PRADESH,india
Murari,533297,Kakinada,ANDHRA PRADESH,india
Lakkonda,533284,Alluri Sitharama Raju,ANDHRA PRADESH,india
Gangampalem,533286,EAST GODAVARI,ANDHRA PRADESH,india
Sarabhavaram,533354,Alluri Sitharama Raju,ANDHRA PRADESH,india
Chakradwarabandham,533296,EAST GODAVARI,ANDHRA PRADESH,india
Tokada,533296,EAST GODAVARI,ANDHRA PRADESH,india
Pottilanka,533126,EAST GODAVARI,ANDHRA PRADESH,india
Gummalladoddi,533289,EAST GODAVARI,ANDHRA PRADESH,india
Atchutapuram,533289,EAST GODAVARI,ANDHRA PRADESH,india
Kamarajupeta,533285,EAST GODAVARI,ANDHRA PRADESH,india
Bolleddupalem,533290,EAST GODAVARI,ANDHRA PRADESH,india
Itikayalapalli,533290,EAST GODAVARI,ANDHRA PRADESH,india
Raghavapuram,533290,EAST GODAVARI,ANDHRA PRADESH,india
Chatlawada,533295,Alluri Sitharama Raju,ANDHRA PRADESH,india
Chavadikota,533295,Alluri Sitharama Raju,ANDHRA PRADESH,india
Pullangi,533295,Alluri Sitharama Raju,ANDHRA PRADESH,india
Busigandi,533295,Alluri Sitharama Raju,ANDHRA PRADESH,india
Veerampalem,533294,EAST GODAVARI,ANDHRA PRADESH,india
East Gonagudem,533294,EAST GODAVARI,ANDHRA PRADESH,india
Madicherla,533288,Alluri Sitharama Raju,ANDHRA PRADESH,india
Musurumilli,533288,Alluri Sitharama Raju,ANDHRA PRADESH,india
Sunnampadu,533288,Alluri Sitharama Raju,ANDHRA PRADESH,india
Vadapalli,533288,Alluri Sitharama Raju,ANDHRA PRADESH,india
Pamugandi,533288,Alluri Sitharama Raju,ANDHRA PRADESH,india
Tunnuru,533288,Alluri Sitharama Raju,ANDHRA PRADESH,india
Purushottapatnam,533287,EAST GODAVARI,ANDHRA PRADESH,india
Venkatanagaram,533105,EAST GODAVARI,ANDHRA PRADESH,india
Munikodali,533293,EAST GODAVARI,ANDHRA PRADESH,india
JAGGAVARAM.,533350,Alluri Sitharama Raju,ANDHRA PRADESH,india
Satellite City,533107,EAST GODAVARI,ANDHRA PRADESH,india
Mothugudem,533347,Alluri Sitharama Raju,ANDHRA PRADESH,india
Jonnada,533233,Konaseema,ANDHRA PRADESH,india
Mukkinada,533342,EAST GODAVARI,ANDHRA PRADESH,india
Peraramachandrapuram,533342,EAST GODAVARI,ANDHRA PRADESH,india
Polamuru,533342,EAST GODAVARI,ANDHRA PRADESH,india
Vedurumudi,533307,Konaseema,ANDHRA PRADESH,india
Rangapuram,533343,EAST GODAVARI,ANDHRA PRADESH,india
Sandhipudi,533232,Konaseema,ANDHRA PRADESH,india
Bhatlapalika,533263,Konaseema,ANDHRA PRADESH,india
Balantram,533263,Konaseema,ANDHRA PRADESH,india
Masakapalli,533263,Konaseema,ANDHRA PRADESH,india
Pekeru,533263,Konaseema,ANDHRA PRADESH,india
Hasanbada,533262,Konaseema,ANDHRA PRADESH,india
Jagannadhagiri,533262,Kakinada,ANDHRA PRADESH,india
Kapavaram,533262,Konaseema,ANDHRA PRADESH,india
Nelaparthipadu,533262,Konaseema,ANDHRA PRADESH,india
Radheyapalem,533341,EAST GODAVARI,ANDHRA PRADESH,india
Machara,533309,Konaseema,ANDHRA PRADESH,india
Kota,533306,Konaseema,ANDHRA PRADESH,india
Maredubaka,533308,Konaseema,ANDHRA PRADESH,india
Kulla,533305,Konaseema,ANDHRA PRADESH,india
Vedurupaka,533345,Konaseema,ANDHRA PRADESH,india
Muchimilli,533256,Konaseema,ANDHRA PRADESH,india
Komaripalem,533346,EAST GODAVARI,ANDHRA PRADESH,india
Dulla,533234,EAST GODAVARI,ANDHRA PRADESH,india
Kommanapalli,532427,SRIKAKULAM,ANDHRA PRADESH,india
Allena,532445,SRIKAKULAM,ANDHRA PRADESH,india
Khandyam,532445,SRIKAKULAM,ANDHRA PRADESH,india
Lakkupuram,532445,SRIKAKULAM,ANDHRA PRADESH,india
Thotavada,532445,SRIKAKULAM,ANDHRA PRADESH,india
Akulatampara,532459,SRIKAKULAM,ANDHRA PRADESH,india
Tungatampara,532459,SRIKAKULAM,ANDHRA PRADESH,india
Kallata,532214,SRIKAKULAM,ANDHRA PRADESH,india
Putikavalasa,532455,Parvathipuram Manyam,ANDHRA PRADESH,india
Keesara,532455,Parvathipuram Manyam,ANDHRA PRADESH,india
Kadagandi,532458,Parvathipuram Manyam,ANDHRA PRADESH,india
Pedasavalapuram,532458,SRIKAKULAM,ANDHRA PRADESH,india
Pusam,532458,SRIKAKULAM,ANDHRA PRADESH,india
Siddhantham,532458,SRIKAKULAM,ANDHRA PRADESH,india
Madapam,532421,SRIKAKULAM,ANDHRA PRADESH,india
Piruvada,532421,SRIKAKULAM,ANDHRA PRADESH,india
Shalantri,532190,SRIKAKULAM,ANDHRA PRADESH,india
Sarali,532213,SRIKAKULAM,ANDHRA PRADESH,india
Deerghasi,532429,SRIKAKULAM,ANDHRA PRADESH,india
Jagannadhapuram,532430,SRIKAKULAM,ANDHRA PRADESH,india
Nimmada,532430,SRIKAKULAM,ANDHRA PRADESH,india
Aludu,532426,SRIKAKULAM,ANDHRA PRADESH,india
Kodaddapanasa,532426,SRIKAKULAM,ANDHRA PRADESH,india
Nadagam,532425,SRIKAKULAM,ANDHRA PRADESH,india
Badam,532425,SRIKAKULAM,ANDHRA PRADESH,india
Kalaparthi,532186,SRIKAKULAM,ANDHRA PRADESH,india
Uppinivalasa,532186,SRIKAKULAM,ANDHRA PRADESH,india
CHINTHADA,532186,SRIKAKULAM,ANDHRA PRADESH,india
D. Matchilesam,532408,SRIKAKULAM,ANDHRA PRADESH,india
Bandaruvanipeta,532406,SRIKAKULAM,ANDHRA PRADESH,india
Fareedpeta,532410,SRIKAKULAM,ANDHRA PRADESH,india
Korlam,532405,SRIKAKULAM,ANDHRA PRADESH,india
Muddada,532005,SRIKAKULAM,ANDHRA PRADESH,india
Patharlapalli,532407,SRIKAKULAM,ANDHRA PRADESH,india
Adapaka,532403,SRIKAKULAM,ANDHRA PRADESH,india
Ajjaram,532403,SRIKAKULAM,ANDHRA PRADESH,india
Budumuru,532403,SRIKAKULAM,ANDHRA PRADESH,india
Kesavarayunipalem,532403,SRIKAKULAM,ANDHRA PRADESH,india
Mahanthipalem,532403,SRIKAKULAM,ANDHRA PRADESH,india
SSR Puram,532403,SRIKAKULAM,ANDHRA PRADESH,india
Manthina,532167,SRIKAKULAM,ANDHRA PRADESH,india
Rapaka,532168,SRIKAKULAM,ANDHRA PRADESH,india
Santhavuriti,532168,SRIKAKULAM,ANDHRA PRADESH,india
Suravam,532168,SRIKAKULAM,ANDHRA PRADESH,india
Banam,532168,SRIKAKULAM,ANDHRA PRADESH,india
Gorinta,532167,SRIKAKULAM,ANDHRA PRADESH,india
Aguru,532127,SRIKAKULAM,ANDHRA PRADESH,india
Agurukancharam,532127,SRIKAKULAM,ANDHRA PRADESH,india
Bodduru,532127,SRIKAKULAM,ANDHRA PRADESH,india
Gadimudidam,532127,SRIKAKULAM,ANDHRA PRADESH,india
Perumali,532127,VIZIANAGARAM,ANDHRA PRADESH,india
Kotipalli,532402,SRIKAKULAM,ANDHRA PRADESH,india
Ambakhandi,532123,SRIKAKULAM,ANDHRA PRADESH,india
Mamidipalli,532123,SRIKAKULAM,ANDHRA PRADESH,india
Santhakaviti,532123,SRIKAKULAM,ANDHRA PRADESH,india
Chinavatsavalasa,532404,SRIKAKULAM,ANDHRA PRADESH,india
Vatsavalasa,532404,SRIKAKULAM,ANDHRA PRADESH,india
Ambada,532122,SRIKAKULAM,ANDHRA PRADESH,india
Galavilli,532122,Parvathipuram Manyam,ANDHRA PRADESH,india
Nayaralavalasa,532122,SRIKAKULAM,ANDHRA PRADESH,india
Bathupuram,532219,SRIKAKULAM,ANDHRA PRADESH,india
Palavalasa,532264,SRIKAKULAM,ANDHRA PRADESH,india
Turakasasanam,532264,SRIKAKULAM,ANDHRA PRADESH,india
Budarisingi,532264,SRIKAKULAM,ANDHRA PRADESH,india
Honnali,532264,SRIKAKULAM,ANDHRA PRADESH,india
Bendi,532220,SRIKAKULAM,ANDHRA PRADESH,india
Kavitaagraharam,532220,SRIKAKULAM,ANDHRA PRADESH,india
Venkatapuram,532220,SRIKAKULAM,ANDHRA PRADESH,india
Jhadupalli,532216,SRIKAKULAM,ANDHRA PRADESH,india
Neelavathi,532243,SRIKAKULAM,ANDHRA PRADESH,india
Suvarnapuram,532243,SRIKAKULAM,ANDHRA PRADESH,india
Kesupuram,532312,SRIKAKULAM,ANDHRA PRADESH,india
Purushothapur,532312,SRIKAKULAM,ANDHRA PRADESH,india
Laxmidevipeta,532222,SRIKAKULAM,ANDHRA PRADESH,india
Beejiputti,532322,SRIKAKULAM,ANDHRA PRADESH,india
Kurudu,532195,SRIKAKULAM,ANDHRA PRADESH,india
Kamalanabhapuram,532195,SRIKAKULAM,ANDHRA PRADESH,india
Kothapalli,532242,SRIKAKULAM,ANDHRA PRADESH,india
Marripadu,532215,SRIKAKULAM,ANDHRA PRADESH,india
Siriakhandi,532215,SRIKAKULAM,ANDHRA PRADESH,india
Dandugopalapuram,532212,SRIKAKULAM,ANDHRA PRADESH,india
Karajada,532221,SRIKAKULAM,ANDHRA PRADESH,india
Kedaripuram,532221,SRIKAKULAM,ANDHRA PRADESH,india
Tarlakota,532221,SRIKAKULAM,ANDHRA PRADESH,india
Amalapadu,532218,SRIKAKULAM,ANDHRA PRADESH,india
Haridasupuram,532218,SRIKAKULAM,ANDHRA PRADESH,india
Kondavooru,532218,SRIKAKULAM,ANDHRA PRADESH,india
Pathatekkali,532218,SRIKAKULAM,ANDHRA PRADESH,india
UG Puram,532218,SRIKAKULAM,ANDHRA PRADESH,india
Brc Puram,532284,SRIKAKULAM,ANDHRA PRADESH,india
Sasanam,532284,SRIKAKULAM,ANDHRA PRADESH,india
Bhogabeni,532284,SRIKAKULAM,ANDHRA PRADESH,india
GUDEM,532203,SRIKAKULAM,ANDHRA PRADESH,india
KOTTAPALLI,532203,SRIKAKULAM,ANDHRA PRADESH,india
VENUGOPALAPURAM,532207,SRIKAKULAM,ANDHRA PRADESH,india
Chinatungam,532203,SRIKAKULAM,ANDHRA PRADESH,india
Yendada,530045,VISAKHAPATANAM,ANDHRA PRADESH,india
Sri krishnapuram,530040,VISAKHAPATANAM,ANDHRA PRADESH,india
Sheelanagar,530012,VISAKHAPATANAM,ANDHRA PRADESH,india
Boddapalem,531163,VISAKHAPATANAM,ANDHRA PRADESH,india
Rayapalem,531163,VISAKHAPATANAM,ANDHRA PRADESH,india
Amanam,531162,VISAKHAPATANAM,ANDHRA PRADESH,india
Majjivalasa,531162,VISAKHAPATANAM,ANDHRA PRADESH,india
Nagamayyapalem,531162,VISAKHAPATANAM,ANDHRA PRADESH,india
Singannabanda,531162,VISAKHAPATANAM,ANDHRA PRADESH,india
Tallavalasa,531162,VISAKHAPATANAM,ANDHRA PRADESH,india
Narava,530027,VISAKHAPATANAM,ANDHRA PRADESH,india
NSTL,530027,VISAKHAPATANAM,ANDHRA PRADESH,india
Balacheruvu,530044,VISAKHAPATANAM,ANDHRA PRADESH,india
Pedagadi,531173,VISAKHAPATANAM,ANDHRA PRADESH,india
Pinagadi,531173,VISAKHAPATANAM,ANDHRA PRADESH,india
Ramavaram,531173,VISAKHAPATANAM,ANDHRA PRADESH,india
Kovvada,531219,VISAKHAPATANAM,ANDHRA PRADESH,india
Venkatapuram,530029,VISAKHAPATANAM,ANDHRA PRADESH,india
Gedalavani Palem,535240,VIZIANAGARAM,ANDHRA PRADESH,india
Cheluvuru,535005,VIZIANAGARAM,ANDHRA PRADESH,india
Chakivalasa,535216,VIZIANAGARAM,ANDHRA PRADESH,india
Vasadi,535160,VIZIANAGARAM,ANDHRA PRADESH,india
Tatipudi,535160,VIZIANAGARAM,ANDHRA PRADESH,india
Jammu,535006,VIZIANAGARAM,ANDHRA PRADESH,india
Gopalapalli,535148,VIZIANAGARAM,ANDHRA PRADESH,india
Kottam,535148,VIZIANAGARAM,ANDHRA PRADESH,india
Vemali,535270,VIZIANAGARAM,ANDHRA PRADESH,india
Kotarupalli,535215,VIZIANAGARAM,ANDHRA PRADESH,india
Narava,535215,VIZIANAGARAM,ANDHRA PRADESH,india
P.S.R Puram,535215,VIZIANAGARAM,ANDHRA PRADESH,india
Neelavathi,535215,VIZIANAGARAM,ANDHRA PRADESH,india
Jaddetivalasa,535250,VISAKHAPATANAM,ANDHRA PRADESH,india
Jagaram,535250,VISAKHAPATANAM,ANDHRA PRADESH,india
Tettangi,535220,VIZIANAGARAM,ANDHRA PRADESH,india
Tummukapalli,535183,VIZIANAGARAM,ANDHRA PRADESH,india
Relli,535183,VIZIANAGARAM,ANDHRA PRADESH,india
Uttarapalli,535183,VIZIANAGARAM,ANDHRA PRADESH,india
Khasapeta,535161,VIZIANAGARAM,ANDHRA PRADESH,india
Malliveedu,535161,VIZIANAGARAM,ANDHRA PRADESH,india
Rangarayapuram,535161,VIZIANAGARAM,ANDHRA PRADESH,india
Athava,535161,VIZIANAGARAM,ANDHRA PRADESH,india
Rompalli,535273,Alluri Sitharama Raju,ANDHRA PRADESH,india
Salipeta,535273,VIZIANAGARAM,ANDHRA PRADESH,india
Gummakota,535273,Alluri Sitharama Raju,ANDHRA PRADESH,india
Parasam,535280,VIZIANAGARAM,ANDHRA PRADESH,india
Mudduru,535280,VIZIANAGARAM,ANDHRA PRADESH,india
Gujjangivalasa,535217,VIZIANAGARAM,ANDHRA PRADESH,india
Jarajapupeta,535217,VIZIANAGARAM,ANDHRA PRADESH,india
S S R Peta,535217,VIZIANAGARAM,ANDHRA PRADESH,india
Chodavaram,535217,VIZIANAGARAM,ANDHRA PRADESH,india
Tummalapeta,535217,VIZIANAGARAM,ANDHRA PRADESH,india
Chinakada,535582,VIZIANAGARAM,ANDHRA PRADESH,india
Kuntinivalasa,535580,VIZIANAGARAM,ANDHRA PRADESH,india
Pedamedapalli,535580,VIZIANAGARAM,ANDHRA PRADESH,india
Vangara,535582,VIZIANAGARAM,ANDHRA PRADESH,india
Alladapalem,535204,VIZIANAGARAM,ANDHRA PRADESH,india
Kovvada Agraharam,535204,VIZIANAGARAM,ANDHRA PRADESH,india
KANIMETTA,535204,VIZIANAGARAM,ANDHRA PRADESH,india
Malayada,535218,VIZIANAGARAM,ANDHRA PRADESH,india
Sativada,535218,VIZIANAGARAM,ANDHRA PRADESH,india
Konapuram,535145,VISAKHAPATANAM,ANDHRA PRADESH,india
Muliaguda,535145,VISAKHAPATANAM,ANDHRA PRADESH,india
Timidi,535145,VIZIANAGARAM,ANDHRA PRADESH,india
B G Valasa,535145,VISAKHAPATANAM,ANDHRA PRADESH,india
Boddam,535145,VIZIANAGARAM,ANDHRA PRADESH,india
Kopperla,535213,VIZIANAGARAM,ANDHRA PRADESH,india
Korukonda,535214,VIZIANAGARAM,ANDHRA PRADESH,india
A S Peta,535281,VIZIANAGARAM,ANDHRA PRADESH,india
Vavilapadu,535281,VIZIANAGARAM,ANDHRA PRADESH,india
Veeluparthi,535281,VIZIANAGARAM,ANDHRA PRADESH,india
Duppada,535003,VIZIANAGARAM,ANDHRA PRADESH,india
Karatam,535003,VIZIANAGARAM,ANDHRA PRADESH,india
Alamuru,515002,ANANTAPUR,ANDHRA PRADESH,india
Bramhanayaleru,515002,ANANTAPUR,ANDHRA PRADESH,india
Manirevu,515751,ANANTAPUR,ANDHRA PRADESH,india
P Yaleru,515751,ANANTAPUR,ANDHRA PRADESH,india
Avulanna,515741,ANANTAPUR,ANDHRA PRADESH,india
Hanakanahal,515741,ANANTAPUR,ANDHRA PRADESH,india
Nakkalapalli,515741,ANANTAPUR,ANDHRA PRADESH,india
Thagguparthi,515741,ANANTAPUR,ANDHRA PRADESH,india
Gubanapalli,515763,ANANTAPUR,ANDHRA PRADESH,india
Kannepalli,515763,ANANTAPUR,ANDHRA PRADESH,india
Narasapuram,515763,ANANTAPUR,ANDHRA PRADESH,india
Vitlampalli,515763,ANANTAPUR,ANDHRA PRADESH,india
K.K.Agraharam,515701,ANANTAPUR,ANDHRA PRADESH,india
Korrapadu,515701,ANANTAPUR,ANDHRA PRADESH,india
Rotarypuram,515701,ANANTAPUR,ANDHRA PRADESH,india
Siddarampuram,515701,ANANTAPUR,ANDHRA PRADESH,india
Venkatapuram,515701,ANANTAPUR,ANDHRA PRADESH,india
Podaralla,515731,ANANTAPUR,ANDHRA PRADESH,india
Yerraguntla,515731,ANANTAPUR,ANDHRA PRADESH,india
Kakkalapalli Colony,515004,ANANTAPUR,ANDHRA PRADESH,india
Narasanenikunta,515004,ANANTAPUR,ANDHRA PRADESH,india
Bandameedapalli,515722,ANANTAPUR,ANDHRA PRADESH,india
Yerragunta,515722,ANANTAPUR,ANDHRA PRADESH,india
Dodagatta,515761,ANANTAPUR,ANDHRA PRADESH,india
Gangavaram,515761,ANANTAPUR,ANDHRA PRADESH,india
Golla,515761,ANANTAPUR,ANDHRA PRADESH,india
Mudigal,515761,ANANTAPUR,ANDHRA PRADESH,india
Narayanapuram,515761,ANANTAPUR,ANDHRA PRADESH,india
Papampalli,515761,ANANTAPUR,ANDHRA PRADESH,india
Virupapalli,515761,ANANTAPUR,ANDHRA PRADESH,india
Tenagal,515765,ANANTAPUR,ANDHRA PRADESH,india
Thimmapuram,515765,ANANTAPUR,ANDHRA PRADESH,india
Karutlapalli,515711,ANANTAPUR,ANDHRA PRADESH,india
Muddalapuram,515711,ANANTAPUR,ANDHRA PRADESH,india
Pabr Sam Site,515711,ANANTAPUR,ANDHRA PRADESH,india
Bestharapalli,515766,ANANTAPUR,ANDHRA PRADESH,india
Cherlopalli,515766,ANANTAPUR,ANDHRA PRADESH,india
Gollapalli,515425,ANANTAPUR,ANDHRA PRADESH,india
Kesepalli,515425,ANANTAPUR,ANDHRA PRADESH,india
Kuraganipalli,515425,ANANTAPUR,ANDHRA PRADESH,india
Nadimidoddi,515425,ANANTAPUR,ANDHRA PRADESH,india
Kodipalli East,515787,ANANTAPUR,ANDHRA PRADESH,india
Chalivemula,515414,ANANTAPUR,ANDHRA PRADESH,india
Garuguchintalapallo,515414,ANANTAPUR,ANDHRA PRADESH,india
Bhyrasamudram,515767,ANANTAPUR,ANDHRA PRADESH,india
Mulakaledu,515767,ANANTAPUR,ANDHRA PRADESH,india
Narasapuram West,515435,ANANTAPUR,ANDHRA PRADESH,india
Peddapolamada,515411,ANANTAPUR,ANDHRA PRADESH,india
Senagalaguduru,515411,ANANTAPUR,ANDHRA PRADESH,india
Goddumarri,515465,ANANTAPUR,ANDHRA PRADESH,india
Jangampalli,515465,ANANTAPUR,ANDHRA PRADESH,india
Lakshmampalli,515465,ANANTAPUR,ANDHRA PRADESH,india
Venkayakalva,515465,Y.S.R.,ANDHRA PRADESH,india
N.Hanumapuram,515822,ANANTAPUR,ANDHRA PRADESH,india
Brahmanapalli,515401,ANANTAPUR,ANDHRA PRADESH,india
Pathakothacheruvu,515401,ANANTAPUR,ANDHRA PRADESH,india
Y.T.Cheruvu,515401,ANANTAPUR,ANDHRA PRADESH,india
Kesavapuram,515774,ANANTAPUR,ANDHRA PRADESH,india
Muntimadugu,515774,ANANTAPUR,ANDHRA PRADESH,india
Garudachedu,515871,ANANTAPUR,ANDHRA PRADESH,india
Malyam,515871,ANANTAPUR,ANDHRA PRADESH,india
Nagalapuram,515871,ANANTAPUR,ANDHRA PRADESH,india
Sreedharghatta,515871,ANANTAPUR,ANDHRA PRADESH,india
Uddihal,515871,ANANTAPUR,ANDHRA PRADESH,india
Hanchanahal,515842,ANANTAPUR,ANDHRA PRADESH,india
Nelagonda,515842,ANANTAPUR,ANDHRA PRADESH,india
Uravakonda,515812,ANANTAPUR,ANDHRA PRADESH,india
Kottala,515803,ANANTAPUR,ANDHRA PRADESH,india
Nakkanadoddi,515803,ANANTAPUR,ANDHRA PRADESH,india
Vankarajukalva,515775,ANANTAPUR,ANDHRA PRADESH,india
Pulakunta,515865,ANANTAPUR,ANDHRA PRADESH,india
Veerapuram,515865,ANANTAPUR,ANDHRA PRADESH,india
Lakshumpalli,515455,ANANTAPUR,ANDHRA PRADESH,india
Nagarur,515455,ANANTAPUR,ANDHRA PRADESH,india
Belodu,515867,ANANTAPUR,ANDHRA PRADESH,india
Netrapalli,515867,ANANTAPUR,ANDHRA PRADESH,india
Rangachedu,515867,ANANTAPUR,ANDHRA PRADESH,india
Veparalla,515867,ANANTAPUR,ANDHRA PRADESH,india
Lathavaram,515812,ANANTAPUR,ANDHRA PRADESH,india
Kottalapalli,515870,ANANTAPUR,ANDHRA PRADESH,india
Palthur,515870,ANANTAPUR,ANDHRA PRADESH,india
Cheemalavagupalli,515408,ANANTAPUR,ANDHRA PRADESH,india
Pasalur,515408,ANANTAPUR,ANDHRA PRADESH,india
Vemulapadu,515408,ANANTAPUR,ANDHRA PRADESH,india
Kattakindapalle,517129,CHITTOOR,ANDHRA PRADESH,india
Putramaddi,517129,CHITTOOR,ANDHRA PRADESH,india
Thotakanuma,517415,CHITTOOR,ANDHRA PRADESH,india
Jambuvaripalle,517416,CHITTOOR,ANDHRA PRADESH,india
Nalagampalle,517416,CHITTOOR,ANDHRA PRADESH,india
Thumbakuppam,517416,CHITTOOR,ANDHRA PRADESH,india
Reddigunta,517002,CHITTOOR,ANDHRA PRADESH,india
Mukkalathur,517125,CHITTOOR,ANDHRA PRADESH,india
Erlampalle,517130,CHITTOOR,ANDHRA PRADESH,india
Pullur,517130,CHITTOOR,ANDHRA PRADESH,india
Yellampalle Santhagate,517130,CHITTOOR,ANDHRA PRADESH,india
Yerrepalle,517130,CHITTOOR,ANDHRA PRADESH,india
Belupalle,517432,CHITTOOR,ANDHRA PRADESH,india
Gundagallu,517432,CHITTOOR,ANDHRA PRADESH,india
Mamadugu,517432,CHITTOOR,ANDHRA PRADESH,india
Moram,517432,CHITTOOR,ANDHRA PRADESH,india
Nidigunta,517432,CHITTOOR,ANDHRA PRADESH,india
Ksheerasamudram,517167,CHITTOOR,ANDHRA PRADESH,india
Nelavoy,517167,CHITTOOR,ANDHRA PRADESH,india
Nellaipalle,517167,CHITTOOR,ANDHRA PRADESH,india
Mittoor,517429,CHITTOOR,ANDHRA PRADESH,india
Bandapalle,517127,CHITTOOR,ANDHRA PRADESH,india
Kalavagunta,517127,CHITTOOR,ANDHRA PRADESH,india
Kotrakona,517127,CHITTOOR,ANDHRA PRADESH,india
Bommasamudram,517132,CHITTOOR,ANDHRA PRADESH,india
Papisettipalle,517132,CHITTOOR,ANDHRA PRADESH,india
Chalamangalam,517408,CHITTOOR,ANDHRA PRADESH,india
Kalagatur,517408,CHITTOOR,ANDHRA PRADESH,india
L.S.Farm,517408,CHITTOOR,ANDHRA PRADESH,india
Melmai,517408,CHITTOOR,ANDHRA PRADESH,india
Samireddipalle,517126,CHITTOOR,ANDHRA PRADESH,india
Akanambattu,517124,CHITTOOR,ANDHRA PRADESH,india
Polavaram,517124,CHITTOOR,ANDHRA PRADESH,india
Varathur,517421,CHITTOOR,ANDHRA PRADESH,india
Srikaverirajapuram,517599,CHITTOOR,ANDHRA PRADESH,india
Gollapalle YDM,517422,CHITTOOR,ANDHRA PRADESH,india
Vepanapalle,517422,CHITTOOR,ANDHRA PRADESH,india
Gollapalle BRK,517351,Annamayya,ANDHRA PRADESH,india
Kurizala,517417,Annamayya,ANDHRA PRADESH,india
Madanapalle Spinning Mills Gds,517319,Annamayya,ANDHRA PRADESH,india
Mittapalle,517319,Annamayya,ANDHRA PRADESH,india
Kondamarri,517257,CHITTOOR,ANDHRA PRADESH,india
Somala,517257,CHITTOOR,ANDHRA PRADESH,india
Balla,517425,CHITTOOR,ANDHRA PRADESH,india
Krishnadasanapalle,517425,CHITTOOR,ANDHRA PRADESH,india
Mallan R.S.,517425,CHITTOOR,ANDHRA PRADESH,india
Vasanadu,517425,CHITTOOR,ANDHRA PRADESH,india
Pitchalvandlapalle,517350,Annamayya,ANDHRA PRADESH,india
Cheekalabailu,517326,Annamayya,ANDHRA PRADESH,india
Annagaripalle,517390,Annamayya,ANDHRA PRADESH,india
Mulakalacheruvu,517390,Annamayya,ANDHRA PRADESH,india
Peddapalem,517390,Annamayya,ANDHRA PRADESH,india
Agraharam,517280,Annamayya,ANDHRA PRADESH,india
Tavalam,517280,Annamayya,ANDHRA PRADESH,india
Vengamvaripale,517280,Annamayya,ANDHRA PRADESH,india
Aradigunta,517247,CHITTOOR,ANDHRA PRADESH,india
Arikela,517247,Annamayya,ANDHRA PRADESH,india
Marrimakulapalle,517247,CHITTOOR,ANDHRA PRADESH,india
Muthukur,517247,CHITTOOR,ANDHRA PRADESH,india
Nekkondi,517247,CHITTOOR,ANDHRA PRADESH,india
Konerukuppam,517423,CHITTOOR,ANDHRA PRADESH,india
Sogadaballa,517423,CHITTOOR,ANDHRA PRADESH,india
Muddanapalle,517401,CHITTOOR,ANDHRA PRADESH,india
Thurlapalle,517414,CHITTOOR,ANDHRA PRADESH,india
Cherukuvaipalle,517123,CHITTOOR,ANDHRA PRADESH,india
Gopidinne,517418,Annamayya,ANDHRA PRADESH,india
Musalikunta,517418,Annamayya,ANDHRA PRADESH,india
Pachalamarri,517418,Annamayya,ANDHRA PRADESH,india
Pamuganipalle,517424,CHITTOOR,ANDHRA PRADESH,india
Prabhalaveedu,516228,Y.S.R.,ANDHRA PRADESH,india
Mannemavaripalli,516227,Y.S.R.,ANDHRA PRADESH,india
Addalamarri,516259,Y.S.R.,ANDHRA PRADESH,india
Chakrayapet,516259,Y.S.R.,ANDHRA PRADESH,india
Gangarapupalli,516259,Y.S.R.,ANDHRA PRADESH,india
Kalluripalli,516259,Y.S.R.,ANDHRA PRADESH,india
Katineni Erragudi,516259,Y.S.R.,ANDHRA PRADESH,india
Kuppagattupalli,516259,Y.S.R.,ANDHRA PRADESH,india
Balayapalli,516502,Y.S.R.,ANDHRA PRADESH,india
Chinnakesampalli,516502,Y.S.R.,ANDHRA PRADESH,india
Kongalaveedu,516502,Y.S.R.,ANDHRA PRADESH,india
Rekalakunta,516502,Y.S.R.,ANDHRA PRADESH,india
Bayanapalli,516162,Y.S.R.,ANDHRA PRADESH,india
Pushpagiri,516162,Y.S.R.,ANDHRA PRADESH,india
Upparapalli,516162,Y.S.R.,ANDHRA PRADESH,india
Kalibanda,516214,Y.S.R.,ANDHRA PRADESH,india
Araveedu,516267,Y.S.R.,ANDHRA PRADESH,india
Gopanapalli,516267,Y.S.R.,ANDHRA PRADESH,india
Goramchervu,516267,Y.S.R.,ANDHRA PRADESH,india
Kamalamarri,516267,Y.S.R.,ANDHRA PRADESH,india
Gopavaram,516233,Y.S.R.,ANDHRA PRADESH,india
Rachayapet,516233,Y.S.R.,ANDHRA PRADESH,india
Narasapuram,516217,Y.S.R.,ANDHRA PRADESH,india
Tellapadu,516217,Y.S.R.,ANDHRA PRADESH,india
Koonavaripalli,516203,Y.S.R.,ANDHRA PRADESH,india
Kotlur,516203,Y.S.R.,ANDHRA PRADESH,india
Miduthur,516203,Y.S.R.,ANDHRA PRADESH,india
Nagapatnam,516203,Y.S.R.,ANDHRA PRADESH,india
Siddanthipuram,516203,Y.S.R.,ANDHRA PRADESH,india
Konampet,516257,Y.S.R.,ANDHRA PRADESH,india
Kurnoothala,516257,Y.S.R.,ANDHRA PRADESH,india
Chennavaram,516193,Y.S.R.,ANDHRA PRADESH,india
Reddikottala,516193,Y.S.R.,ANDHRA PRADESH,india
Krishnapur R.S.,516003,Y.S.R.,ANDHRA PRADESH,india
Palampalli,516003,Y.S.R.,ANDHRA PRADESH,india
Utukur,516003,Y.S.R.,ANDHRA PRADESH,india
Guriginja Kunta,516215,Y.S.R.,ANDHRA PRADESH,india
Motakatla,516215,Y.S.R.,ANDHRA PRADESH,india
Muthukuvandla Palli,516215,Y.S.R.,ANDHRA PRADESH,india
Buddayapalli,516002,Y.S.R.,ANDHRA PRADESH,india
Takkolu,516002,Y.S.R.,ANDHRA PRADESH,india
Rajasahebpet,516505,Y.S.R.,ANDHRA PRADESH,india
Thokalapalli,516505,Y.S.R.,ANDHRA PRADESH,india
Chinna Musali Reddy Palli,516004,Y.S.R.,ANDHRA PRADESH,india
Anantharajup R.S.,516105,Annamayya,ANDHRA PRADESH,india
Chennarajupodu,516105,Annamayya,ANDHRA PRADESH,india
Yerraguntlakota,516105,Annamayya,ANDHRA PRADESH,india
Kattavaripalli,516128,Y.S.R.,ANDHRA PRADESH,india
Mylapalli,516104,Y.S.R.,ANDHRA PRADESH,india
Reddivaripalli,516101,Y.S.R.,ANDHRA PRADESH,india
Srinivasa Nagar,516101,Y.S.R.,ANDHRA PRADESH,india
Upparapalli,516101,Y.S.R.,ANDHRA PRADESH,india
Venkata Reddy Palli,516101,Y.S.R.,ANDHRA PRADESH,india
Venkateswara Puram,516247,Y.S.R.,ANDHRA PRADESH,india
Brahmanapalli,516126,Y.S.R.,ANDHRA PRADESH,india
AITS CAMPUS,516126,Y.S.R.,ANDHRA PRADESH,india
Konarachapalli,516152,Y.S.R.,ANDHRA PRADESH,india
Akepadu,516150,Y.S.R.,ANDHRA PRADESH,india
Mandapalli,516150,Y.S.R.,ANDHRA PRADESH,india
Seshamanbapuram,516150,Y.S.R.,ANDHRA PRADESH,india
Mukkavaripalli,516108,Y.S.R.,ANDHRA PRADESH,india
T.Kammapalli,516107,Y.S.R.,ANDHRA PRADESH,india
Peddapalli,516130,Y.S.R.,ANDHRA PRADESH,india
Thimmasamudram,516130,Y.S.R.,ANDHRA PRADESH,india
Konapuram,516151,Y.S.R.,ANDHRA PRADESH,india
Gollapalli,516213,Y.S.R.,ANDHRA PRADESH,india
Chinnaganapalle,515556,Sri Sathya Sai,ANDHRA PRADESH,india
Malyavantham,515661,Sri Sathya Sai,ANDHRA PRADESH,india
Musturu,515661,Sri Sathya Sai,ANDHRA PRADESH,india
Ganginepalli,515144,Sri Sathya Sai,ANDHRA PRADESH,india
Kesapuram,515144,Sri Sathya Sai,ANDHRA PRADESH,india
Chigicherla,515672,Sri Sathya Sai,ANDHRA PRADESH,india
D.Cherlopalli,515672,Sri Sathya Sai,ANDHRA PRADESH,india
Regatipalli,515672,Sri Sathya Sai,ANDHRA PRADESH,india
Sangala,515672,Sri Sathya Sai,ANDHRA PRADESH,india
Subbaraopeta,515672,Sri Sathya Sai,ANDHRA PRADESH,india
Jeenulakunta,515521,Sri Sathya Sai,ANDHRA PRADESH,india
Kamatampalle,515521,Sri Sathya Sai,ANDHRA PRADESH,india
Katarupalle,515521,Sri Sathya Sai,ANDHRA PRADESH,india
K.Brahmanapalli,515591,Sri Sathya Sai,ANDHRA PRADESH,india
Kowlepalli,515591,Sri Sathya Sai,ANDHRA PRADESH,india
Bhadrapuram,515641,Sri Sathya Sai,ANDHRA PRADESH,india
Sandrascherla,515641,Sri Sathya Sai,ANDHRA PRADESH,india
Nawabkota,515531,Sri Sathya Sai,ANDHRA PRADESH,india
Locherla,515133,Sri Sathya Sai,ANDHRA PRADESH,india
Marakuntapalli,515133,Sri Sathya Sai,ANDHRA PRADESH,india
Gunjepalli,515159,Sri Sathya Sai,ANDHRA PRADESH,india
Jonnalakothapalli,515159,Sri Sathya Sai,ANDHRA PRADESH,india
Chippalamadugu,515541,Sri Sathya Sai,ANDHRA PRADESH,india
Erradoddi,515541,Sri Sathya Sai,ANDHRA PRADESH,india
Lakkasamudram,515541,Sri Sathya Sai,ANDHRA PRADESH,india
Veldurthi,515651,Sri Sathya Sai,ANDHRA PRADESH,india
Kodavandlapalle,515511,Sri Sathya Sai,ANDHRA PRADESH,india
Gowrapuram,515561,Sri Sathya Sai,ANDHRA PRADESH,india
Javukulakothapalle,515561,ANANTAPUR,ANDHRA PRADESH,india
Sunnampalle,515561,ANANTAPUR,ANDHRA PRADESH,india
Thippepalle,515561,Sri Sathya Sai,ANDHRA PRADESH,india
Thummalakuntapalli,515561,ANANTAPUR,ANDHRA PRADESH,india
Kalasamudram,515501,Sri Sathya Sai,ANDHRA PRADESH,india
Bhanukota,515621,Sri Sathya Sai,ANDHRA PRADESH,india
Ralla Anantapuram,515621,Sri Sathya Sai,ANDHRA PRADESH,india
Vepakunta,515621,Sri Sathya Sai,ANDHRA PRADESH,india
Puttaparthi,515134,Sri Sathya Sai,ANDHRA PRADESH,india
Garisalapalli,515631,Sri Sathya Sai,ANDHRA PRADESH,india
Kovvurivandlapalle,515581,Sri Sathya Sai,ANDHRA PRADESH,india
Kurlyreddivaripalli,515581,Sri Sathya Sai,ANDHRA PRADESH,india
Nuthanakalva,515581,Sri Sathya Sai,ANDHRA PRADESH,india
Obulareddipalli,515581,Sri Sathya Sai,ANDHRA PRADESH,india
Chinnaramannagaripalli,515571,Sri Sathya Sai,ANDHRA PRADESH,india
Hallikera,515311,Sri Sathya Sai,ANDHRA PRADESH,india
Inagalur,515311,Sri Sathya Sai,ANDHRA PRADESH,india
Narasambudi,515311,Sri Sathya Sai,ANDHRA PRADESH,india
Valasa,515281,Sri Sathya Sai,ANDHRA PRADESH,india
Budilisettipalli,515241,Sri Sathya Sai,ANDHRA PRADESH,india
Palasamudram,515241,Sri Sathya Sai,ANDHRA PRADESH,india
Nyamaddala,515101,Sri Sathya Sai,ANDHRA PRADESH,india
Bhupasamudram,515341,Sri Sathya Sai,ANDHRA PRADESH,india
Gummaiahgaripalli,515231,Sri Sathya Sai,ANDHRA PRADESH,india
Guvvalaguttapalli,515231,Sri Sathya Sai,ANDHRA PRADESH,india
Chikkachoragiri,515271,Sri Sathya Sai,ANDHRA PRADESH,india
Konkallu,515271,Sri Sathya Sai,ANDHRA PRADESH,india
Phalaram,515271,Sri Sathya Sai,ANDHRA PRADESH,india
Moda,515212,Sri Sathya Sai,ANDHRA PRADESH,india
Bullasamudram,515303,ANANTAPUR,ANDHRA PRADESH,india
R.Anantapuram,515303,ANANTAPUR,ANDHRA PRADESH,india
Thumukunta Industrial Estate,515211,Sri Sathya Sai,ANDHRA PRADESH,india
Morampalle,515601,Sri Sathya Sai,ANDHRA PRADESH,india
Morasalapalli,515601,Sri Sathya Sai,ANDHRA PRADESH,india
Bisalamanepalli,515331,Sri Sathya Sai,ANDHRA PRADESH,india
Kanchisamudram,515331,Sri Sathya Sai,ANDHRA PRADESH,india
Mamidimakulapalli,515331,Sri Sathya Sai,ANDHRA PRADESH,india
Manepalli,515331,Sri Sathya Sai,ANDHRA PRADESH,india
Amidalagondi,515301,Sri Sathya Sai,ANDHRA PRADESH,india
Aswartharayaniroppam,515301,Sri Sathya Sai,ANDHRA PRADESH,india
Haresamudram,515301,Sri Sathya Sai,ANDHRA PRADESH,india
Melavoy,515301,Sri Sathya Sai,ANDHRA PRADESH,india
Kaggallu,515202,Sri Sathya Sai,ANDHRA PRADESH,india
Sirekolam,515261,Sri Sathya Sai,ANDHRA PRADESH,india
Adadakulapalli,515124,Sri Sathya Sai,ANDHRA PRADESH,india
Cherukuru,515124,Sri Sathya Sai,ANDHRA PRADESH,india
Mandli,515124,Sri Sathya Sai,ANDHRA PRADESH,india
Rachavaraipalli,515110,Sri Sathya Sai,ANDHRA PRADESH,india
Hanumpalli B O,515110,Sri Sathya Sai,ANDHRA PRADESH,india
Jambalabanda,515305,Sri Sathya Sai,ANDHRA PRADESH,india
Sankarakallu,515305,Sri Sathya Sai,ANDHRA PRADESH,india
Gowrajupalle,515123,Sri Sathya Sai,ANDHRA PRADESH,india
Naranagepalli,515123,Sri Sathya Sai,ANDHRA PRADESH,india
Rachuru,515123,Sri Sathya Sai,ANDHRA PRADESH,india
Rathnagiri,515321,Sri Sathya Sai,ANDHRA PRADESH,india
Chakarlapalli,515122,Sri Sathya Sai,ANDHRA PRADESH,india
Chalakur,515122,Sri Sathya Sai,ANDHRA PRADESH,india
Challapalli,515122,Sri Sathya Sai,ANDHRA PRADESH,india
Baichigeri,518302,KURNOOL,ANDHRA PRADESH,india
Isvi,518302,KURNOOL,ANDHRA PRADESH,india
Ellarthi,518395,KURNOOL,ANDHRA PRADESH,india
Molagavalli,518395,KURNOOL,ANDHRA PRADESH,india
Nerniki,518395,KURNOOL,ANDHRA PRADESH,india
Siddapuram,518348,KURNOOL,ANDHRA PRADESH,india
Chudi,518333,KURNOOL,ANDHRA PRADESH,india
Gudikambali,518333,KURNOOL,ANDHRA PRADESH,india
Honnur,518346,KURNOOL,ANDHRA PRADESH,india
Marlamadiki,518346,KURNOOL,ANDHRA PRADESH,india
Sammatageri,518346,KURNOOL,ANDHRA PRADESH,india
Chinnaharivanam,518308,KURNOOL,ANDHRA PRADESH,india
Vandavagili,518308,KURNOOL,ANDHRA PRADESH,india
Byluppala,518350,KURNOOL,ANDHRA PRADESH,india
Mulagundam,518350,KURNOOL,ANDHRA PRADESH,india
Arlabanda,518313,KURNOOL,ANDHRA PRADESH,india
Chirtanakallu,518313,KURNOOL,ANDHRA PRADESH,india
Bantanahalu,518396,KURNOOL,ANDHRA PRADESH,india
Chakkaralla,518380,KURNOOL,ANDHRA PRADESH,india
Aminabad,518390,KURNOOL,ANDHRA PRADESH,india
Channampalli,518390,KURNOOL,ANDHRA PRADESH,india
Kotekallu,518360,KURNOOL,ANDHRA PRADESH,india
Peddakothali,518343,KURNOOL,ANDHRA PRADESH,india
Venkatagiri,518360,KURNOOL,ANDHRA PRADESH,india
Erramattam,518422,Nandyal,ANDHRA PRADESH,india
Indireswaram,518422,Nandyal,ANDHRA PRADESH,india
Karivena,518422,Nandyal,ANDHRA PRADESH,india
M.Lingapuram,518422,Nandyal,ANDHRA PRADESH,india
Sivapuram,518422,Nandyal,ANDHRA PRADESH,india
Siddeswaram,518422,Nandyal,ANDHRA PRADESH,india
Julekallu,518462,KURNOOL,ANDHRA PRADESH,india
Thimmandoddi,518462,KURNOOL,ANDHRA PRADESH,india
Kulumalapalli,518599,Nandyal,ANDHRA PRADESH,india
Yembai,518599,Nandyal,ANDHRA PRADESH,india
Damagatla,518432,Nandyal,ANDHRA PRADESH,india
Kollabavapuram,518432,Nandyal,ANDHRA PRADESH,india
Khairuppala,518465,KURNOOL,ANDHRA PRADESH,india
Ternekallu,518465,KURNOOL,ANDHRA PRADESH,india
Chityala,518222,KURNOOL,ANDHRA PRADESH,india
Katarukonda,518222,KURNOOL,ANDHRA PRADESH,india
Pothugal,518225,KURNOOL,ANDHRA PRADESH,india
Bilakalaguduru,518508,Nandyal,ANDHRA PRADESH,india
Kadumur,518452,Nandyal,ANDHRA PRADESH,india
Masapeta,518452,Nandyal,ANDHRA PRADESH,india
G.D.Project,518463,KURNOOL,ANDHRA PRADESH,india
Ganjihalli,518463,KURNOOL,ANDHRA PRADESH,india
Peddanelatur,518463,KURNOOL,ANDHRA PRADESH,india
R.Kanapuram,518466,KURNOOL,ANDHRA PRADESH,india
Pasupula,518220,Nandyal,ANDHRA PRADESH,india
Ulchala,518467,KURNOOL,ANDHRA PRADESH,india
Joharapuram,518002,KURNOOL,ANDHRA PRADESH,india
Meedivemula,518002,KURNOOL,ANDHRA PRADESH,india
Vuyyalawada,518002,KURNOOL,ANDHRA PRADESH,india
Chanugondla,518464,KURNOOL,ANDHRA PRADESH,india
Salawada,504346,PRAKASAM,ANDHRA PRADESH,india
Pulimadugu,504346,PRAKASAM,ANDHRA PRADESH,india
Khandala,504346,PRAKASAM,ANDHRA PRADESH,india
Madanapalle,517325,Annamayya,ANDHRA PRADESH,india
Cuddapah,516001,Y.S.R.,ANDHRA PRADESH,india
Dharmavaram,515671,Sri Sathya Sai,ANDHRA PRADESH,india
Hindupur,515201,Sri Sathya Sai,ANDHRA PRADESH,india
Markapur,523316,PRAKASAM,ANDHRA PRADESH,india
Tirupati,517501,Tirupati,ANDHRA PRADESH,india
Bhimavaram,534201,WEST GODAVARI,ANDHRA PRADESH,india
Eluru,534001,Eluru,ANDHRA PRADESH,india
Guntur,522002,GUNTUR,ANDHRA PRADESH,india
Machilipatnam,521001,KRISHNA,ANDHRA PRADESH,india
Sattenapalle,522403,Palnadu,ANDHRA PRADESH,india
Ongole,523001,PRAKASAM,ANDHRA PRADESH,india
Buckinghampet,520002,NTR,ANDHRA PRADESH,india
Razole,533242,Konaseema,ANDHRA PRADESH,india
Narsipatnam,531116,Anakapalli,ANDHRA PRADESH,india
Kakinada,533001,Kakinada,ANDHRA PRADESH,india
Atmakur,515751,ANANTAPUR,ANDHRA PRADESH,india
Georgepet,515004,ANANTAPUR,ANDHRA PRADESH,india
Kuderu,515711,ANANTAPUR,ANDHRA PRADESH,india
Ramnagar,515004,ANANTAPUR,ANDHRA PRADESH,india
Tadpatri Extension,515411,ANANTAPUR,ANDHRA PRADESH,india
Gummaghatta,515863,ANANTAPUR,ANDHRA PRADESH,india
Hanumesh Nagar,515801,ANANTAPUR,ANDHRA PRADESH,india
Kanekal,515871,ANANTAPUR,ANDHRA PRADESH,india
Rayalacheruvu,515455,ANANTAPUR,ANDHRA PRADESH,india
Bangarupalem,517416,CHITTOOR,ANDHRA PRADESH,india
Iruvaram,517128,CHITTOOR,ANDHRA PRADESH,india
Mogili Venkatagiri,517429,CHITTOOR,ANDHRA PRADESH,india
Nangamangalam,517132,CHITTOOR,ANDHRA PRADESH,india
Palamaner,517408,CHITTOOR,ANDHRA PRADESH,india
Pathapeta palamaner,517408,CHITTOOR,ANDHRA PRADESH,india
Kothapeta Madanapalle,517325,Annamayya,ANDHRA PRADESH,india
Madanapalle Bazar,517326,Annamayya,ANDHRA PRADESH,india
Mulakalacheruvu R.S.,517390,Annamayya,ANDHRA PRADESH,india
Peddatippasamudram,517391,Annamayya,ANDHRA PRADESH,india
Royalpet,517414,CHITTOOR,ANDHRA PRADESH,india
Sodam,517123,CHITTOOR,ANDHRA PRADESH,india
Chennur,516162,Y.S.R.,ANDHRA PRADESH,india
Galiveedu,516267,Y.S.R.,ANDHRA PRADESH,india
Jayanagar,516002,Y.S.R.,ANDHRA PRADESH,india
Yerramukkapalli,516004,Y.S.R.,ANDHRA PRADESH,india
Kodur Rs,516101,Y.S.R.,ANDHRA PRADESH,india
Nandalur,516150,Y.S.R.,ANDHRA PRADESH,india
Peddarachapalli,516110,Y.S.R.,ANDHRA PRADESH,india
Kothacheruvu,515133,Sri Sathya Sai,ANDHRA PRADESH,india
Pamudurthi,515154,Sri Sathya Sai,ANDHRA PRADESH,india
Prasanthinilayam,515134,Sri Sathya Sai,ANDHRA PRADESH,india
Tanakallu,515571,Sri Sathya Sai,ANDHRA PRADESH,india
Gorantla,515231,Sri Sathya Sai,ANDHRA PRADESH,india
Hindupur Sevamandir,515212,Sri Sathya Sai,ANDHRA PRADESH,india
Lepakshi,515331,Sri Sathya Sai,ANDHRA PRADESH,india
Muddireddypalli,515202,Sri Sathya Sai,ANDHRA PRADESH,india
Parigi,515261,Sri Sathya Sai,ANDHRA PRADESH,india
Penukonda Fort,515110,ANANTAPUR,ANDHRA PRADESH,india
Penukonda,515110,Sri Sathya Sai,ANDHRA PRADESH,india
Bhar Peta Adoni,518301,KURNOOL,ANDHRA PRADESH,india
Ingaladahal,518308,KURNOOL,ANDHRA PRADESH,india
Kadivella,518350,KURNOOL,ANDHRA PRADESH,india
Kavuthalam,518344,KURNOOL,ANDHRA PRADESH,india
Nandavaram,518343,KURNOOL,ANDHRA PRADESH,india
Pattikonda,518380,KURNOOL,ANDHRA PRADESH,india
S.K.D.Nagar,518301,KURNOOL,ANDHRA PRADESH,india
Tuggali,518390,KURNOOL,ANDHRA PRADESH,india
Ashoknagar,518005,KURNOOL,ANDHRA PRADESH,india
Atmakur,518422,Nandyal,ANDHRA PRADESH,india
Bhagya Nagar kurnool,518004,KURNOOL,ANDHRA PRADESH,india
Cement Nagar,518206,Nandyal,ANDHRA PRADESH,india
Gadivemula,518508,Nandyal,ANDHRA PRADESH,india
Gudur,518466,KURNOOL,ANDHRA PRADESH,india
KNL camp B,518002,KURNOOL,ANDHRA PRADESH,india
S.S.Dam East,518102,Nandyal,ANDHRA PRADESH,india
Veldurthi,518216,KURNOOL,ANDHRA PRADESH,india
Ardhaveedu,523335,PRAKASAM,ANDHRA PRADESH,india
Besthavari Peta,523334,PRAKASAM,ANDHRA PRADESH,india
Edavalli,523356,PRAKASAM,ANDHRA PRADESH,india
Erragondapalem,523327,PRAKASAM,ANDHRA PRADESH,india
Gajjalakonda,523315,PRAKASAM,ANDHRA PRADESH,india
Racherla,523368,PRAKASAM,ANDHRA PRADESH,india
Ravipadu,523370,PRAKASAM,ANDHRA PRADESH,india
Tokapalle,523320,PRAKASAM,ANDHRA PRADESH,india
Banaganapalle South,518124,Nandyal,ANDHRA PRADESH,india
Gajulapalle,518583,Nandyal,ANDHRA PRADESH,india
Illuri Kotha Peta,518186,Nandyal,ANDHRA PRADESH,india
Kanala,518593,Nandyal,ANDHRA PRADESH,india
Tekke,518501,Nandyal,ANDHRA PRADESH,india
Thimmapuram,518512,Nandyal,ANDHRA PRADESH,india
Uyyalawada,518155,Nandyal,ANDHRA PRADESH,india
Duvvur,516175,Y.S.R.,ANDHRA PRADESH,india
Jammalamadugu North,516434,Y.S.R.,ANDHRA PRADESH,india
Korrapadu,516359,Y.S.R.,ANDHRA PRADESH,india
Proddatur Bazaar,516360,Y.S.R.,ANDHRA PRADESH,india
Vaddirala,516432,Y.S.R.,ANDHRA PRADESH,india
Yerraguntla West,516309,Y.S.R.,ANDHRA PRADESH,india
Kondapuram,516444,Y.S.R.,ANDHRA PRADESH,india
Lingala,516396,Y.S.R.,ANDHRA PRADESH,india
Pulivendla Bus stand,516391,Y.S.R.,ANDHRA PRADESH,india
Vaimpalle,516329,Y.S.R.,ANDHRA PRADESH,india
Bhakarapet,517194,Tirupati,ANDHRA PRADESH,india
Chintaparthi,517277,Annamayya,ANDHRA PRADESH,india
Damalacheruvu,517152,Tirupati,ANDHRA PRADESH,india
Gyarampalle kothapalle,517213,CHITTOOR,ANDHRA PRADESH,india
Kalakada,517236,Annamayya,ANDHRA PRADESH,india
Narasingapuram,517102,Tirupati,ANDHRA PRADESH,india
Piler,517214,Annamayya,ANDHRA PRADESH,india
Tarigonda,517291,Annamayya,ANDHRA PRADESH,india
Akkurthi,517536,Tirupati,ANDHRA PRADESH,india
Kovanur,517643,Tirupati,ANDHRA PRADESH,india
Puttur,517583,Tirupati,ANDHRA PRADESH,india
Puttur South,517583,Tirupati,ANDHRA PRADESH,india
Jagannathapuram,517501,CHITTOOR,ANDHRA PRADESH,india
Korlagunta,517501,CHITTOOR,ANDHRA PRADESH,india
Perumallapalle,517505,Tirupati,ANDHRA PRADESH,india
Renigunta,517520,Tirupati,ANDHRA PRADESH,india
Settipalli,517506,Tirupati,ANDHRA PRADESH,india
Bhimavaram Bazar,534202,WEST GODAVARI,ANDHRA PRADESH,india
Konithiwada,534240,WEST GODAVARI,ANDHRA PRADESH,india
Tundurru,534207,WEST GODAVARI,ANDHRA PRADESH,india
Doddipatla,534266,WEST GODAVARI,ANDHRA PRADESH,india
Lankalakoderu,534250,WEST GODAVARI,ANDHRA PRADESH,india
Maruteru,534122,WEST GODAVARI,ANDHRA PRADESH,india
Sitaramapuram,534280,WEST GODAVARI,ANDHRA PRADESH,india
Sidhantam,534326,WEST GODAVARI,ANDHRA PRADESH,india
Vadali,534324,WEST GODAVARI,ANDHRA PRADESH,india
Vundrajavaram,534216,WEST GODAVARI,ANDHRA PRADESH,india
Eluru Bus Station,534006,Eluru,ANDHRA PRADESH,india
Eluru Collectorate,534006,Eluru,ANDHRA PRADESH,india
Gopannapalem,534450,Eluru,ANDHRA PRADESH,india
Industrial Estate,534007,Eluru,ANDHRA PRADESH,india
Sb Colony,534007,Eluru,ANDHRA PRADESH,india
Tangellamudi,534005,Eluru,ANDHRA PRADESH,india
NDC ELURU,534008,Eluru,ANDHRA PRADESH,india
Chintalapudi,534460,Eluru,ANDHRA PRADESH,india
Dwaraka Tirumala,534426,Eluru,ANDHRA PRADESH,india
Kamavarapukota,534449,Eluru,ANDHRA PRADESH,india
Koyyalagudem,534312,Eluru,ANDHRA PRADESH,india
Bantumilli,521324,KRISHNA,ANDHRA PRADESH,india
Manikonda,521260,Eluru,ANDHRA PRADESH,india
Kruthivennu,521320,KRISHNA,ANDHRA PRADESH,india
Tsanubanda,521214,Eluru,ANDHRA PRADESH,india
Gampalagudem,521403,NTR,ANDHRA PRADESH,india
Tiruvuru,521235,KRISHNA,ANDHRA PRADESH,india
Chejerla,524341,SPSR NELLORE,ANDHRA PRADESH,india
Jayampu,524131,SPSR NELLORE,ANDHRA PRADESH,india
Mallam,524403,Tirupati,ANDHRA PRADESH,india
Pellakur,524129,Tirupati,ANDHRA PRADESH,india
Virur,524309,SPSR NELLORE,ANDHRA PRADESH,india
Amaravathi Road,522007,GUNTUR,ANDHRA PRADESH,india
Chowdaripeta,522006,GUNTUR,ANDHRA PRADESH,india
Etukuru Road,522003,GUNTUR,ANDHRA PRADESH,india
Factories Ward,522003,GUNTUR,ANDHRA PRADESH,india
Govt. General Hospital,522001,GUNTUR,ANDHRA PRADESH,india
Kothapeta,522001,GUNTUR,ANDHRA PRADESH,india
Pattabhipuram,522006,GUNTUR,ANDHRA PRADESH,india
NDC Guntur,522008,GUNTUR,ANDHRA PRADESH,india
Apsp Colony,522503,GUNTUR,ANDHRA PRADESH,india
Lemalle,522016,Palnadu,ANDHRA PRADESH,india
Nagarjuna Nagar,522510,GUNTUR,ANDHRA PRADESH,india
Old Mangalagiri,522503,GUNTUR,ANDHRA PRADESH,india
Pedakakani,522509,GUNTUR,ANDHRA PRADESH,india
Pedapalem,522305,GUNTUR,ANDHRA PRADESH,india
Tadepalle,522501,GUNTUR,ANDHRA PRADESH,india
A.P.High Court,522239,GUNTUR,ANDHRA PRADESH,india
SRM University,522240,GUNTUR,ANDHRA PRADESH,india
Guduru,521149,KRISHNA,ANDHRA PRADESH,india
Kodali,521132,KRISHNA,ANDHRA PRADESH,india
Chintaguntapalem,521003,KRISHNA,ANDHRA PRADESH,india
Dokiparru,521332,KRISHNA,ANDHRA PRADESH,india
Kavutaram,521331,KRISHNA,ANDHRA PRADESH,india
Munjuluru,521369,KRISHNA,ANDHRA PRADESH,india
Chilakaluripet Bazar,522616,Palnadu,ANDHRA PRADESH,india
Edlapadu,522233,Palnadu,ANDHRA PRADESH,india
Prakashnagar,522601,Palnadu,ANDHRA PRADESH,india
Rompicherla,522617,Palnadu,ANDHRA PRADESH,india
Satuluru,522549,Palnadu,ANDHRA PRADESH,india
Gurazalla,522415,Palnadu,ANDHRA PRADESH,india
Medikonduru,522438,GUNTUR,ANDHRA PRADESH,india
Pedakurapadu,522402,Palnadu,ANDHRA PRADESH,india
Siripuram,522401,GUNTUR,ANDHRA PRADESH,india
Kavali Bazar,524201,SPSR NELLORE,ANDHRA PRADESH,india
Kondapuram,524239,SPSR NELLORE,ANDHRA PRADESH,india
Seetaramapuram,524310,SPSR NELLORE,ANDHRA PRADESH,india
Siddanakonduru,524225,SPSR NELLORE,ANDHRA PRADESH,india
Udayagiri,524226,SPSR NELLORE,ANDHRA PRADESH,india
Lakshmipuram,524002,SPSR NELLORE,ANDHRA PRADESH,india
Revur,524303,SPSR NELLORE,ANDHRA PRADESH,india
Stonehousepet,524002,SPSR NELLORE,ANDHRA PRADESH,india
Kammapalem,524319,SPSR NELLORE,ANDHRA PRADESH,india
Somasila Hill Colony,524300,SPSR NELLORE,ANDHRA PRADESH,india
NGO COLONY TSO,524003,SPSR NELLORE,ANDHRA PRADESH,india
A.B.V.Palem,523171,Bapatla,ANDHRA PRADESH,india
Idupulapadu,523190,Bapatla,ANDHRA PRADESH,india
Perala,523157,Bapatla,ANDHRA PRADESH,india
Kandukur South,523105,PRAKASAM,ANDHRA PRADESH,india
Ramapatnam,523291,PRAKASAM,ANDHRA PRADESH,india
Woollapalem,523104,PRAKASAM,ANDHRA PRADESH,india
C.S.Puram,523112,PRAKASAM,ANDHRA PRADESH,india
Kurichedu,523304,PRAKASAM,ANDHRA PRADESH,india
Mogallur,523223,PRAKASAM,ANDHRA PRADESH,india
Mundlamur,523265,PRAKASAM,ANDHRA PRADESH,india
Sankavaram,523254,PRAKASAM,ANDHRA PRADESH,india
Addanki,523201,Bapatla,ANDHRA PRADESH,india
J.Pangulur,523214,Bapatla,ANDHRA PRADESH,india
Kurnool Road,523002,PRAKASAM,ANDHRA PRADESH,india
Muppavaram,523261,Bapatla,ANDHRA PRADESH,india
N.S.C Colony,523001,PRAKASAM,ANDHRA PRADESH,india
Ongole Bazar,523001,PRAKASAM,ANDHRA PRADESH,india
Santhanuthalapadu,523225,PRAKASAM,ANDHRA PRADESH,india
Valaparla,523260,Bapatla,ANDHRA PRADESH,india
Chagallu,534342,WEST GODAVARI,ANDHRA PRADESH,india
Nidadavole O.T.,534301,WEST GODAVARI,ANDHRA PRADESH,india
Nidadavole,534301,WEST GODAVARI,ANDHRA PRADESH,india
Tallapudi,534341,WEST GODAVARI,ANDHRA PRADESH,india
Madhavaram,534145,WEST GODAVARI,ANDHRA PRADESH,india
Pentapadu,534166,WEST GODAVARI,ANDHRA PRADESH,india
Pippara,534197,Eluru,ANDHRA PRADESH,india
Prattipadu,534146,WEST GODAVARI,ANDHRA PRADESH,india
Subbaraopeta,534101,WEST GODAVARI,ANDHRA PRADESH,india
Tadepalligudem Bazar,534102,WEST GODAVARI,ANDHRA PRADESH,india
Karlapalem,522111,Bapatla,ANDHRA PRADESH,india
Nagaram,522268,Bapatla,ANDHRA PRADESH,india
Nidubrole,522124,GUNTUR,ANDHRA PRADESH,india
Nizampatnam,522314,Bapatla,ANDHRA PRADESH,india
Railpeta Bapatla,522101,Bapatla,ANDHRA PRADESH,india
Snpagraharam,522101,Bapatla,ANDHRA PRADESH,india
Tsunduru,522318,Bapatla,ANDHRA PRADESH,india
Emani,522308,GUNTUR,ANDHRA PRADESH,india
Kollipara,522304,GUNTUR,ANDHRA PRADESH,india
Pinapad Tenali,522202,GUNTUR,ANDHRA PRADESH,india
Railpeta Repale,522265,Bapatla,ANDHRA PRADESH,india
Sangamjagarlamudi,522213,GUNTUR,ANDHRA PRADESH,india
Satyanarayanapuram,522202,GUNTUR,ANDHRA PRADESH,india
Civil Coursts,520002,NTR,ANDHRA PRADESH,india
Kankipadu,521151,KRISHNA,ANDHRA PRADESH,india
Krishnalanka,520013,NTR,ANDHRA PRADESH,india
Ramavarappadu,521108,NTR,ANDHRA PRADESH,india
Currency Nagar,520008,NTR,ANDHRA PRADESH,india
A.Konduru,521226,NTR,ANDHRA PRADESH,india
Akunuru,521245,KRISHNA,ANDHRA PRADESH,india
Bhavanipuram,520012,NTR,ANDHRA PRADESH,india
Gannavaram,521101,KRISHNA,ANDHRA PRADESH,india
Khambhampadu,521227,NTR,ANDHRA PRADESH,india
Mylavaram,521230,NTR,ANDHRA PRADESH,india
Nandigama,521185,NTR,ANDHRA PRADESH,india
Purnanandampet,520003,NTR,ANDHRA PRADESH,india
Railway Wagon Work Shop,521241,KRISHNA,ANDHRA PRADESH,india
VTPS,521456,NTR,ANDHRA PRADESH,india
NDC VIJAYAWADA,521224,KRISHNA,ANDHRA PRADESH,india
Mukteswaram,533211,Konaseema,ANDHRA PRADESH,india
Mummidivaram,533216,Konaseema,ANDHRA PRADESH,india
New Colony,533201,Konaseema,ANDHRA PRADESH,india
Pulletikurru,533239,Konaseema,ANDHRA PRADESH,india
Vilasa,533577,Konaseema,ANDHRA PRADESH,india
Gopalapuram,533274,Konaseema,ANDHRA PRADESH,india
Palivela,533229,EAST GODAVARI,ANDHRA PRADESH,india
Tatipaka,533249,Konaseema,ANDHRA PRADESH,india
Araku Rs,531151,VISAKHAPATANAM,ANDHRA PRADESH,india
K Kotapadu,531034,Anakapalli,ANDHRA PRADESH,india
Nidanam Doddi,531002,VISAKHAPATANAM,ANDHRA PRADESH,india
Payakaraopeta,531126,Anakapalli,ANDHRA PRADESH,india
S Rayavaram,531060,Anakapalli,ANDHRA PRADESH,india
Kd Peta,531084,VISAKHAPATANAM,ANDHRA PRADESH,india
Kotauratla,531085,VISAKHAPATANAM,ANDHRA PRADESH,india
Kothakota,531114,Anakapalli,ANDHRA PRADESH,india
Pedabayalu,531040,VISAKHAPATANAM,ANDHRA PRADESH,india
Vaddadi,531026,Anakapalli,ANDHRA PRADESH,india
Engg.College,533003,Kakinada,ANDHRA PRADESH,india
Gandhinagar,533004,Kakinada,ANDHRA PRADESH,india
Govt.Gen Hospital,533001,EAST GODAVARI,ANDHRA PRADESH,india
Karapa,533462,Kakinada,ANDHRA PRADESH,india
Ramaraopet,533004,EAST GODAVARI,ANDHRA PRADESH,india
Pedapudi,533460,Kakinada,ANDHRA PRADESH,india
Addatigala,533428,Alluri Sitharama Raju,ANDHRA PRADESH,india
Ammajipeta,533401,EAST GODAVARI,ANDHRA PRADESH,india
Chebrolu,533449,Kakinada,ANDHRA PRADESH,india
Thondangi,533408,Kakinada,ANDHRA PRADESH,india
Tuni Old Bazar,533401,EAST GODAVARI,ANDHRA PRADESH,india
Y .Ramavaram,533483,Alluri Sitharama Raju,ANDHRA PRADESH,india
Tatiparthi,533451,EAST GODAVARI,ANDHRA PRADESH,india
Bobbili Bazar,535573,VIZIANAGARAM,ANDHRA PRADESH,india
Piridi,535568,VIZIANAGARAM,ANDHRA PRADESH,india
Ramabhadrapuram,535579,VIZIANAGARAM,ANDHRA PRADESH,india
Salur,535591,Parvathipuram Manyam,ANDHRA PRADESH,india
Seethanagaram,535546,Parvathipuram Manyam,ANDHRA PRADESH,india
Shreeramnagar Ind.Colony,535101,VIZIANAGARAM,ANDHRA PRADESH,india
Garugubilli,535463,Parvathipuram Manyam,ANDHRA PRADESH,india
Jagannadhapuram,535501,Parvathipuram Manyam,ANDHRA PRADESH,india
Mondemkhallu,535534,Parvathipuram Manyam,ANDHRA PRADESH,india
Neelanagaram,532462,Parvathipuram Manyam,ANDHRA PRADESH,india
Palakonda,532440,Parvathipuram Manyam,ANDHRA PRADESH,india
Ravivalasa,535525,Parvathipuram Manyam,ANDHRA PRADESH,india
Aryapuram,533104,EAST GODAVARI,ANDHRA PRADESH,india
Gandepalli,533297,Kakinada,ANDHRA PRADESH,india
Korukonda,533289,EAST GODAVARI,ANDHRA PRADESH,india
Maredumilli,533295,Alluri Sitharama Raju,ANDHRA PRADESH,india
Prakasamnagar,533106,EAST GODAVARI,ANDHRA PRADESH,india
Syamalanagar,533103,EAST GODAVARI,ANDHRA PRADESH,india
Torredu,533293,EAST GODAVARI,ANDHRA PRADESH,india
Trunk Road Junction,533105,EAST GODAVARI,ANDHRA PRADESH,india
Weavers Colony,533105,EAST GODAVARI,ANDHRA PRADESH,india
V.R. PURAM,533349,Alluri Sitharama Raju,ANDHRA PRADESH,india
Draksharamam,533262,Konaseema,ANDHRA PRADESH,india
Mandapeta Bazar,533308,Konaseema,ANDHRA PRADESH,india
Ramachandrapuram Old Town,533256,Konaseema,ANDHRA PRADESH,india
Tapeswaram,533340,Konaseema,ANDHRA PRADESH,india
Yeditha,533234,Konaseema,ANDHRA PRADESH,india
Korasavada,532214,SRIKAKULAM,ANDHRA PRADESH,india
Narasannapeta,532421,SRIKAKULAM,ANDHRA PRADESH,india
Priyagraharam,532430,SRIKAKULAM,ANDHRA PRADESH,india
Tilaru RS,532474,SRIKAKULAM,ANDHRA PRADESH,india
Srikakulam Town,532001,SRIKAKULAM,ANDHRA PRADESH,india
Srikurmam,532404,SRIKAKULAM,ANDHRA PRADESH,india
Kanchili,532290,SRIKAKULAM,ANDHRA PRADESH,india
Kasibugga,532222,SRIKAKULAM,ANDHRA PRADESH,india
Kaviti,532322,SRIKAKULAM,ANDHRA PRADESH,india
Ms Palli,532291,SRIKAKULAM,ANDHRA PRADESH,india
Naupada RS,532212,SRIKAKULAM,ANDHRA PRADESH,india
Sompeta,532284,SRIKAKULAM,ANDHRA PRADESH,india
Dwarakanagar,530016,VISAKHAPATANAM,ANDHRA PRADESH,india
Govt Dairy Farm,530040,VISAKHAPATANAM,ANDHRA PRADESH,india
M.V.P.Colony,530017,VISAKHAPATANAM,ANDHRA PRADESH,india
Maharanipeta,530002,VISAKHAPATANAM,ANDHRA PRADESH,india
P and T Colony,530013,VISAKHAPATANAM,ANDHRA PRADESH,india
Malkapuram,530011,VISAKHAPATANAM,ANDHRA PRADESH,india
Naval Dock Yard,530014,VISAKHAPATANAM,ANDHRA PRADESH,india
Vepagunta,530047,VISAKHAPATANAM,ANDHRA PRADESH,india
VM Steel Projrct Town Ship,530032,VISAKHAPATANAM,ANDHRA PRADESH,india
Apsp Quarters,535005,VIZIANAGARAM,ANDHRA PRADESH,india
Bonangi,535160,VIZIANAGARAM,ANDHRA PRADESH,india
Jami,535250,VISAKHAPATANAM,ANDHRA PRADESH,india
Pusapatirega,535204,VIZIANAGARAM,ANDHRA PRADESH,india
Ramathirtam,535218,VIZIANAGARAM,ANDHRA PRADESH,india
Vepada,535281,VIZIANAGARAM,ANDHRA PRADESH,india
Pinnapuram,518112,Nandyal,ANDHRA PRADESH,india
Giddalur,518166,Nandyal,ANDHRA PRADESH,india
Durvesi,518511,Nandyal,ANDHRA PRADESH,india
Kondajutur,518511,Nandyal,ANDHRA PRADESH,india
Kaminenipalle,518563,Nandyal,ANDHRA PRADESH,india
R.Jammuladinne,518155,Nandyal,ANDHRA PRADESH,india
Thudumaladinne,518155,Nandyal,ANDHRA PRADESH,india
Jeenepalle,518573,Nandyal,ANDHRA PRADESH,india
Rajanagaram,518573,Nandyal,ANDHRA PRADESH,india
Bathalur,518510,Nandyal,ANDHRA PRADESH,india
Venkatapuram,518510,Nandyal,ANDHRA PRADESH,india
MKambaladinne,516433,Y.S.R.,ANDHRA PRADESH,india
Nawabpeta,516433,Y.S.R.,ANDHRA PRADESH,india
Errapalle,516175,Y.S.R.,ANDHRA PRADESH,india
Venkupalle,516175,Y.S.R.,ANDHRA PRADESH,india
Potladurthi,516361,Y.S.R.,ANDHRA PRADESH,india
Gopavaram,516361,Y.S.R.,ANDHRA PRADESH,india
Gandikota,516434,Y.S.R.,ANDHRA PRADESH,india
Kondasunkesula,516434,Y.S.R.,ANDHRA PRADESH,india
Papayapalle,516434,Y.S.R.,ANDHRA PRADESH,india
Peddandlur,516434,Y.S.R.,ANDHRA PRADESH,india
Thippireddipalle,516355,Y.S.R.,ANDHRA PRADESH,india
Maduru,516362,Y.S.R.,ANDHRA PRADESH,india
Meenapuram,516362,Y.S.R.,ANDHRA PRADESH,india
Upparapalle,516362,Y.S.R.,ANDHRA PRADESH,india
Yerraguntlapalle,516362,Y.S.R.,ANDHRA PRADESH,india
Tanguturu,516359,Y.S.R.,ANDHRA PRADESH,india
Chintakunta,516380,Y.S.R.,ANDHRA PRADESH,india
K Kothapalle,516380,Y.S.R.,ANDHRA PRADESH,india
Bhadripalle,516172,Y.S.R.,ANDHRA PRADESH,india
Krishnapuram,516172,Y.S.R.,ANDHRA PRADESH,india
Nandyalampeta,516172,Y.S.R.,ANDHRA PRADESH,india
Obulareddypeta,516172,Y.S.R.,ANDHRA PRADESH,india
Sankatithimmayapalle,516172,Y.S.R.,ANDHRA PRADESH,india
Siddareddypalle,516172,Y.S.R.,ANDHRA PRADESH,india
Mittamanipalle,516173,Y.S.R.,ANDHRA PRADESH,india
Jangalapalle,516411,Y.S.R.,ANDHRA PRADESH,india
Chinnaventhurla,516432,Y.S.R.,ANDHRA PRADESH,india
Ramachandrayapalle,516432,Y.S.R.,ANDHRA PRADESH,india
Krishnamgaripalle,516421,Y.S.R.,ANDHRA PRADESH,india
Palur,516421,Y.S.R.,ANDHRA PRADESH,india
Bojjayapalle,516484,Y.S.R.,ANDHRA PRADESH,india
Dondlavagu,516484,Y.S.R.,ANDHRA PRADESH,india
Apparaopalle,516289,Y.S.R.,ANDHRA PRADESH,india
Appayapalle,516289,Y.S.R.,ANDHRA PRADESH,india
C Gopalapuram,516289,Y.S.R.,ANDHRA PRADESH,india
Chinnacheppalle,516289,Y.S.R.,ANDHRA PRADESH,india
Gangavaram,516289,Y.S.R.,ANDHRA PRADESH,india
Kuppuruvaripalle,516289,Y.S.R.,ANDHRA PRADESH,india
Settivaripalle,516444,Y.S.R.,ANDHRA PRADESH,india
Chinnakudala,516396,Y.S.R.,ANDHRA PRADESH,india
Gunakanapalle,516396,Y.S.R.,ANDHRA PRADESH,india
Karnapapayapalle,516396,Y.S.R.,ANDHRA PRADESH,india
Diguvathuvvapalle,516218,Y.S.R.,ANDHRA PRADESH,india
Gondipalle,516218,Y.S.R.,ANDHRA PRADESH,india
Vellatur,516216,Y.S.R.,ANDHRA PRADESH,india
Chintalajutur,516391,Y.S.R.,ANDHRA PRADESH,india
Peddajutur,516391,Y.S.R.,ANDHRA PRADESH,india
Agraharam,516454,Y.S.R.,ANDHRA PRADESH,india
B Cherlopalle,516454,Y.S.R.,ANDHRA PRADESH,india
Bidinamcherla,516454,Y.S.R.,ANDHRA PRADESH,india
Himakunta,516454,Y.S.R.,ANDHRA PRADESH,india
Kasanur,516454,Y.S.R.,ANDHRA PRADESH,india
Kathalur,516350,Y.S.R.,ANDHRA PRADESH,india
Kuppalapalle,516350,Y.S.R.,ANDHRA PRADESH,india
Nagoor,516350,Y.S.R.,ANDHRA PRADESH,india
Eturu,516474,Y.S.R.,ANDHRA PRADESH,india
K Sugumanchipalle,516474,Y.S.R.,ANDHRA PRADESH,india
Mallela,516401,Y.S.R.,ANDHRA PRADESH,india
Tappetla,516293,Y.S.R.,ANDHRA PRADESH,india
Palagiri,516321,Y.S.R.,ANDHRA PRADESH,india
Chagaleru,516349,Y.S.R.,ANDHRA PRADESH,india
Gondipalle,516349,Y.S.R.,ANDHRA PRADESH,india
Kanamakindikottala,516349,Y.S.R.,ANDHRA PRADESH,india
Mabbuchintalapalle,516349,Y.S.R.,ANDHRA PRADESH,india
Velpula,516349,Y.S.R.,ANDHRA PRADESH,india
Chitticherla,517194,Tirupati,ANDHRA PRADESH,india
Nadimkandriga,517305,Annamayya,ANDHRA PRADESH,india
Cheruvumundarapalle,517193,Tirupati,ANDHRA PRADESH,india
T.Sattevaripalle,517193,Tirupati,ANDHRA PRADESH,india
Gandaboyanapalle,517277,Annamayya,ANDHRA PRADESH,india
Mugalamarrikothapalle,517277,Annamayya,ANDHRA PRADESH,india
Vedagirivaripalle,517152,CHITTOOR,ANDHRA PRADESH,india
Papepalle,517297,Annamayya,ANDHRA PRADESH,india
Sarimadugu,517297,Annamayya,ANDHRA PRADESH,india
Jangampalle,517213,CHITTOOR,ANDHRA PRADESH,india
Kuppamvandlapalle,517213,CHITTOOR,ANDHRA PRADESH,india
T.Sandravaripalle,517213,CHITTOOR,ANDHRA PRADESH,india
Vagalla,517213,CHITTOOR,ANDHRA PRADESH,india
Kona,517236,Annamayya,ANDHRA PRADESH,india
Guttapalem,517234,CHITTOOR,ANDHRA PRADESH,india
Kaamireddivaripalle,517234,CHITTOOR,ANDHRA PRADESH,india
Kalikiri Kothapalle,517234,CHITTOOR,ANDHRA PRADESH,india
Kanduru,517234,CHITTOOR,ANDHRA PRADESH,india
Valligatla,517234,CHITTOOR,ANDHRA PRADESH,india
V.P.V.Kothapalle,517113,CHITTOOR,ANDHRA PRADESH,india
Mudiyamvaripalle,517235,Annamayya,ANDHRA PRADESH,india
Nawabpet,517235,Annamayya,ANDHRA PRADESH,india
Pulicherla,517172,CHITTOOR,ANDHRA PRADESH,india
Budithavedu,517237,CHITTOOR,ANDHRA PRADESH,india
Ranganathapuram,517237,CHITTOOR,ANDHRA PRADESH,india
Chittipiralla,517112,CHITTOOR,ANDHRA PRADESH,india
Pakala Kothakota,517112,CHITTOOR,ANDHRA PRADESH,india
Pothukanuma,517112,CHITTOOR,ANDHRA PRADESH,india
Bandakindapalle,517214,CHITTOOR,ANDHRA PRADESH,india
Gudarevupalle,517214,Annamayya,ANDHRA PRADESH,india
Jandla,517214,Annamayya,ANDHRA PRADESH,india
Kondreddigaripalle,517214,Annamayya,ANDHRA PRADESH,india
Palamgadda,517214,Annamayya,ANDHRA PRADESH,india
Indiramma Colony GP,517214,CHITTOOR,ANDHRA PRADESH,india
Ramapuram,517291,Annamayya,ANDHRA PRADESH,india
Settivaripalle,517291,Annamayya,ANDHRA PRADESH,india
Jarravaripalle,517299,Annamayya,ANDHRA PRADESH,india
Chodavaram,517536,Tirupati,ANDHRA PRADESH,india
Kasaram,517536,Tirupati,ANDHRA PRADESH,india
Pallamala,517645,Tirupati,ANDHRA PRADESH,india
Satravada,517592,CHITTOOR,ANDHRA PRADESH,india
Terani,517592,CHITTOOR,ANDHRA PRADESH,india
Annur,517582,CHITTOOR,ANDHRA PRADESH,india
Chinnadoravarikandriga,517582,CHITTOOR,ANDHRA PRADESH,india
Udamalakudithi,517582,CHITTOOR,ANDHRA PRADESH,india
G.S.T.Centre,517644,CHITTOOR,ANDHRA PRADESH,india
Adaram,517643,Tirupati,ANDHRA PRADESH,india
M.A.Rajulakandriga,517643,Tirupati,ANDHRA PRADESH,india
Suramala,517643,Tirupati,ANDHRA PRADESH,india
Beerakuppam,517589,Tirupati,ANDHRA PRADESH,india
Rajanagaram,517589,Tirupati,ANDHRA PRADESH,india
Pudupet,517590,CHITTOOR,ANDHRA PRADESH,india
Kemparapalem,517581,Tirupati,ANDHRA PRADESH,india
Kalavagunta,517620,Tirupati,ANDHRA PRADESH,india
Velampadu,517620,Tirupati,ANDHRA PRADESH,india
Sri Sukabrahmasramam,517640,Tirupati,ANDHRA PRADESH,india
Upanishadvihar,517640,Tirupati,ANDHRA PRADESH,india
Jambada,517586,CHITTOOR,ANDHRA PRADESH,india
Pudi,517642,CHITTOOR,ANDHRA PRADESH,india
Velur,517587,Tirupati,ANDHRA PRADESH,india
Bandarupalle,517641,Tirupati,ANDHRA PRADESH,india
Bokkasampalem,517641,Tirupati,ANDHRA PRADESH,india
Pandur,517541,CHITTOOR,ANDHRA PRADESH,india
Talarivettu,517541,CHITTOOR,ANDHRA PRADESH,india
Kandadu,517619,Tirupati,ANDHRA PRADESH,india
Krishnapuram,517619,Tirupati,ANDHRA PRADESH,india
Kannikapuram,517561,Tirupati,ANDHRA PRADESH,india
Kuppam Badur,517561,Tirupati,ANDHRA PRADESH,india
Mambedu,517569,CHITTOOR,ANDHRA PRADESH,india
Nallavenganapalli,517569,CHITTOOR,ANDHRA PRADESH,india
Thirumalayapalli,517569,CHITTOOR,ANDHRA PRADESH,india
Vedurukuppam,517569,CHITTOOR,ANDHRA PRADESH,india
Chellur,517526,Tirupati,ANDHRA PRADESH,india
Perur,517505,Tirupati,ANDHRA PRADESH,india
Karakambadi,517520,Tirupati,ANDHRA PRADESH,india
Thukivakam,517520,Tirupati,ANDHRA PRADESH,india
Tarakarama Nagar,517520,CHITTOOR,ANDHRA PRADESH,india
S.V.Arts College,517502,CHITTOOR,ANDHRA PRADESH,india
R.T.C.Bus Stand,517501,CHITTOOR,ANDHRA PRADESH,india
Chiguruvada,517508,Tirupati,ANDHRA PRADESH,india
Applayagunta,517551,Tirupati,ANDHRA PRADESH,india
S.V.R.Pet,517551,Tirupati,ANDHRA PRADESH,india
Apparaopeta,534235,WEST GODAVARI,ANDHRA PRADESH,india
Pedakapavaram,534235,WEST GODAVARI,ANDHRA PRADESH,india
Navuduru,534238,WEST GODAVARI,ANDHRA PRADESH,india
Lakshminarayanapuram,534209,WEST GODAVARI,ANDHRA PRADESH,india
Kumudavalli,534210,WEST GODAVARI,ANDHRA PRADESH,india
Madugupolavaram,534240,WEST GODAVARI,ANDHRA PRADESH,india
Toleru,534247,WEST GODAVARI,ANDHRA PRADESH,india
Komarada,534208,WEST GODAVARI,ANDHRA PRADESH,india
Bethapudi,534207,WEST GODAVARI,ANDHRA PRADESH,india
Pedagaruvu,534207,WEST GODAVARI,ANDHRA PRADESH,india
Cherukuwada,534199,WEST GODAVARI,ANDHRA PRADESH,india
Sivadevunichikkala,534245,WEST GODAVARI,ANDHRA PRADESH,india
Military Colony,534236,WEST GODAVARI,ANDHRA PRADESH,india
Bhatlamaguturu,534126,WEST GODAVARI,ANDHRA PRADESH,india
Abbiraju Palem,534266,WEST GODAVARI,ANDHRA PRADESH,india
Narinameraka,534266,WEST GODAVARI,ANDHRA PRADESH,india
Ellamanchili Lanka,534268,WEST GODAVARI,ANDHRA PRADESH,india
Siragala Palli,534268,WEST GODAVARI,ANDHRA PRADESH,india
A.Vemavaram,534267,WEST GODAVARI,ANDHRA PRADESH,india
Pemmaraju Polavaram,534338,WEST GODAVARI,ANDHRA PRADESH,india
Karugorumilli,534269,WEST GODAVARI,ANDHRA PRADESH,india
Valluru,534269,WEST GODAVARI,ANDHRA PRADESH,india
Dagguluru,534250,WEST GODAVARI,ANDHRA PRADESH,india
Agarru,534250,WEST GODAVARI,ANDHRA PRADESH,india
Mutyalapalli,534281,WEST GODAVARI,ANDHRA PRADESH,india
Perupalem,534281,WEST GODAVARI,ANDHRA PRADESH,india
Turputallu,534280,WEST GODAVARI,ANDHRA PRADESH,india
Skinnerapuram,534230,WEST GODAVARI,ANDHRA PRADESH,india
K.Samudrapugattu,534134,WEST GODAVARI,ANDHRA PRADESH,india
Seethalm Kondepadu,534134,Eluru,ANDHRA PRADESH,india
Dongaravipalem,534330,WEST GODAVARI,ANDHRA PRADESH,india
Vadluru,534218,WEST GODAVARI,ANDHRA PRADESH,india
East Vipparru,534328,WEST GODAVARI,ANDHRA PRADESH,india
Gummampadu,534225,WEST GODAVARI,ANDHRA PRADESH,india
Nadipudi,534326,WEST GODAVARI,ANDHRA PRADESH,india
Pittalavemavarm,534324,WEST GODAVARI,ANDHRA PRADESH,india
Veerabhadrapuram,534222,WEST GODAVARI,ANDHRA PRADESH,india
Komadavole,534004,Eluru,ANDHRA PRADESH,india
Prathikollanka,534004,Eluru,ANDHRA PRADESH,india
Medinaraopalem,534432,Eluru,ANDHRA PRADESH,india
Sriramvaram,534432,Eluru,ANDHRA PRADESH,india
Gangannagudem,534450,Eluru,ANDHRA PRADESH,india
Gudipadu,534437,Eluru,ANDHRA PRADESH,india
Satyavole,534437,Eluru,ANDHRA PRADESH,india
Vadddigudem,534437,Eluru,ANDHRA PRADESH,india
Vasanthavada,534437,Eluru,ANDHRA PRADESH,india
Ankannagudem,534003,Eluru,ANDHRA PRADESH,india
Malkapuram,534002,Eluru,ANDHRA PRADESH,india
Kavvagunta,534475,Eluru,ANDHRA PRADESH,india
Nadipally,534475,Eluru,ANDHRA PRADESH,india
Doramamidi,534448,Eluru,ANDHRA PRADESH,india
Mettagudem,534448,Eluru,ANDHRA PRADESH,india
Ramannagudem,534448,Eluru,ANDHRA PRADESH,india
Recherla,534460,Eluru,ANDHRA PRADESH,india
Ganapavaram,534444,Eluru,ANDHRA PRADESH,india
Bhogole,534462,Eluru,ANDHRA PRADESH,india
Akkampeta,534455,Eluru,ANDHRA PRADESH,india
Challavarigudem,534455,Eluru,ANDHRA PRADESH,india
Maisannagudem,534455,Eluru,ANDHRA PRADESH,india
Marlagudem,534455,Eluru,ANDHRA PRADESH,india
Darbhagudem,534456,Eluru,ANDHRA PRADESH,india
P.Ankampalem,534456,Eluru,ANDHRA PRADESH,india
P.Rajavaram,534456,Eluru,ANDHRA PRADESH,india
Ratsannagudem,534456,Eluru,ANDHRA PRADESH,india
Tatiyakulagudem,534456,Eluru,ANDHRA PRADESH,india
Jeelakarragudem,534449,Eluru,ANDHRA PRADESH,india
Uppalapadu,534449,Eluru,ANDHRA PRADESH,india
Kamaiahkunta,534311,Eluru,ANDHRA PRADESH,india
Kandrikagudem,534311,Eluru,ANDHRA PRADESH,india
Koyarajahmundry,534311,Eluru,ANDHRA PRADESH,india
Atchuthapuram,534312,Eluru,ANDHRA PRADESH,india
Dippakayalapadu,534312,Eluru,ANDHRA PRADESH,india
Ponguturu,534312,Eluru,ANDHRA PRADESH,india
Devulapalli,534451,Eluru,ANDHRA PRADESH,india
Tedlam,534461,Eluru,ANDHRA PRADESH,india
Yerrampally,534461,Eluru,ANDHRA PRADESH,india
Jaggavaram,534467,Eluru,ANDHRA PRADESH,india
Koppulavarigudem,534435,Eluru,ANDHRA PRADESH,india
Sagipadu,534452,Eluru,ANDHRA PRADESH,india
T.Gokavaram,534452,Eluru,ANDHRA PRADESH,india
Nuzella,521330,KRISHNA,ANDHRA PRADESH,india
Tativarru,521322,KRISHNA,ANDHRA PRADESH,india
Ilaparru,521321,KRISHNA,ANDHRA PRADESH,india
Nandivada,521321,KRISHNA,ANDHRA PRADESH,india
Atapaka,521333,Eluru,ANDHRA PRADESH,india
Konduru,521333,Eluru,ANDHRA PRADESH,india
Kondangi,521344,Eluru,ANDHRA PRADESH,india
Lodidalanka,521344,Eluru,ANDHRA PRADESH,india
Santhoshapuram,521344,Eluru,ANDHRA PRADESH,india
Devapudi,521343,Eluru,ANDHRA PRADESH,india
Prodduvaka,521343,Eluru,ANDHRA PRADESH,india
Chigurukota,521345,Eluru,ANDHRA PRADESH,india
Perekegudem,521345,Eluru,ANDHRA PRADESH,india
Chowtapalli,521323,KRISHNA,ANDHRA PRADESH,india
Guntakoduru,521323,KRISHNA,ANDHRA PRADESH,india
Pedapalaparru,521323,Eluru,ANDHRA PRADESH,india
K.P.Agraharam,521325,KRISHNA,ANDHRA PRADESH,india
Peyyeru,521325,Eluru,ANDHRA PRADESH,india
Alapadu R.S.,521340,Eluru,ANDHRA PRADESH,india
Korraguntapalem,521329,Eluru,ANDHRA PRADESH,india
Singarayapalem,521329,Eluru,ANDHRA PRADESH,india
Urivi,521329,KRISHNA,ANDHRA PRADESH,india
Vaivaka,521329,Eluru,ANDHRA PRADESH,india
Nandigamalanka,521326,Eluru,ANDHRA PRADESH,india
Anamanapudi,521327,KRISHNA,ANDHRA PRADESH,india
Dandiganapudi,521327,KRISHNA,ANDHRA PRADESH,india
Bhushanagulla,521263,KRISHNA,ANDHRA PRADESH,india
Billanapalli,521111,KRISHNA,ANDHRA PRADESH,india
Sitaramapuram,521105,Eluru,ANDHRA PRADESH,india
Lankapalli Agraharam,521311,Eluru,ANDHRA PRADESH,india
Arugolanu,521106,KRISHNA,ANDHRA PRADESH,india
Ramannagudem,521106,KRISHNA,ANDHRA PRADESH,india
Tippanagunta,521106,KRISHNA,ANDHRA PRADESH,india
Balive,521207,Eluru,ANDHRA PRADESH,india
Chittapur,521213,Eluru,ANDHRA PRADESH,india
Chinnampet,521214,Eluru,ANDHRA PRADESH,india
Krishnaraopalem,521214,Eluru,ANDHRA PRADESH,india
Annaraopet,521215,NTR,ANDHRA PRADESH,india
Muchinapalli,521215,NTR,ANDHRA PRADESH,india
Telladevarapalli,521215,NTR,ANDHRA PRADESH,india
Kothapalli,521403,NTR,ANDHRA PRADESH,india
Gullapudi,521403,NTR,ANDHRA PRADESH,india
Tunikipadu,521401,NTR,ANDHRA PRADESH,india
Chintalanerva,521401,NTR,ANDHRA PRADESH,india
Satyalapadu,521401,NTR,ANDHRA PRADESH,india
Vutukuru,521401,NTR,ANDHRA PRADESH,india
Kadagunta,524404,Tirupati,ANDHRA PRADESH,india
Kayyur,524404,Tirupati,ANDHRA PRADESH,india
Matumadugu,524404,Tirupati,ANDHRA PRADESH,india
Nadimpalli,524404,Tirupati,ANDHRA PRADESH,india
Pigilam,524404,Tirupati,ANDHRA PRADESH,india
Thurpu Kambampadu,524341,SPSR NELLORE,ANDHRA PRADESH,india
Vindur,524406,Tirupati,ANDHRA PRADESH,india
Ballavolu,524412,Tirupati,ANDHRA PRADESH,india
Chintavaram,524412,Tirupati,ANDHRA PRADESH,india
Varagali,524412,Tirupati,ANDHRA PRADESH,india
Chapalapalli,524134,Tirupati,ANDHRA PRADESH,india
Mopur,524134,Tirupati,ANDHRA PRADESH,india
Gonupalli,524414,SPSR NELLORE,ANDHRA PRADESH,india
Yepur,524414,SPSR NELLORE,ANDHRA PRADESH,india
Gottikadu,524131,SPSR NELLORE,ANDHRA PRADESH,india
Hastakaveri,524131,SPSR NELLORE,ANDHRA PRADESH,india
Mannur,524131,SPSR NELLORE,ANDHRA PRADESH,india
Kandra,524131,SPSR NELLORE,ANDHRA PRADESH,india
Kondagunta,524131,SPSR NELLORE,ANDHRA PRADESH,india
Duggunta,524409,SPSR NELLORE,ANDHRA PRADESH,india
Griddalur,524409,SPSR NELLORE,ANDHRA PRADESH,india
Inukurthi,524409,SPSR NELLORE,ANDHRA PRADESH,india
Turimerla,524409,SPSR NELLORE,ANDHRA PRADESH,india
Chintalapalem,524343,SPSR NELLORE,ANDHRA PRADESH,india
Chintalatmakur,524343,SPSR NELLORE,ANDHRA PRADESH,india
Kanupurpalli,524343,SPSR NELLORE,ANDHRA PRADESH,india
Pedavanjivaka,524411,Tirupati,ANDHRA PRADESH,india
Polireddipalem,524123,Tirupati,ANDHRA PRADESH,india
Chinnathota,524403,Tirupati,ANDHRA PRADESH,india
Karikadu,524403,Tirupati,ANDHRA PRADESH,india
Raviguntapalem,524403,Tirupati,ANDHRA PRADESH,india
Thirumur,524403,Tirupati,ANDHRA PRADESH,india
Vallamedu,524403,Tirupati,ANDHRA PRADESH,india
Bandepalli,524405,SPSR NELLORE,ANDHRA PRADESH,india
Cherukumudi,524405,SPSR NELLORE,ANDHRA PRADESH,india
Bheemavaram,524421,Tirupati,ANDHRA PRADESH,india
Bhyravaram,524421,Tirupati,ANDHRA PRADESH,india
Palachur,524421,Tirupati,ANDHRA PRADESH,india
Punnepalli,524421,Tirupati,ANDHRA PRADESH,india
Kanururajupalem,524126,SPSR NELLORE,ANDHRA PRADESH,india
Ipuru,524323,SPSR NELLORE,ANDHRA PRADESH,india
Jeelapatur,524129,Tirupati,ANDHRA PRADESH,india
Kanuparthi,524345,SPSR NELLORE,ANDHRA PRADESH,india
Navur,524345,SPSR NELLORE,ANDHRA PRADESH,india
Venkatapuram,524345,SPSR NELLORE,ANDHRA PRADESH,india
Yetur,524345,SPSR NELLORE,ANDHRA PRADESH,india
Pernadu,524124,Tirupati,ANDHRA PRADESH,india
Velagalaponnur,524121,Tirupati,ANDHRA PRADESH,india
Jogipalli,524407,SPSR NELLORE,ANDHRA PRADESH,india
Kasipuram,524415,Tirupati,ANDHRA PRADESH,india
Valamedu,524415,Tirupati,ANDHRA PRADESH,india
Chowtapalem,524320,SPSR NELLORE,ANDHRA PRADESH,india
Dontali,524320,SPSR NELLORE,ANDHRA PRADESH,india
Palicherlapadu,524320,SPSR NELLORE,ANDHRA PRADESH,india
Palemkota,524132,Tirupati,ANDHRA PRADESH,india
Gudali,524413,Tirupati,ANDHRA PRADESH,india
Kothapalem,524413,Tirupati,ANDHRA PRADESH,india
Vallipedu,524413,Tirupati,ANDHRA PRADESH,india
Bathulapalli,524309,SPSR NELLORE,ANDHRA PRADESH,india
Mohammadapuram,524309,SPSR NELLORE,ANDHRA PRADESH,india
Chilamanchenu,524402,SPSR NELLORE,ANDHRA PRADESH,india
Peddapariya,524402,SPSR NELLORE,ANDHRA PRADESH,india
Ravipadu,522015,GUNTUR,ANDHRA PRADESH,india
Ananthavarappadu,522017,GUNTUR,ANDHRA PRADESH,india
Chamallamudi,522017,GUNTUR,ANDHRA PRADESH,india
Lalpuram,522017,GUNTUR,ANDHRA PRADESH,india
Vengalayapalem,522005,GUNTUR,ANDHRA PRADESH,india
Rajupalem,522235,GUNTUR,ANDHRA PRADESH,india
Chowdavaram,522019,GUNTUR,ANDHRA PRADESH,india
Koyavaripalem,522019,GUNTUR,ANDHRA PRADESH,india
Didugu,522020,Palnadu,ANDHRA PRADESH,india
Harischandrapuram,522020,GUNTUR,ANDHRA PRADESH,india
Vykuntapuram,522020,Palnadu,ANDHRA PRADESH,india
Yerrabalem,522502,GUNTUR,ANDHRA PRADESH,india
Latchannagudipudi,522016,GUNTUR,ANDHRA PRADESH,india
Nevalikallu,522016,Palnadu,ANDHRA PRADESH,india
Koppuravuru,522508,GUNTUR,ANDHRA PRADESH,india
Gundimeda,522303,GUNTUR,ANDHRA PRADESH,india
Gollamudi,522509,GUNTUR,ANDHRA PRADESH,india
Atmakuru,522302,GUNTUR,ANDHRA PRADESH,india
Vaddeswaram,522302,GUNTUR,ANDHRA PRADESH,india
Penumaka,522501,GUNTUR,ANDHRA PRADESH,india
Abbarajupalem,522237,GUNTUR,ANDHRA PRADESH,india
Ainavolu,522237,GUNTUR,ANDHRA PRADESH,india
Velagapudi,522237,GUNTUR,ANDHRA PRADESH,india
Tondipaka,534444,Eluru,ANDHRA PRADESH,india
Mangampadu,533348,Alluri Sitharama Raju,ANDHRA PRADESH,india
Choppalli,533347,EAST GODAVARI,ANDHRA PRADESH,india
Purushottapatnam,533352,EAST GODAVARI,ANDHRA PRADESH,india
Pega,533352,EAST GODAVARI,ANDHRA PRADESH,india
G.KOTHAGUDEM.,533352,EAST GODAVARI,ANDHRA PRADESH,india
Yatapaka,533352,EAST GODAVARI,ANDHRA PRADESH,india
Murumuru,533351,Alluri Sitharama Raju,ANDHRA PRADESH,india
Katkuru,534444,Eluru,ANDHRA PRADESH,india
Koida,534444,Eluru,ANDHRA PRADESH,india
Sriramgiri,533349,Alluri Sitharama Raju,ANDHRA PRADESH,india
Vaddigudem,533349,Alluri Sitharama Raju,ANDHRA PRADESH,india
Aswaraopalem,521122,KRISHNA,ANDHRA PRADESH,india
Edlalanka,521122,KRISHNA,ANDHRA PRADESH,india
Vekanuru,521122,KRISHNA,ANDHRA PRADESH,india
Ghantasalapalem,521133,KRISHNA,ANDHRA PRADESH,india
Kanchakoduru,521150,KRISHNA,ANDHRA PRADESH,india
Mallampalli,521150,KRISHNA,ANDHRA PRADESH,india
Srikakulam,521132,KRISHNA,ANDHRA PRADESH,india
Pedaprolu,521125,KRISHNA,ANDHRA PRADESH,india
Bhavadevarapalli,521120,KRISHNA,ANDHRA PRADESH,india
Dd.Puram,521120,KRISHNA,ANDHRA PRADESH,india
Kammanamoulu,521120,KRISHNA,ANDHRA PRADESH,india
Sorlagondhi,521120,KRISHNA,ANDHRA PRADESH,india
T.Kothapalem,521120,KRISHNA,ANDHRA PRADESH,india
Elakurru,521156,KRISHNA,ANDHRA PRADESH,india
Mantripalem,521156,KRISHNA,ANDHRA PRADESH,india
Inampudi,521138,KRISHNA,ANDHRA PRADESH,india
Mallavolu,521162,KRISHNA,ANDHRA PRADESH,india
Ramannapet,521162,KRISHNA,ANDHRA PRADESH,india
Kanuru,521002,KRISHNA,ANDHRA PRADESH,india
Manginapudi,521002,KRISHNA,ANDHRA PRADESH,india
Yadlavanipalem,521002,KRISHNA,ANDHRA PRADESH,india
Jakkamcherla,521332,KRISHNA,ANDHRA PRADESH,india
Kavipuram,521331,KRISHNA,ANDHRA PRADESH,india
Penumalli,521369,KRISHNA,ANDHRA PRADESH,india
Satulru,521369,KRISHNA,ANDHRA PRADESH,india
Konkepudi,521366,KRISHNA,ANDHRA PRADESH,india
Mutcherla,521366,KRISHNA,ANDHRA PRADESH,india
Lingamukkapalle,522659,Palnadu,ANDHRA PRADESH,india
Murthuzapuram,522659,Palnadu,ANDHRA PRADESH,india
Annavaram,522616,GUNTUR,ANDHRA PRADESH,india
Pothavaram,522616,Palnadu,ANDHRA PRADESH,india
Uppalapadu,522616,Palnadu,ANDHRA PRADESH,india
Kakirala,522612,Palnadu,ANDHRA PRADESH,india
Obulesunipalle,522612,Palnadu,ANDHRA PRADESH,india
Patlaveedu,522612,Palnadu,ANDHRA PRADESH,india
Jaggapuram,522233,Palnadu,ANDHRA PRADESH,india
Angaluru,522658,Palnadu,ANDHRA PRADESH,india
Voppicherla,522614,Palnadu,ANDHRA PRADESH,india
KACHAVARAM,522614,Palnadu,ANDHRA PRADESH,india
Kattubadivaripalem,522611,Palnadu,ANDHRA PRADESH,india
Cheemalamarri,522615,Palnadu,ANDHRA PRADESH,india
Gundlapalle,522615,Palnadu,ANDHRA PRADESH,india
Karlakunta,522615,Palnadu,ANDHRA PRADESH,india
Narasingapadu,522615,Palnadu,ANDHRA PRADESH,india
Mupparajuvaripalem,522660,Palnadu,ANDHRA PRADESH,india
Pamidipadu,522660,Palnadu,ANDHRA PRADESH,india
Vetrayuni Appapuram,522660,Palnadu,ANDHRA PRADESH,india
Nagulavaram,522649,Palnadu,ANDHRA PRADESH,india
Kondaveedu,522529,Palnadu,ANDHRA PRADESH,india
Chagallu,522603,Palnadu,ANDHRA PRADESH,india
Reddipalem,522603,Palnadu,ANDHRA PRADESH,india
Arvapalli,522603,Palnadu,ANDHRA PRADESH,india
TURAKAPALEM,522603,Palnadu,ANDHRA PRADESH,india
Mathukumalli,522646,Palnadu,ANDHRA PRADESH,india
Sanampudi,522646,Palnadu,ANDHRA PRADESH,india
Velpuru,522646,Palnadu,ANDHRA PRADESH,india
Guntupalem,522646,Palnadu,ANDHRA PRADESH,india
IRLAPADU,522646,Palnadu,ANDHRA PRADESH,india
Gutlapalle,522657,Palnadu,ANDHRA PRADESH,india
Jalalapalem,522647,Palnadu,ANDHRA PRADESH,india
Jangalapalle,522647,Palnadu,ANDHRA PRADESH,india
Koppukonda,522647,Palnadu,ANDHRA PRADESH,india
Nadigadda,522647,Palnadu,ANDHRA PRADESH,india
Neelagangavaram,522647,Palnadu,ANDHRA PRADESH,india
Chamarru,522409,Palnadu,ANDHRA PRADESH,india
Tallacheruvu,522409,Palnadu,ANDHRA PRADESH,india
Chityala,522411,Palnadu,ANDHRA PRADESH,india
Perikapadu Thanda,522411,Palnadu,ANDHRA PRADESH,india
Tummalacheruvu,522437,Palnadu,ANDHRA PRADESH,india
Nadikudi,522414,Palnadu,ANDHRA PRADESH,india
Srinagar,522414,Palnadu,ANDHRA PRADESH,india
Jangamaheswarapuram,522415,Palnadu,ANDHRA PRADESH,india
Balemarru,522410,Palnadu,ANDHRA PRADESH,india
Voravakallu,522410,Palnadu,ANDHRA PRADESH,india
Rentapalla,522410,Palnadu,ANDHRA PRADESH,india
Pinnelli,522435,Palnadu,ANDHRA PRADESH,india
Kotturu,522426,Palnadu,ANDHRA PRADESH,india
Pasivemula,522426,Palnadu,ANDHRA PRADESH,india
Kattavaripalem,522438,Palnadu,ANDHRA PRADESH,india
Turakapalem,522438,GUNTUR,ANDHRA PRADESH,india
Velavarthipadu,522438,GUNTUR,ANDHRA PRADESH,india
Narnepadu,522408,Palnadu,ANDHRA PRADESH,india
Attaluru,522436,Palnadu,ANDHRA PRADESH,india
Jupudi,522436,Palnadu,ANDHRA PRADESH,india
Hussainnagaram,522402,Palnadu,ANDHRA PRADESH,india
Lingamguntla,522402,Palnadu,ANDHRA PRADESH,india
Kubadpuram,522413,Palnadu,ANDHRA PRADESH,india
Panditivaripalem,522413,Palnadu,ANDHRA PRADESH,india
DEVARAMPADU,522413,Palnadu,ANDHRA PRADESH,india
Mokkapadu,522412,Palnadu,ANDHRA PRADESH,india
Reddigudem,522412,Palnadu,ANDHRA PRADESH,india
Tondapi,522412,Palnadu,ANDHRA PRADESH,india
Bhrugubanda,522412,Palnadu,ANDHRA PRADESH,india
Kandulavaripalem,522412,Palnadu,ANDHRA PRADESH,india
Goli,522421,Palnadu,ANDHRA PRADESH,india
Manchikallu,522421,Palnadu,ANDHRA PRADESH,india
Paluvai,522421,Palnadu,ANDHRA PRADESH,india
Tummercode,522421,Palnadu,ANDHRA PRADESH,india
Gundalapadu,522613,Palnadu,ANDHRA PRADESH,india
Thimmareddipuram,522439,Palnadu,ANDHRA PRADESH,india
Alliguntapalem,524203,SPSR NELLORE,ANDHRA PRADESH,india
Rudrakota,524203,SPSR NELLORE,ANDHRA PRADESH,india
Annagaripalem,524203,SPSR NELLORE,ANDHRA PRADESH,india
Tallapalem,524203,SPSR NELLORE,ANDHRA PRADESH,india
Mungamuru,524142,SPSR NELLORE,ANDHRA PRADESH,india
Thurupurompi Dodla,524221,SPSR NELLORE,ANDHRA PRADESH,india
Isaka Damerla,524221,SPSR NELLORE,ANDHRA PRADESH,india
Narasimhapuram,524221,SPSR NELLORE,ANDHRA PRADESH,india
Chennuru,524240,SPSR NELLORE,ANDHRA PRADESH,india
Manubolupadu,524240,SPSR NELLORE,ANDHRA PRADESH,india
Kothapalli Kovurgunta,524152,SPSR NELLORE,ANDHRA PRADESH,india
Narrawada,524222,SPSR NELLORE,ANDHRA PRADESH,india
Thurpuboyamadugula,524236,SPSR NELLORE,ANDHRA PRADESH,india
Thimmasamudram,524223,SPSR NELLORE,ANDHRA PRADESH,india
Choudaripalem,524223,SPSR NELLORE,ANDHRA PRADESH,india
Nagasamudram,524224,SPSR NELLORE,ANDHRA PRADESH,india
Ramavarappadu,524239,SPSR NELLORE,ANDHRA PRADESH,india
Chinnamachanur,524230,SPSR NELLORE,ANDHRA PRADESH,india
Venkatampeta,524230,SPSR NELLORE,ANDHRA PRADESH,india
Ayyavaripalem,524310,SPSR NELLORE,ANDHRA PRADESH,india
Singareddipalli,524310,SPSR NELLORE,ANDHRA PRADESH,india
Devamma Cheruvu,524310,SPSR NELLORE,ANDHRA PRADESH,india
Balayapalli,524226,SPSR NELLORE,ANDHRA PRADESH,india
Kurrapalli,524226,SPSR NELLORE,ANDHRA PRADESH,india
Pullayapalli,524226,SPSR NELLORE,ANDHRA PRADESH,india
Chinna Kaniyampadu,524227,SPSR NELLORE,ANDHRA PRADESH,india
Kakolluvaripalli,524227,SPSR NELLORE,ANDHRA PRADESH,india
Thurupuchennampalli,524227,SPSR NELLORE,ANDHRA PRADESH,india
Chandrapadia,524228,SPSR NELLORE,ANDHRA PRADESH,india
Dubagunta-V,524228,SPSR NELLORE,ANDHRA PRADESH,india
Katepalli,524228,SPSR NELLORE,ANDHRA PRADESH,india
Nallagonda,524228,SPSR NELLORE,ANDHRA PRADESH,india
Yerikollu,524228,SPSR NELLORE,ANDHRA PRADESH,india
North Mopur,524315,SPSR NELLORE,ANDHRA PRADESH,india
Bommavaram,524302,SPSR NELLORE,ANDHRA PRADESH,india
Chilakalamarri,524302,SPSR NELLORE,ANDHRA PRADESH,india
Apparaopalem,524322,SPSR NELLORE,ANDHRA PRADESH,india
Depur,524322,SPSR NELLORE,ANDHRA PRADESH,india
Nagulapadu,524322,SPSR NELLORE,ANDHRA PRADESH,india
Kakupalli,524346,SPSR NELLORE,ANDHRA PRADESH,india
Madiraja Guduru,524346,SPSR NELLORE,ANDHRA PRADESH,india
Pottempadu,524346,SPSR NELLORE,ANDHRA PRADESH,india
Isakapalem,524305,SPSR NELLORE,ANDHRA PRADESH,india
Penuballi,524305,SPSR NELLORE,ANDHRA PRADESH,india
Chintareddypalem,524003,SPSR NELLORE,ANDHRA PRADESH,india
Kondayapalem-D,524003,SPSR NELLORE,ANDHRA PRADESH,india
Nellore Ceremic Factory,524003,SPSR NELLORE,ANDHRA PRADESH,india
Annareddypalem-D,524306,SPSR NELLORE,ANDHRA PRADESH,india
Padamatipalem,524306,SPSR NELLORE,ANDHRA PRADESH,india
Uppalapadu,524317,SPSR NELLORE,ANDHRA PRADESH,india
Kavali Yadavalli,524234,SPSR NELLORE,ANDHRA PRADESH,india
Gudipallipadu,524314,SPSR NELLORE,ANDHRA PRADESH,india
Aravedu,524307,SPSR NELLORE,ANDHRA PRADESH,india
Dharmarao Cheruvupalli,524307,SPSR NELLORE,ANDHRA PRADESH,india
Narampeta,524307,SPSR NELLORE,ANDHRA PRADESH,india
Chowkacherla,524316,SPSR NELLORE,ANDHRA PRADESH,india
Mudivarthi,524137,SPSR NELLORE,ANDHRA PRADESH,india
Gummalladibba,524137,SPSR NELLORE,ANDHRA PRADESH,india
Khaderpur,524312,SPSR NELLORE,ANDHRA PRADESH,india
Damayapalem,524344,SPSR NELLORE,ANDHRA PRADESH,india
Narikellapalli,524344,SPSR NELLORE,ANDHRA PRADESH,india
Koruturu,524313,SPSR NELLORE,ANDHRA PRADESH,india
Ramudupalem,524313,SPSR NELLORE,ANDHRA PRADESH,india
Somarajupalli,524313,SPSR NELLORE,ANDHRA PRADESH,india
Maneguntapadu,524366,SPSR NELLORE,ANDHRA PRADESH,india
Amani Chiruvella,524303,SPSR NELLORE,ANDHRA PRADESH,india
Kothapalli-R,524303,SPSR NELLORE,ANDHRA PRADESH,india
Chiramana,524308,SPSR NELLORE,ANDHRA PRADESH,india
Kondameedikondur,524308,SPSR NELLORE,ANDHRA PRADESH,india
Kuppurupadu,524308,SPSR NELLORE,ANDHRA PRADESH,india
Vasili,524308,SPSR NELLORE,ANDHRA PRADESH,india
Padamatikhambampadu,524300,SPSR NELLORE,ANDHRA PRADESH,india
Macherlavaripalem,524311,SPSR NELLORE,ANDHRA PRADESH,india
Mandapam,524311,SPSR NELLORE,ANDHRA PRADESH,india
Papireddypalem,524311,SPSR NELLORE,ANDHRA PRADESH,india
Pedur,524311,SPSR NELLORE,ANDHRA PRADESH,india
Thotapalli,524311,SPSR NELLORE,ANDHRA PRADESH,india
Varakavipadu,524311,SPSR NELLORE,ANDHRA PRADESH,india
Varigonda,524311,SPSR NELLORE,ANDHRA PRADESH,india
Vavilla,524318,SPSR NELLORE,ANDHRA PRADESH,india
Bodduvaripalem,524319,SPSR NELLORE,ANDHRA PRADESH,india
Peyyalapalem,524319,SPSR NELLORE,ANDHRA PRADESH,india
Bhimavaram,523167,Bapatla,ANDHRA PRADESH,india
Koniki,523167,Bapatla,ANDHRA PRADESH,india
Punuru,523169,Bapatla,ANDHRA PRADESH,india
Veerannapalem,523169,Bapatla,ANDHRA PRADESH,india
Jarbulavaripale,523185,Bapatla,ANDHRA PRADESH,india
Patchava,523271,PRAKASAM,ANDHRA PRADESH,india
Gongotireddipalem,523271,PRAKASAM,ANDHRA PRADESH,india
Janardhnapuram,523271,PRAKASAM,ANDHRA PRADESH,india
Kattugudipalem,523271,PRAKASAM,ANDHRA PRADESH,india
Verdhinenivaripalem,523271,PRAKASAM,ANDHRA PRADESH,india
Dharmavarm,523270,PRAKASAM,ANDHRA PRADESH,india
Pedakandlagunta,523270,PRAKASAM,ANDHRA PRADESH,india
Bodawada,523114,PRAKASAM,ANDHRA PRADESH,india
Timmareddipalem,523114,PRAKASAM,ANDHRA PRADESH,india
Annaboinapalli,523115,PRAKASAM,ANDHRA PRADESH,india
Mutyalapadu,523115,PRAKASAM,ANDHRA PRADESH,india
Muppavaram,523273,PRAKASAM,ANDHRA PRADESH,india
Vemulapadu,523273,PRAKASAM,ANDHRA PRADESH,india
V.R.Kota,523113,PRAKASAM,ANDHRA PRADESH,india
Dappalampadu,523113,PRAKASAM,ANDHRA PRADESH,india
Singamanenipalli,523113,PRAKASAM,ANDHRA PRADESH,india
Kondamudusupalem,523113,PRAKASAM,ANDHRA PRADESH,india
Timmapalem,523109,PRAKASAM,ANDHRA PRADESH,india
Ippagunta,523109,PRAKASAM,ANDHRA PRADESH,india
Palukur,523101,PRAKASAM,ANDHRA PRADESH,india
Kondikandukur,523101,PRAKASAM,ANDHRA PRADESH,india
M L Engg. College,523101,PRAKASAM,ANDHRA PRADESH,india
Oguru,523101,PRAKASAM,ANDHRA PRADESH,india
Jayavaram,523274,PRAKASAM,ANDHRA PRADESH,india
Polinenipalem,523116,PRAKASAM,ANDHRA PRADESH,india
Pellur,523272,PRAKASAM,ANDHRA PRADESH,india
Thurpu Naidu Palem,523272,PRAKASAM,ANDHRA PRADESH,india
Kondaboinapalli,523112,PRAKASAM,ANDHRA PRADESH,india
Ambavaram Kothapalli,523112,PRAKASAM,ANDHRA PRADESH,india
Mundlapadu,523112,PRAKASAM,ANDHRA PRADESH,india
Uppalapadu,523112,PRAKASAM,ANDHRA PRADESH,india
Boyamadugula,523112,PRAKASAM,ANDHRA PRADESH,india
Pulipadu,523247,PRAKASAM,ANDHRA PRADESH,india
Chalivendram,523247,PRAKASAM,ANDHRA PRADESH,india
Ramachandrapuram,523247,PRAKASAM,ANDHRA PRADESH,india
Venkatachalampalli,523247,PRAKASAM,ANDHRA PRADESH,india
Mohammadapuram,523246,PRAKASAM,ANDHRA PRADESH,india
Gajulaplli,523246,PRAKASAM,ANDHRA PRADESH,india
Pedadasaripalli,523227,PRAKASAM,ANDHRA PRADESH,india
Kaluzuvvalapadu,523241,PRAKASAM,ANDHRA PRADESH,india
Tuvvapadu,523241,PRAKASAM,ANDHRA PRADESH,india
Igalapadu,523241,PRAKASAM,ANDHRA PRADESH,india
Yerraobanapalem,523304,PRAKASAM,ANDHRA PRADESH,india
Pedavullagallu,523265,PRAKASAM,ANDHRA PRADESH,india
Boppidivaripalem,523265,PRAKASAM,ANDHRA PRADESH,india
Vemula,523265,PRAKASAM,ANDHRA PRADESH,india
Pedairlapadu,523117,PRAKASAM,ANDHRA PRADESH,india
Chintagumpalli,523117,PRAKASAM,ANDHRA PRADESH,india
Kodandaramapuram,523117,PRAKASAM,ANDHRA PRADESH,india
Marella,523117,PRAKASAM,ANDHRA PRADESH,india
Nandanavanam,523228,PRAKASAM,ANDHRA PRADESH,india
K.Agraharam,523111,PRAKASAM,ANDHRA PRADESH,india
Chinnipadu,523111,PRAKASAM,ANDHRA PRADESH,india
Gudevaripalem,523111,PRAKASAM,ANDHRA PRADESH,india
Gudipadu,523111,PRAKASAM,ANDHRA PRADESH,india
Vengalapuram,523111,PRAKASAM,ANDHRA PRADESH,india
Guravajipet,523108,PRAKASAM,ANDHRA PRADESH,india
Venkatapuram,523108,PRAKASAM,ANDHRA PRADESH,india
Inimerla,523108,PRAKASAM,ANDHRA PRADESH,india
Chinarikatla,523245,PRAKASAM,ANDHRA PRADESH,india
Baduguleru,523245,PRAKASAM,ANDHRA PRADESH,india
Jafala Puram,523245,PRAKASAM,ANDHRA PRADESH,india
Thotavenganapalem,523252,PRAKASAM,ANDHRA PRADESH,india
Chinairlapadu,523254,PRAKASAM,ANDHRA PRADESH,india
Botikarlapadu,523230,PRAKASAM,ANDHRA PRADESH,india
Raviguntapalli,523230,PRAKASAM,ANDHRA PRADESH,india
Veluru,523253,PRAKASAM,ANDHRA PRADESH,india
Devarapalem,523253,PRAKASAM,ANDHRA PRADESH,india
Sivarayunipeta,523253,PRAKASAM,ANDHRA PRADESH,india
Tripurasundaripuram,523253,PRAKASAM,ANDHRA PRADESH,india
Jallapaem,523224,PRAKASAM,ANDHRA PRADESH,india
Nagulapadu,523201,Bapatla,ANDHRA PRADESH,india
Kasyapuram,523201,Bapatla,ANDHRA PRADESH,india
Sunkaravaripalem,523201,Bapatla,ANDHRA PRADESH,india
Uppalapadu,523201,Bapatla,ANDHRA PRADESH,india
Kanuparthi,523180,PRAKASAM,ANDHRA PRADESH,india
Bhusarapalli,523226,PRAKASAM,ANDHRA PRADESH,india
Arikatlavaripalem,523214,Bapatla,ANDHRA PRADESH,india
Devarampadu,523182,PRAKASAM,ANDHRA PRADESH,india
Ulichi,523182,PRAKASAM,ANDHRA PRADESH,india
Vaidena,523303,Bapatla,ANDHRA PRADESH,india
Kopperapadu,523303,Bapatla,ANDHRA PRADESH,india
Kukutlapalli,523303,Bapatla,ANDHRA PRADESH,india
Makkenavaripalem,523303,Bapatla,ANDHRA PRADESH,india
K.Thakkellapadu,523212,PRAKASAM,ANDHRA PRADESH,india
Korisapadu,523212,Bapatla,ANDHRA PRADESH,india
Thammavaram,523212,Bapatla,ANDHRA PRADESH,india
Annangi,523211,PRAKASAM,ANDHRA PRADESH,india
Rachavaripalem,523211,PRAKASAM,ANDHRA PRADESH,india
Konidena,523301,Bapatla,ANDHRA PRADESH,india
Pedaambadipudi,523301,Bapatla,ANDHRA PRADESH,india
Bhagavanrajupalem,504346,Bapatla,ANDHRA PRADESH,india
Kopperapadu,523213,Bapatla,ANDHRA PRADESH,india
Paidipadu,523213,Bapatla,ANDHRA PRADESH,india
Kopparam,523302,Bapatla,ANDHRA PRADESH,india
B.Machavaram,523225,PRAKASAM,ANDHRA PRADESH,india
Mangamuru,523225,PRAKASAM,ANDHRA PRADESH,india
Pidathalagudipadu,523225,PRAKASAM,ANDHRA PRADESH,india
Modepalli,523264,Bapatla,ANDHRA PRADESH,india
Kunkupadu,523264,Bapatla,ANDHRA PRADESH,india
Rajanagaram,523264,PRAKASAM,ANDHRA PRADESH,india
Ilapavuluru,523263,PRAKASAM,ANDHRA PRADESH,india
Chekurapadu,523262,PRAKASAM,ANDHRA PRADESH,india
Maddiralapadu,523262,PRAKASAM,ANDHRA PRADESH,india
Yedugundlapadu,523262,PRAKASAM,ANDHRA PRADESH,india
Chinakothapalli,523260,Bapatla,ANDHRA PRADESH,india
I.Pangidi,534342,WEST GODAVARI,ANDHRA PRADESH,india
Pasivedala,534342,WEST GODAVARI,ANDHRA PRADESH,india
Dommeru,534342,WEST GODAVARI,ANDHRA PRADESH,india
NANDIGAMPADU,534342,WEST GODAVARI,ANDHRA PRADESH,india
Gowripatnam,534313,WEST GODAVARI,ANDHRA PRADESH,india
Krishnampalem,534313,WEST GODAVARI,ANDHRA PRADESH,india
Sangayagudem,534313,WEST GODAVARI,ANDHRA PRADESH,india
Gunjavaram,534318,Eluru,ANDHRA PRADESH,india
Kovvurupadu,534318,WEST GODAVARI,ANDHRA PRADESH,india
Rampalem,534318,WEST GODAVARI,ANDHRA PRADESH,india
Yadavole,534316,WEST GODAVARI,ANDHRA PRADESH,india
SANJEEVAPURAM.,534316,WEST GODAVARI,ANDHRA PRADESH,india
Pendyala,534329,WEST GODAVARI,ANDHRA PRADESH,india
Kamsalipalem,534301,WEST GODAVARI,ANDHRA PRADESH,india
Bangarampeta,534315,WEST GODAVARI,ANDHRA PRADESH,india
Ramayyapeta,534315,WEST GODAVARI,ANDHRA PRADESH,india
Pandalaparru,534302,WEST GODAVARI,ANDHRA PRADESH,india
Jeedigunta,534302,WEST GODAVARI,ANDHRA PRADESH,india
Thogummi,534302,WEST GODAVARI,ANDHRA PRADESH,india
MADDURULANKA.,534302,WEST GODAVARI,ANDHRA PRADESH,india
Korumamidi,534305,WEST GODAVARI,ANDHRA PRADESH,india
Gajjaram,534341,WEST GODAVARI,ANDHRA PRADESH,india
Ballipadu,534340,WEST GODAVARI,ANDHRA PRADESH,india
Peddavam,534340,WEST GODAVARI,ANDHRA PRADESH,india
Penkanametta,534340,WEST GODAVARI,ANDHRA PRADESH,india
Arikirevula,534340,WEST GODAVARI,ANDHRA PRADESH,india
Kumaradevam,534340,WEST GODAVARI,ANDHRA PRADESH,india
Atchannapalem,534111,WEST GODAVARI,ANDHRA PRADESH,india
Gundepalli,534111,WEST GODAVARI,ANDHRA PRADESH,india
Ravipadu,534156,WEST GODAVARI,ANDHRA PRADESH,india
Chanamilli,534198,Eluru,ANDHRA PRADESH,india
Kothapalli,534198,Eluru,ANDHRA PRADESH,india
Panduvva,534198,WEST GODAVARI,ANDHRA PRADESH,india
Velagapalli,534198,Eluru,ANDHRA PRADESH,india
Bavaipalem,534198,Eluru,ANDHRA PRADESH,india
Varadarajapuram,534198,WEST GODAVARI,ANDHRA PRADESH,india
Moduggunta,534145,WEST GODAVARI,ANDHRA PRADESH,india
Pullalapadu,534112,WEST GODAVARI,ANDHRA PRADESH,india
Parimalla,534166,WEST GODAVARI,ANDHRA PRADESH,india
Nandamuru,534146,WEST GODAVARI,ANDHRA PRADESH,india
Navabpalem,534146,WEST GODAVARI,ANDHRA PRADESH,india
Kadiyedda,534102,WEST GODAVARI,ANDHRA PRADESH,india
Badampudi,534411,WEST GODAVARI,ANDHRA PRADESH,india
Nachugunta,534411,WEST GODAVARI,ANDHRA PRADESH,india
Vellamilli,534411,WEST GODAVARI,ANDHRA PRADESH,india
Neeladripuram,534411,WEST GODAVARI,ANDHRA PRADESH,india
Garagaparru,534186,WEST GODAVARI,ANDHRA PRADESH,india
Iteru,522310,Bapatla,ANDHRA PRADESH,india
Muthayapalem,522102,Bapatla,ANDHRA PRADESH,india
Narakoduru,522212,GUNTUR,ANDHRA PRADESH,india
Brahmanakoduru,522212,GUNTUR,ANDHRA PRADESH,india
Godavarru,522212,GUNTUR,ANDHRA PRADESH,india
Lemellepadu,522212,GUNTUR,ANDHRA PRADESH,india
Pamidimarru,522258,Bapatla,ANDHRA PRADESH,india
Ponnapalli Agraharam,522259,Bapatla,ANDHRA PRADESH,india
Allavaripalem,522259,Bapatla,ANDHRA PRADESH,india
Nadimpalli,522259,Bapatla,ANDHRA PRADESH,india
Pedapuluguvaripalem,522111,Bapatla,ANDHRA PRADESH,india
Mantripalem,522262,Bapatla,ANDHRA PRADESH,india
Itikampadu,522315,GUNTUR,ANDHRA PRADESH,india
Munipalli,522316,GUNTUR,ANDHRA PRADESH,india
Siripudi,522329,Bapatla,ANDHRA PRADESH,india
Kondabalavaripalem,522124,GUNTUR,ANDHRA PRADESH,india
Nadigaddapalem,522318,Bapatla,ANDHRA PRADESH,india
Korutadiparru,522312,Bapatla,ANDHRA PRADESH,india
Panchalavaram,522325,Bapatla,ANDHRA PRADESH,india
Pedapudi,522325,Bapatla,ANDHRA PRADESH,india
Surepalli,522256,Bapatla,ANDHRA PRADESH,india
Pothumeraka,522264,Bapatla,ANDHRA PRADESH,india
Kaithepalle,522264,Bapatla,ANDHRA PRADESH,india
Chiluvuru,522330,GUNTUR,ANDHRA PRADESH,india
Kantamrajukonduru,522330,GUNTUR,ANDHRA PRADESH,india
Tummapudi,522330,GUNTUR,ANDHRA PRADESH,india
Kazipeta,522307,GUNTUR,ANDHRA PRADESH,india
Pidaparru,522304,GUNTUR,ANDHRA PRADESH,india
Tumuluru,522304,GUNTUR,ANDHRA PRADESH,india
Davuluru,522304,GUNTUR,ANDHRA PRADESH,india
Ravikampadu,522324,Bapatla,ANDHRA PRADESH,india
Manduru,522313,Bapatla,ANDHRA PRADESH,india
Mulpuru,522313,Bapatla,ANDHRA PRADESH,india
Nelapadu,522202,GUNTUR,ANDHRA PRADESH,india
Kannegantivaripalem,522265,Bapatla,ANDHRA PRADESH,india
Penumudi,522265,Bapatla,ANDHRA PRADESH,india
Vejendla,522213,GUNTUR,ANDHRA PRADESH,india
Chinapulivarru,522257,Bapatla,ANDHRA PRADESH,india
Butumalli,522261,Bapatla,ANDHRA PRADESH,india
Chavali,522261,Bapatla,ANDHRA PRADESH,india
Jampani,522261,Bapatla,ANDHRA PRADESH,india
Peravalipalem,522261,Bapatla,ANDHRA PRADESH,india
Kanuru,520007,KRISHNA,ANDHRA PRADESH,india
Godavarru,521151,KRISHNA,ANDHRA PRADESH,india
Manthena,521151,KRISHNA,ANDHRA PRADESH,india
Punadipadu,521151,KRISHNA,ANDHRA PRADESH,india
Royyur,521151,KRISHNA,ANDHRA PRADESH,india
Gudavalli,521104,NTR,ANDHRA PRADESH,india
Ganguru,521139,KRISHNA,ANDHRA PRADESH,india
Pedapulipaka,521134,KRISHNA,ANDHRA PRADESH,india
Cheemalapadu,521226,NTR,ANDHRA PRADESH,india
Idulagudem,521211,Eluru,ANDHRA PRADESH,india
Seetharampuram,521211,Eluru,ANDHRA PRADESH,india
Sobhanapuram,521211,Eluru,ANDHRA PRADESH,india
Thotapalli,521211,Eluru,ANDHRA PRADESH,india
Kesarapalli,521102,KRISHNA,ANDHRA PRADESH,india
Kasarabad,521182,NTR,ANDHRA PRADESH,india
Punnavalli,521182,NTR,ANDHRA PRADESH,india
Gowravaram,521178,NTR,ANDHRA PRADESH,india
Mangollu,521178,NTR,ANDHRA PRADESH,india
Chevutur,521229,NTR,ANDHRA PRADESH,india
Ganginenipalem,521229,NTR,ANDHRA PRADESH,india
Sunnampadu,521229,NTR,ANDHRA PRADESH,india
H Mutyalampadu,521229,NTR,ANDHRA PRADESH,india
Vellaturu,521229,NTR,ANDHRA PRADESH,india
Bahubalendrunigudem,521101,KRISHNA,ANDHRA PRADESH,india
Balusupadu,521175,NTR,ANDHRA PRADESH,india
Malkapuram,521175,NTR,ANDHRA PRADESH,india
Shermohammadpet,521175,NTR,ANDHRA PRADESH,india
Alluru,521181,NTR,ANDHRA PRADESH,india
Peddapuram,521181,NTR,ANDHRA PRADESH,india
Gottumukkala,521180,NTR,ANDHRA PRADESH,india
Munnaluru,521180,NTR,ANDHRA PRADESH,india
Ponnavaram,521180,NTR,ANDHRA PRADESH,india
Polisettipadu,521227,NTR,ANDHRA PRADESH,india
Gollamandala,521227,NTR,ANDHRA PRADESH,india
Vallampatla,521227,NTR,ANDHRA PRADESH,india
Ida Kondaplli,521228,NTR,ANDHRA PRADESH,india
Pinapaka,521228,NTR,ANDHRA PRADESH,india
Gopuvanipalem,521256,KRISHNA,ANDHRA PRADESH,india
Inapur,521247,KRISHNA,ANDHRA PRADESH,india
Kuderu,521247,KRISHNA,ANDHRA PRADESH,india
Turlapadu,521183,NTR,ANDHRA PRADESH,india
Guttavaripalem,521183,NTR,ANDHRA PRADESH,india
Savaragudem,521107,KRISHNA,ANDHRA PRADESH,india
Chandrala,521230,NTR,ANDHRA PRADESH,india
Chandrgudem,521230,NTR,ANDHRA PRADESH,india
Pondugula,521230,NTR,ANDHRA PRADESH,india
Konduru,521184,NTR,ANDHRA PRADESH,india
Gandepalli,521185,NTR,ANDHRA PRADESH,india
Pendyala,521185,NTR,ANDHRA PRADESH,india
Kanasanapalli,521212,Eluru,ANDHRA PRADESH,india
Pathapadu,521212,NTR,ANDHRA PRADESH,india
Tempalli,521286,KRISHNA,ANDHRA PRADESH,india
Vemavaram,521190,NTR,ANDHRA PRADESH,india
Venkatapuram,521190,NTR,ANDHRA PRADESH,india
Makkapeta,521190,NTR,ANDHRA PRADESH,india
Singavaram,521190,NTR,ANDHRA PRADESH,india
Guntupalli,521241,KRISHNA,ANDHRA PRADESH,india
Paidurupadu,521241,KRISHNA,ANDHRA PRADESH,india
Devarapalli,521163,KRISHNA,ANDHRA PRADESH,india
Khambampadu,521402,NTR,ANDHRA PRADESH,india
Lingala,521402,NTR,ANDHRA PRADESH,india
Polampalli,521402,NTR,ANDHRA PRADESH,india
Chowtapalli,521170,NTR,ANDHRA PRADESH,india
Damulur,521170,NTR,ANDHRA PRADESH,india
Jayanthi,521170,NTR,ANDHRA PRADESH,india
Mulapadu,521456,NTR,ANDHRA PRADESH,india
Kanakavalli,521165,KRISHNA,ANDHRA PRADESH,india
Penamakuru,521165,KRISHNA,ANDHRA PRADESH,india
Pothavaram,533214,Konaseema,ANDHRA PRADESH,india
Cheyyuru,533222,Konaseema,ANDHRA PRADESH,india
Indupalli,533221,Konaseema,ANDHRA PRADESH,india
Tondavaram,533221,Konaseema,ANDHRA PRADESH,india
Mogallamori,533210,Konaseema,ANDHRA PRADESH,india
Tummalapalli,533210,Konaseema,ANDHRA PRADESH,india
Koppigunta,533212,Konaseema,ANDHRA PRADESH,india
Balusutippa,533212,Konaseema,ANDHRA PRADESH,india
Nallacheruvu,533241,Konaseema,ANDHRA PRADESH,india
Ainavillilanka,533211,Konaseema,ANDHRA PRADESH,india
Tottaramudi,533211,Konaseema,ANDHRA PRADESH,india
Velavalapalli,533211,Konaseema,ANDHRA PRADESH,india
Thanelanka,533216,Konaseema,ANDHRA PRADESH,india
Irusumanda,533239,Konaseema,ANDHRA PRADESH,india
Mosalapalli,533239,Konaseema,ANDHRA PRADESH,india
Vilasavilli,533213,Konaseema,ANDHRA PRADESH,india
Pothukurru,533577,Konaseema,ANDHRA PRADESH,india
Antarvedi Devastanam,533252,Konaseema,ANDHRA PRADESH,india
Appanaramunilanka,533252,Konaseema,ANDHRA PRADESH,india
Vasanthavada,533235,Konaseema,ANDHRA PRADESH,india
Pulidindi,533235,Konaseema,ANDHRA PRADESH,india
Vaddiparru,533235,Konaseema,ANDHRA PRADESH,india
Velicheru,533235,Konaseema,ANDHRA PRADESH,india
Vutchili,533235,Konaseema,ANDHRA PRADESH,india
Mondepulanka,533240,Konaseema,ANDHRA PRADESH,india
L.Gannavaram,533240,Konaseema,ANDHRA PRADESH,india
G.Pedapudi,533274,Konaseema,ANDHRA PRADESH,india
Mummidivarappadu,533274,Konaseema,ANDHRA PRADESH,india
Kedarlanka,533223,Konaseema,ANDHRA PRADESH,india
Kathimanda,533254,Konaseema,ANDHRA PRADESH,india
Appanapalli,533247,Konaseema,ANDHRA PRADESH,india
B.Doddavaram,533247,Konaseema,ANDHRA PRADESH,india
Pasarlapudilanka,533247,Konaseema,ANDHRA PRADESH,india
Narendrapuram,533229,EAST GODAVARI,ANDHRA PRADESH,india
Avidi,533229,EAST GODAVARI,ANDHRA PRADESH,india
Modekurru,533229,EAST GODAVARI,ANDHRA PRADESH,india
Kadali,533248,Konaseema,ANDHRA PRADESH,india
Vedureswaram,533238,Konaseema,ANDHRA PRADESH,india
Ithakota,533238,Konaseema,ANDHRA PRADESH,india
Srirampuram,533251,Konaseema,ANDHRA PRADESH,india
Kunavaram,533244,Konaseema,ANDHRA PRADESH,india
Jaggannapeta,533249,Konaseema,ANDHRA PRADESH,india
Mushidipalli,531022,Anakapalli,ANDHRA PRADESH,india
Gannela,531149,VISAKHAPATANAM,ANDHRA PRADESH,india
Pedabaludu,531149,VISAKHAPATANAM,ANDHRA PRADESH,india
Gasaba,531151,VISAKHAPATANAM,ANDHRA PRADESH,india
Kithalangi,531151,VISAKHAPATANAM,ANDHRA PRADESH,india
Sovva,531151,VISAKHAPATANAM,ANDHRA PRADESH,india
Lalamkoduru,531011,Anakapalli,ANDHRA PRADESH,india
LAXMIPURAM,531036,Anakapalli,ANDHRA PRADESH,india
Kannampalem,531036,Anakapalli,ANDHRA PRADESH,india
Alamanda,531030,Anakapalli,ANDHRA PRADESH,india
Kasipuram,531030,Anakapalli,ANDHRA PRADESH,india
Raivada,531030,Anakapalli,ANDHRA PRADESH,india
Marepalli,531030,Anakapalli,ANDHRA PRADESH,india
Gokivada,531061,Anakapalli,ANDHRA PRADESH,india
Govindapalem,531061,Anakapalli,ANDHRA PRADESH,india
Pathapadu,523230,PRAKASAM,ANDHRA PRADESH,india
Rayapurajupeta,531023,Anakapalli,ANDHRA PRADESH,india
Maredupudi,531019,Anakapalli,ANDHRA PRADESH,india
Thadi,531019,Anakapalli,ANDHRA PRADESH,india
Arle,531034,Anakapalli,ANDHRA PRADESH,india
Sampathipuram,531031,VISAKHAPATANAM,ANDHRA PRADESH,india
Vetazangalapalem,531031,VISAKHAPATANAM,ANDHRA PRADESH,india
Kaligotla,531075,Anakapalli,ANDHRA PRADESH,india
Pallapu Anandapuram,531033,Anakapalli,ANDHRA PRADESH,india
D L Puram,531081,VISAKHAPATANAM,ANDHRA PRADESH,india
Rebaka,531002,VISAKHAPATANAM,ANDHRA PRADESH,india
Ravada,531020,VISAKHAPATANAM,ANDHRA PRADESH,india
Dopperla,531021,Anakapalli,ANDHRA PRADESH,india
Vennalapalem,531021,Anakapalli,ANDHRA PRADESH,india
G J Puram,531126,Anakapalli,ANDHRA PRADESH,india
Namavaram,531126,Anakapalli,ANDHRA PRADESH,india
Venkatapuram,531060,Anakapalli,ANDHRA PRADESH,india
Idatam,531127,VISAKHAPATANAM,ANDHRA PRADESH,india
Pentakota,531127,VISAKHAPATANAM,ANDHRA PRADESH,india
Venkatanagaram,531127,VISAKHAPATANAM,ANDHRA PRADESH,india
Anthakapalle,531035,VISAKHAPATANAM,ANDHRA PRADESH,india
Bangarammapalem,531035,VISAKHAPATANAM,ANDHRA PRADESH,india
Tekkalipalem,531035,VISAKHAPATANAM,ANDHRA PRADESH,india
Kundram,531032,Anakapalli,ANDHRA PRADESH,india
Mettapalem,531032,Anakapalli,ANDHRA PRADESH,india
Makavaram,531032,Anakapalli,ANDHRA PRADESH,india
Jagannadhapuram.,531055,Anakapalli,ANDHRA PRADESH,india
Pedapalli,531055,Anakapalli,ANDHRA PRADESH,india
Penugollu,531055,Anakapalli,ANDHRA PRADESH,india
Purushothapuram,531055,Anakapalli,ANDHRA PRADESH,india
Turangalapalem,531055,Anakapalli,ANDHRA PRADESH,india
Bylakinchangi,531111,Alluri Sitharama Raju,ANDHRA PRADESH,india
Korukonda,531111,Alluri Sitharama Raju,ANDHRA PRADESH,india
Kuntharla,531029,Alluri Sitharama Raju,ANDHRA PRADESH,india
Nurmathi,531029,Alluri Sitharama Raju,ANDHRA PRADESH,india
Sulabham,531029,Alluri Sitharama Raju,ANDHRA PRADESH,india
Bakuru,531077,Alluri Sitharama Raju,ANDHRA PRADESH,india
Konthili,531077,Alluri Sitharama Raju,ANDHRA PRADESH,india
Kotnapalle,531077,Alluri Sitharama Raju,ANDHRA PRADESH,india
Mattam,531077,Alluri Sitharama Raju,ANDHRA PRADESH,india
Pedagaruvu,531077,Alluri Sitharama Raju,ANDHRA PRADESH,india
Santhari,531077,Alluri Sitharama Raju,ANDHRA PRADESH,india
Matyapuram,531077,Alluri Sitharama Raju,ANDHRA PRADESH,india
Boddaput,531077,Alluri Sitharama Raju,ANDHRA PRADESH,india
Bangarampeta,531084,VISAKHAPATANAM,ANDHRA PRADESH,india
Chodyam.,531084,VISAKHAPATANAM,ANDHRA PRADESH,india
Thotaluru,531084,VISAKHAPATANAM,ANDHRA PRADESH,india
Cheedikada,531028,Anakapalli,ANDHRA PRADESH,india
Kandivaram,531028,Anakapalli,ANDHRA PRADESH,india
Manchala,531028,Anakapalli,ANDHRA PRADESH,india
Sirijam,531028,Anakapalli,ANDHRA PRADESH,india
V B Peta,531028,Anakapalli,ANDHRA PRADESH,india
Bapiraju Kothapalli,531085,VISAKHAPATANAM,ANDHRA PRADESH,india
Kailasapatnam,531085,VISAKHAPATANAM,ANDHRA PRADESH,india
Lingapuram,531085,VISAKHAPATANAM,ANDHRA PRADESH,india
Rolugunta,531114,Anakapalli,ANDHRA PRADESH,india
Bennabhupalapatnam,531118,VISAKHAPATANAM,ANDHRA PRADESH,india
Dharnasagaram,531118,VISAKHAPATANAM,ANDHRA PRADESH,india
Gabbada,531118,VISAKHAPATANAM,ANDHRA PRADESH,india
Gondipakalau,531118,VISAKHAPATANAM,ANDHRA PRADESH,india
Gundupala,531118,VISAKHAPATANAM,ANDHRA PRADESH,india
Lammasingi,531118,VISAKHAPATANAM,ANDHRA PRADESH,india
Jammadevipeta,531027,Anakapalli,ANDHRA PRADESH,india
Vommali Jagannadhapuram,531027,Anakapalli,ANDHRA PRADESH,india
L Ponnavolu,531027,Anakapalli,ANDHRA PRADESH,india
Kavagunta,531027,Anakapalli,ANDHRA PRADESH,india
Giduturu,531113,Anakapalli,ANDHRA PRADESH,india
Mallavaram,531113,Anakapalli,ANDHRA PRADESH,india
Rachapalli,531113,Anakapalli,ANDHRA PRADESH,india
Golugondapeta,531115,VISAKHAPATANAM,ANDHRA PRADESH,india
M B Patnam,531115,VISAKHAPATANAM,ANDHRA PRADESH,india
Manyapuratla,531115,VISAKHAPATANAM,ANDHRA PRADESH,india
Srungavaram,531115,VISAKHAPATANAM,ANDHRA PRADESH,india
Vedurupalle,531115,VISAKHAPATANAM,ANDHRA PRADESH,india
Chintalaveedhi,531024,Alluri Sitharama Raju,ANDHRA PRADESH,india
Iradapalle,531024,Alluri Sitharama Raju,ANDHRA PRADESH,india
Minimuluru,531024,Alluri Sitharama Raju,ANDHRA PRADESH,india
Basiputtu,531040,VISAKHAPATANAM,ANDHRA PRADESH,india
Jolaput,531040,VISAKHAPATANAM,ANDHRA PRADESH,india
Poipalli,531040,VISAKHAPATANAM,ANDHRA PRADESH,india
Ginnelakota,531040,VISAKHAPATANAM,ANDHRA PRADESH,india
Laxmipeta,531040,VISAKHAPATANAM,ANDHRA PRADESH,india
Jarjula,531040,VISAKHAPATANAM,ANDHRA PRADESH,india
Kumada,531040,VISAKHAPATANAM,ANDHRA PRADESH,india
Injari,531040,VISAKHAPATANAM,ANDHRA PRADESH,india
Chinnagummuluru,531083,Anakapalli,ANDHRA PRADESH,india
Geddapalem,531083,Anakapalli,ANDHRA PRADESH,india
Revupolavaram,531083,Anakapalli,ANDHRA PRADESH,india
Gompa,531025,Anakapalli,ANDHRA PRADESH,india
Tattabanda,531025,Anakapalli,ANDHRA PRADESH,india
Galikonda,531133,Alluri Sitharama Raju,ANDHRA PRADESH,india
Rintada,531133,Alluri Sitharama Raju,ANDHRA PRADESH,india
Dibbidi,531026,Anakapalli,ANDHRA PRADESH,india
Mukundapuram,531026,Anakapalli,ANDHRA PRADESH,india
P Bhimavaram,531026,Anakapalli,ANDHRA PRADESH,india
D Suravaram,531026,Anakapalli,ANDHRA PRADESH,india
Chollangipeta,533461,Kakinada,ANDHRA PRADESH,india
Sampara,533344,Kakinada,ANDHRA PRADESH,india
Pyna,533344,Kakinada,ANDHRA PRADESH,india
Rajupalem,533344,Kakinada,ANDHRA PRADESH,india
Yandamuru,533468,Kakinada,ANDHRA PRADESH,india
Gorripudi,533468,Kakinada,ANDHRA PRADESH,india
Karakuduru,533006,Kakinada,ANDHRA PRADESH,india
Sahapuram,533462,Kakinada,ANDHRA PRADESH,india
Pathigondi,533463,Kakinada,ANDHRA PRADESH,india
Silalanka,533463,Kakinada,ANDHRA PRADESH,india
Siripuram,533260,Kakinada,ANDHRA PRADESH,india
Neelapalli,533464,Kakinada,ANDHRA PRADESH,india
Pallipalem,533464,Kakinada,ANDHRA PRADESH,india
Jaderu,533428,Alluri Sitharama Raju,ANDHRA PRADESH,india
Marripalem,533428,Alluri Sitharama Raju,ANDHRA PRADESH,india
Vetamamidi,533428,Alluri Sitharama Raju,ANDHRA PRADESH,india
Yerramreddypalem,533428,Alluri Sitharama Raju,ANDHRA PRADESH,india
Kothaperumallapuram,533449,Kakinada,ANDHRA PRADESH,india
Sarabhavaram,533430,Kakinada,ANDHRA PRADESH,india
Vommangi,533430,Kakinada,ANDHRA PRADESH,india
Rayavaram,533445,Kakinada,ANDHRA PRADESH,india
Bhogapuram,533445,Kakinada,ANDHRA PRADESH,india
Ramavaram,533435,Kakinada,ANDHRA PRADESH,india
Mallepalli,533435,Kakinada,ANDHRA PRADESH,india
Rajapudi,533435,Kakinada,ANDHRA PRADESH,india
Somavaram,533435,Kakinada,ANDHRA PRADESH,india
Z Ragampeta,533435,Kakinada,ANDHRA PRADESH,india
Chendurti,533451,Kakinada,ANDHRA PRADESH,india
B Kothuru,533431,Kakinada,ANDHRA PRADESH,india
S Thimmapuram,533431,Kakinada,ANDHRA PRADESH,india
Kamatam Mallavaram,533407,Kakinada,ANDHRA PRADESH,india
Ramanakkapeta,533447,Kakinada,ANDHRA PRADESH,india
Yendapalli,533447,Kakinada,ANDHRA PRADESH,india
Pulimeru,533433,Kakinada,ANDHRA PRADESH,india
Tamarada,533437,Kakinada,ANDHRA PRADESH,india
Kandrakota,533437,Kakinada,ANDHRA PRADESH,india
Katravulapalli,533437,Kakinada,ANDHRA PRADESH,india
Marripudi,533437,EAST GODAVARI,ANDHRA PRADESH,india
Kolanka,533450,Kakinada,ANDHRA PRADESH,india
Gokivada,533450,Kakinada,ANDHRA PRADESH,india
Komaragiri,533450,Kakinada,ANDHRA PRADESH,india
Navara,533450,Kakinada,ANDHRA PRADESH,india
Pavara,533450,Kakinada,ANDHRA PRADESH,india
Pedasankarlapudi,533432,Kakinada,ANDHRA PRADESH,india
Siripuram,533432,Kakinada,ANDHRA PRADESH,india
Ammirekula,533436,Alluri Sitharama Raju,ANDHRA PRADESH,india
Donelapalem,533436,Alluri Sitharama Raju,ANDHRA PRADESH,india
Jaddangi,533436,Alluri Sitharama Raju,ANDHRA PRADESH,india
Sarabhavaram,533436,Alluri Sitharama Raju,ANDHRA PRADESH,india
Thantikonda,533436,Alluri Sitharama Raju,ANDHRA PRADESH,india
Mukundavaram,533291,EAST GODAVARI,ANDHRA PRADESH,india
Pedarayavaram,533291,EAST GODAVARI,ANDHRA PRADESH,india
Konthangi,533446,Kakinada,ANDHRA PRADESH,india
Santhapydipala,533446,Kakinada,ANDHRA PRADESH,india
Srungavruksham,533408,Kakinada,ANDHRA PRADESH,india
Addaripeta,533401,Kakinada,ANDHRA PRADESH,india
Talluru,533401,Kakinada,ANDHRA PRADESH,india
Kummarilova,533401,Kakinada,ANDHRA PRADESH,india
Durcherthi,533483,Alluri Sitharama Raju,ANDHRA PRADESH,india
Gontuvanipalem,533429,Alluri Sitharama Raju,ANDHRA PRADESH,india
J Annavaram,533429,Kakinada,ANDHRA PRADESH,india
Kimmuru,533429,Alluri Sitharama Raju,ANDHRA PRADESH,india
Ampavalli,535557,Parvathipuram Manyam,ANDHRA PRADESH,india
Narayanapuram,535557,Parvathipuram Manyam,ANDHRA PRADESH,india
Gollapalli,535573,VIZIANAGARAM,ANDHRA PRADESH,india
Penta,535573,VIZIANAGARAM,ANDHRA PRADESH,india
Barli,535559,Parvathipuram Manyam,ANDHRA PRADESH,india
Bobbili R.S,535559,VIZIANAGARAM,ANDHRA PRADESH,india
Chintada,535559,VIZIANAGARAM,ANDHRA PRADESH,india
Kotaseetharampuram,535559,Parvathipuram Manyam,ANDHRA PRADESH,india
Mirthivalasa,535559,Parvathipuram Manyam,ANDHRA PRADESH,india
Ramuduvalasa,535559,VIZIANAGARAM,ANDHRA PRADESH,india
Gotnandi,535128,VIZIANAGARAM,ANDHRA PRADESH,india
Kumaram,535128,VIZIANAGARAM,ANDHRA PRADESH,india
KAPUSAMBHAM,535128,VIZIANAGARAM,ANDHRA PRADESH,india
Budarayavalasa,535102,VIZIANAGARAM,ANDHRA PRADESH,india
A.Venkampeta,535547,Parvathipuram Manyam,ANDHRA PRADESH,india
Thurumamidi,535547,Parvathipuram Manyam,ANDHRA PRADESH,india
Pandiri Mamidivalasa,535593,Parvathipuram Manyam,ANDHRA PRADESH,india
Naringopodar,535593,Parvathipuram Manyam,ANDHRA PRADESH,india
Gollala Mulagam,535125,VIZIANAGARAM,ANDHRA PRADESH,india
Ramalingapuram,535125,VIZIANAGARAM,ANDHRA PRADESH,india
Batuva,535125,SRIKAKULAM,ANDHRA PRADESH,india
Palavalasa,535125,VIZIANAGARAM,ANDHRA PRADESH,india
Gadivalasa,535592,Parvathipuram Manyam,ANDHRA PRADESH,india
Kondadevupalli,535568,VIZIANAGARAM,ANDHRA PRADESH,india
Chowdantivalasa,535579,VIZIANAGARAM,ANDHRA PRADESH,india
Kondakenguva,535579,VIZIANAGARAM,ANDHRA PRADESH,india
Rompalli,535579,VIZIANAGARAM,ANDHRA PRADESH,india
Sompuram,535579,VIZIANAGARAM,ANDHRA PRADESH,india
Tarapuram,535579,VIZIANAGARAM,ANDHRA PRADESH,india
Panchali,535591,Parvathipuram Manyam,ANDHRA PRADESH,india
Viswanadhapuram,535591,Parvathipuram Manyam,ANDHRA PRADESH,india
Kothavalasa,535591,Parvathipuram Manyam,ANDHRA PRADESH,india
Mosuru,535591,Parvathipuram Manyam,ANDHRA PRADESH,india
Panukuvalasa,535591,Parvathipuram Manyam,ANDHRA PRADESH,india
Pedaborabanda,535591,Parvathipuram Manyam,ANDHRA PRADESH,india
Chittelaba,535591,VIZIANAGARAM,ANDHRA PRADESH,india
Chakarapalli,535546,Parvathipuram Manyam,ANDHRA PRADESH,india
Lakshmipuram Agraharam,535546,Parvathipuram Manyam,ANDHRA PRADESH,india
Pedankalam,535546,Parvathipuram Manyam,ANDHRA PRADESH,india
Devunikanapaka,535101,VIZIANAGARAM,ANDHRA PRADESH,india
Lavidam Agraharam,535101,VIZIANAGARAM,ANDHRA PRADESH,india
Gobburu,532148,SRIKAKULAM,ANDHRA PRADESH,india
Ramachandrapuram Agraharam,532148,SRIKAKULAM,ANDHRA PRADESH,india
Yenduva,532148,SRIKAKULAM,ANDHRA PRADESH,india
Koratam,535126,VIZIANAGARAM,ANDHRA PRADESH,india
Ravipalli,535463,Parvathipuram Manyam,ANDHRA PRADESH,india
Dalaivalasa,535463,Parvathipuram Manyam,ANDHRA PRADESH,india
Vallarigudaba,535463,Parvathipuram Manyam,ANDHRA PRADESH,india
Pedakharja,535523,VIZIANAGARAM,ANDHRA PRADESH,india
Rastakuntubai,535523,VIZIANAGARAM,ANDHRA PRADESH,india
Karivalasa,535523,VIZIANAGARAM,ANDHRA PRADESH,india
Yegulavada,535523,VIZIANAGARAM,ANDHRA PRADESH,india
Babbidi,535521,Parvathipuram Manyam,ANDHRA PRADESH,india
Kotipam,535521,Parvathipuram Manyam,ANDHRA PRADESH,india
Chinageesada,535521,Parvathipuram Manyam,ANDHRA PRADESH,india
Gangareguvalasa,535521,Parvathipuram Manyam,ANDHRA PRADESH,india
Rajyalakshmipuram,535521,Parvathipuram Manyam,ANDHRA PRADESH,india
Tulasivalasa,535521,Parvathipuram Manyam,ANDHRA PRADESH,india
Chaparayabinnidi,535524,Parvathipuram Manyam,ANDHRA PRADESH,india
Jumbiri,535534,Parvathipuram Manyam,ANDHRA PRADESH,india
Valasaballeru,535534,Parvathipuram Manyam,ANDHRA PRADESH,india
Vobbangi,535534,Parvathipuram Manyam,ANDHRA PRADESH,india
Mulaga,535522,Parvathipuram Manyam,ANDHRA PRADESH,india
Singupuram,532462,Parvathipuram Manyam,ANDHRA PRADESH,india
Devudala,532440,Parvathipuram Manyam,ANDHRA PRADESH,india
Regidi,532440,SRIKAKULAM,ANDHRA PRADESH,india
Vikrampuram,535502,Parvathipuram Manyam,ANDHRA PRADESH,india
Surampeta,535527,Parvathipuram Manyam,ANDHRA PRADESH,india
Sirlam,535527,Parvathipuram Manyam,ANDHRA PRADESH,india
Sudigam,535527,Parvathipuram Manyam,ANDHRA PRADESH,india
Kudama,535525,Parvathipuram Manyam,ANDHRA PRADESH,india
Santhoshapuram,535525,Parvathipuram Manyam,ANDHRA PRADESH,india
Markondaputti,535525,Parvathipuram Manyam,ANDHRA PRADESH,india
Sunki Agraharam,535525,Parvathipuram Manyam,ANDHRA PRADESH,india
Kuddapalli,532443,Parvathipuram Manyam,ANDHRA PRADESH,india
Sambham,532443,Parvathipuram Manyam,ANDHRA PRADESH,india
Talagam,532461,SRIKAKULAM,ANDHRA PRADESH,india
Sivvam,532461,SRIKAKULAM,ANDHRA PRADESH,india
Vangara,532461,SRIKAKULAM,ANDHRA PRADESH,india
Vanduva,532460,Parvathipuram Manyam,ANDHRA PRADESH,india
Pudipalli,533339,EAST GODAVARI,ANDHRA PRADESH,india
Choppakonda,533288,EAST GODAVARI,ANDHRA PRADESH,india
Vemagiri,533125,EAST GODAVARI,ANDHRA PRADESH,india
Utla,533284,Alluri Sitharama Raju,ANDHRA PRADESH,india
Chinabhimpalli,533286,Alluri Sitharama Raju,ANDHRA PRADESH,india
Tirumalayapalem,533286,EAST GODAVARI,ANDHRA PRADESH,india
Kanavaram,533296,EAST GODAVARI,ANDHRA PRADESH,india
Srirampuram,533353,EAST GODAVARI,ANDHRA PRADESH,india
Madiki,533126,Konaseema,ANDHRA PRADESH,india
Muramanda,533126,EAST GODAVARI,ANDHRA PRADESH,india
Veeravaram,533126,EAST GODAVARI,ANDHRA PRADESH,india
Madhurapudi,533102,EAST GODAVARI,ANDHRA PRADESH,india
Srirangapatnam,533289,EAST GODAVARI,ANDHRA PRADESH,india
Mallavaram,533285,EAST GODAVARI,ANDHRA PRADESH,india
Bhupatipalem,533285,Alluri Sitharama Raju,ANDHRA PRADESH,india
Molleru,533285,Alluri Sitharama Raju,ANDHRA PRADESH,india
Kutrawada,533295,Alluri Sitharama Raju,ANDHRA PRADESH,india
Gondivada,533295,Alluri Sitharama Raju,ANDHRA PRADESH,india
Kintukuru,533288,EAST GODAVARI,ANDHRA PRADESH,india
Pamulamamidi,533295,Alluri Sitharama Raju,ANDHRA PRADESH,india
Pallakadiyam,533294,EAST GODAVARI,ANDHRA PRADESH,india
Narendrapuram,533294,EAST GODAVARI,ANDHRA PRADESH,india
Tadepalle,533288,Alluri Sitharama Raju,ANDHRA PRADESH,india
Tamarapalli,533288,Alluri Sitharama Raju,ANDHRA PRADESH,india
Akuru,533288,Alluri Sitharama Raju,ANDHRA PRADESH,india
Bandapalli,533288,Alluri Sitharama Raju,ANDHRA PRADESH,india
Beerampalli,533288,Alluri Sitharama Raju,ANDHRA PRADESH,india
Busigudem,533288,Alluri Sitharama Raju,ANDHRA PRADESH,india
Ginnepalli,533288,Alluri Sitharama Raju,ANDHRA PRADESH,india
Chinakondepudi,533287,EAST GODAVARI,ANDHRA PRADESH,india
Kateru,533105,EAST GODAVARI,ANDHRA PRADESH,india
Mirthipadu,533293,EAST GODAVARI,ANDHRA PRADESH,india
CHUCHIREVULAGUDEM.,533350,Alluri Sitharama Raju,ANDHRA PRADESH,india
LINGAPURAM.,533347,Alluri Sitharama Raju,ANDHRA PRADESH,india
Guduru,533347,Alluri Sitharama Raju,ANDHRA PRADESH,india
Yeruvada,533347,Alluri Sitharama Raju,ANDHRA PRADESH,india
Laxminarasapuram,533342,EAST GODAVARI,ANDHRA PRADESH,india
Nalluru,533307,Konaseema,ANDHRA PRADESH,india
Narsipudi,533232,Konaseema,ANDHRA PRADESH,india
SURYARAOPETA,533232,EAST GODAVARI,ANDHRA PRADESH,india
Duggudurru,533263,Kakinada,ANDHRA PRADESH,india
Kuyyeru,533263,Kakinada,ANDHRA PRADESH,india
Addampalli,533262,Konaseema,ANDHRA PRADESH,india
Pathatungapadu,533341,EAST GODAVARI,ANDHRA PRADESH,india
Sundarapalli,533306,Konaseema,ANDHRA PRADESH,india
Venturu,533256,Konaseema,ANDHRA PRADESH,india
CHODAVARAM.,533256,Konaseema,ANDHRA PRADESH,india
Vedurupakasavaram,533346,Konaseema,ANDHRA PRADESH,india
Arthamuru,533340,Konaseema,ANDHRA PRADESH,india
Ippanapadu,533340,Konaseema,ANDHRA PRADESH,india
Bhadri,532427,SRIKAKULAM,ANDHRA PRADESH,india
Timadam,532427,SRIKAKULAM,ANDHRA PRADESH,india
Javam,532445,SRIKAKULAM,ANDHRA PRADESH,india
Ragolu,532484,SRIKAKULAM,ANDHRA PRADESH,india
Thotada,532484,SRIKAKULAM,ANDHRA PRADESH,india
Gurandi,532459,SRIKAKULAM,ANDHRA PRADESH,india
Padali,532459,SRIKAKULAM,ANDHRA PRADESH,india
Pedasankili,532459,SRIKAKULAM,ANDHRA PRADESH,india
Somarajapuram,532459,SRIKAKULAM,ANDHRA PRADESH,india
Regulapadu,532432,SRIKAKULAM,ANDHRA PRADESH,india
Chennaivalasa,532432,SRIKAKULAM,ANDHRA PRADESH,india
Romadala,532214,SRIKAKULAM,ANDHRA PRADESH,india
Mahasingi,532214,SRIKAKULAM,ANDHRA PRADESH,india
Chinnabagga,532455,Parvathipuram Manyam,ANDHRA PRADESH,india
Haddubangi,532455,Parvathipuram Manyam,ANDHRA PRADESH,india
Korama,532455,Parvathipuram Manyam,ANDHRA PRADESH,india
Sirusuvada,532455,SRIKAKULAM,ANDHRA PRADESH,india
Kittalapadu,532428,SRIKAKULAM,ANDHRA PRADESH,india
Ambaavilli,532428,SRIKAKULAM,ANDHRA PRADESH,india
Devadi,532421,SRIKAKULAM,ANDHRA PRADESH,india
Makivalasa,532421,SRIKAKULAM,ANDHRA PRADESH,india
Tekkalipadu,532421,SRIKAKULAM,ANDHRA PRADESH,india
Dimili,532457,SRIKAKULAM,ANDHRA PRADESH,india
Chiguruvalasa,532190,SRIKAKULAM,ANDHRA PRADESH,india
Kondavalasa,532190,SRIKAKULAM,ANDHRA PRADESH,india
Tiddimi,532213,SRIKAKULAM,ANDHRA PRADESH,india
AS Kaviti,532213,SRIKAKULAM,ANDHRA PRADESH,india
Talasamudram,532429,SRIKAKULAM,ANDHRA PRADESH,india
Dandulaxmipuram,532430,SRIKAKULAM,ANDHRA PRADESH,india
Umilada,532430,SRIKAKULAM,ANDHRA PRADESH,india
Annupuram,532426,SRIKAKULAM,ANDHRA PRADESH,india
Jamachakram,532426,SRIKAKULAM,ANDHRA PRADESH,india
Allada,532425,SRIKAKULAM,ANDHRA PRADESH,india
Kameswaripeta,532425,SRIKAKULAM,ANDHRA PRADESH,india
Parlam,532425,SRIKAKULAM,ANDHRA PRADESH,india
Chikkalavalasa,532425,SRIKAKULAM,ANDHRA PRADESH,india
Kothapolavalasa,532425,SRIKAKULAM,ANDHRA PRADESH,india
Akkulapeta,532186,SRIKAKULAM,ANDHRA PRADESH,india
Ponnam,532187,SRIKAKULAM,ANDHRA PRADESH,india
Turakapeta,532186,SRIKAKULAM,ANDHRA PRADESH,india
Ippili,532401,SRIKAKULAM,ANDHRA PRADESH,india
Koyyam,532408,SRIKAKULAM,ANDHRA PRADESH,india
Ponnada,532408,SRIKAKULAM,ANDHRA PRADESH,india
Bhairi,532405,SRIKAKULAM,ANDHRA PRADESH,india
Buravilli,532405,SRIKAKULAM,ANDHRA PRADESH,india
Salihundam,532405,SRIKAKULAM,ANDHRA PRADESH,india
Kovvadamachilesam,532407,SRIKAKULAM,ANDHRA PRADESH,india
Tallavalasa,532407,SRIKAKULAM,ANDHRA PRADESH,india
Bantupalle,532407,SRIKAKULAM,ANDHRA PRADESH,india
Budatavalasa,532403,SRIKAKULAM,ANDHRA PRADESH,india
Kesavadasupuram,532403,SRIKAKULAM,ANDHRA PRADESH,india
Gokarnapalli,532167,SRIKAKULAM,ANDHRA PRADESH,india
Lolugu,532168,SRIKAKULAM,ANDHRA PRADESH,india
Thandyam,532168,SRIKAKULAM,ANDHRA PRADESH,india
Tungapeta,532167,SRIKAKULAM,ANDHRA PRADESH,india
Varisam,532409,SRIKAKULAM,ANDHRA PRADESH,india
Anthakapalli,532127,SRIKAKULAM,ANDHRA PRADESH,india
Dasariraminaiduvalasa,532127,SRIKAKULAM,ANDHRA PRADESH,india
G.M.R.Nagar,532127,SRIKAKULAM,ANDHRA PRADESH,india
Guravam,532127,SRIKAKULAM,ANDHRA PRADESH,india
Kagam,532127,VIZIANAGARAM,ANDHRA PRADESH,india
Vommi,532127,SRIKAKULAM,ANDHRA PRADESH,india
Vasudevapatnam,532123,SRIKAKULAM,ANDHRA PRADESH,india
Vungarada,532123,SRIKAKULAM,ANDHRA PRADESH,india
Talatampara,532123,SRIKAKULAM,ANDHRA PRADESH,india
Kondagudem,532123,SRIKAKULAM,ANDHRA PRADESH,india
Ampolu,532404,SRIKAKULAM,ANDHRA PRADESH,india
Lingalavalasa,532404,SRIKAKULAM,ANDHRA PRADESH,india
Arasada,532122,SRIKAKULAM,ANDHRA PRADESH,india
Bhagempeta,532122,SRIKAKULAM,ANDHRA PRADESH,india
Pedasirlam,532122,SRIKAKULAM,ANDHRA PRADESH,india
Sarasanapalli,532122,SRIKAKULAM,ANDHRA PRADESH,india
Uddavolu,532122,VIZIANAGARAM,ANDHRA PRADESH,india
Pedanarayanapuram,532220,SRIKAKULAM,ANDHRA PRADESH,india
Bantukotturu,532220,SRIKAKULAM,ANDHRA PRADESH,india
Amalakudiya,532220,SRIKAKULAM,ANDHRA PRADESH,india
Parasurampuram,532220,SRIKAKULAM,ANDHRA PRADESH,india
Rangoi,532243,SRIKAKULAM,ANDHRA PRADESH,india
Tallabhadra,532243,SRIKAKULAM,ANDHRA PRADESH,india
Rattakanna,532312,SRIKAKULAM,ANDHRA PRADESH,india
Gorlapadu,532290,SRIKAKULAM,ANDHRA PRADESH,india
Makarampuram,532290,SRIKAKULAM,ANDHRA PRADESH,india
Pedasrirampuram,532290,SRIKAKULAM,ANDHRA PRADESH,india
Peddakojjiria,532290,SRIKAKULAM,ANDHRA PRADESH,india
Garudabhadra,532222,SRIKAKULAM,ANDHRA PRADESH,india
Jagathi,532322,SRIKAKULAM,ANDHRA PRADESH,india
Kapaskudda,532322,SRIKAKULAM,ANDHRA PRADESH,india
Jarjangi,532195,SRIKAKULAM,ANDHRA PRADESH,india
Killoyicolony,532242,SRIKAKULAM,ANDHRA PRADESH,india
Pitatholi,532242,SRIKAKULAM,ANDHRA PRADESH,india
Isakalapalem,532292,SRIKAKULAM,ANDHRA PRADESH,india
Poleru,532291,SRIKAKULAM,ANDHRA PRADESH,india
Sailada,532212,SRIKAKULAM,ANDHRA PRADESH,india
Lakkivalasa,532211,SRIKAKULAM,ANDHRA PRADESH,india
Rentikota,532221,SRIKAKULAM,ANDHRA PRADESH,india
Lotturu,532221,SRIKAKULAM,ANDHRA PRADESH,india
Kambalarayudupeta,532218,SRIKAKULAM,ANDHRA PRADESH,india
Kanitivooru,532218,SRIKAKULAM,ANDHRA PRADESH,india
Kurmanadhapuram,532218,SRIKAKULAM,ANDHRA PRADESH,india
Buragam,532284,SRIKAKULAM,ANDHRA PRADESH,india
Jinkibhadra,532284,SRIKAKULAM,ANDHRA PRADESH,india
Parasurampuram,532203,SRIKAKULAM,ANDHRA PRADESH,india
Pedalavunipalli,532204,SRIKAKULAM,ANDHRA PRADESH,india
Ayodhyapuram,532203,SRIKAKULAM,ANDHRA PRADESH,india
Marikavalasa,530048,VISAKHAPATANAM,ANDHRA PRADESH,india
Visweswarayanagar,530012,VISAKHAPATANAM,ANDHRA PRADESH,india
Kothaparadesipalem,531163,VISAKHAPATANAM,ANDHRA PRADESH,india
Gudivada,531162,VIZIANAGARAM,ANDHRA PRADESH,india
Ravada,531162,VIZIANAGARAM,ANDHRA PRADESH,india
Chippada,531162,VISAKHAPATANAM,ANDHRA PRADESH,india
Pandranki,531162,VISAKHAPATANAM,ANDHRA PRADESH,india
Revidi,531162,VISAKHAPATANAM,ANDHRA PRADESH,india
MULAKUDDU,531162,VISAKHAPATANAM,ANDHRA PRADESH,india
Nadupuru,530044,VISAKHAPATANAM,ANDHRA PRADESH,india
Chinamushidiwada,530051,VISAKHAPATANAM,ANDHRA PRADESH,india
Sowbhagya Rayapuram,531173,VISAKHAPATANAM,ANDHRA PRADESH,india
Mutcherla,531173,VISAKHAPATANAM,ANDHRA PRADESH,india
Kanamam,531173,VISAKHAPATANAM,ANDHRA PRADESH,india
Ananthavaram,531219,VISAKHAPATANAM,ANDHRA PRADESH,india
Chinnapuram,531219,VISAKHAPATANAM,ANDHRA PRADESH,india
Gandhavaram,531219,VISAKHAPATANAM,ANDHRA PRADESH,india
Gottupalli,531219,VISAKHAPATANAM,ANDHRA PRADESH,india
Kusuluwada,531219,VISAKHAPATANAM,ANDHRA PRADESH,india
Sirlapalem,531219,VISAKHAPATANAM,ANDHRA PRADESH,india
Bhandevupuram,531219,VISAKHAPATANAM,ANDHRA PRADESH,india
Simhachalam Hills,530028,VISAKHAPATANAM,ANDHRA PRADESH,india
Vedullanarava,530049,Anakapalli,ANDHRA PRADESH,india
Porlupalem,530047,VISAKHAPATANAM,ANDHRA PRADESH,india
Kotyada,535240,VIZIANAGARAM,ANDHRA PRADESH,india
Kalagada,535240,VIZIANAGARAM,ANDHRA PRADESH,india
Bantupalli,535216,VIZIANAGARAM,ANDHRA PRADESH,india
Munjeru,535216,VIZIANAGARAM,ANDHRA PRADESH,india
Gudepuvalasa,535216,VIZIANAGARAM,ANDHRA PRADESH,india
Mukkam,535216,VIZIANAGARAM,ANDHRA PRADESH,india
Kanimeraka,535260,VIZIANAGARAM,ANDHRA PRADESH,india
Raindram,535260,VIZIANAGARAM,ANDHRA PRADESH,india
Tamatada,535260,VIZIANAGARAM,ANDHRA PRADESH,india
Ippalavalasa,535581,VIZIANAGARAM,ANDHRA PRADESH,india
Kuneru,535581,VIZIANAGARAM,ANDHRA PRADESH,india
Uddangi,535581,VIZIANAGARAM,ANDHRA PRADESH,india
Madhupada,535148,VIZIANAGARAM,ANDHRA PRADESH,india
M Gumudam,535270,VIZIANAGARAM,ANDHRA PRADESH,india
Marupalli,535270,VIZIANAGARAM,ANDHRA PRADESH,india
M Kothavalasa,535270,VIZIANAGARAM,ANDHRA PRADESH,india
Mutcherla,535270,VIZIANAGARAM,ANDHRA PRADESH,india
Pinavemali,535004,VIZIANAGARAM,ANDHRA PRADESH,india
Rakodu,535004,VIZIANAGARAM,ANDHRA PRADESH,india
Bheemasinghi,535250,VISAKHAPATANAM,ANDHRA PRADESH,india
R B Puram,535250,VISAKHAPATANAM,ANDHRA PRADESH,india
Vizinigiri,535250,VISAKHAPATANAM,ANDHRA PRADESH,india
VENNE,535250,VISAKHAPATANAM,ANDHRA PRADESH,india
Garikavalasa,535220,VIZIANAGARAM,ANDHRA PRADESH,india
Palavalasa,535220,VIZIANAGARAM,ANDHRA PRADESH,india
Palli Gandredu,535220,VIZIANAGARAM,ANDHRA PRADESH,india
Gangubudi,535183,VIZIANAGARAM,ANDHRA PRADESH,india
Pathavalasa,535183,Anakapalli,ANDHRA PRADESH,india
T Sanduluru,535161,VIZIANAGARAM,ANDHRA PRADESH,india
Kallempudi,535161,VIZIANAGARAM,ANDHRA PRADESH,india
Seetharampuram,535161,VIZIANAGARAM,ANDHRA PRADESH,india
Singarai,535161,VIZIANAGARAM,ANDHRA PRADESH,india
Sompuram Agraharam,535161,VIZIANAGARAM,ANDHRA PRADESH,india
Andra,535273,VIZIANAGARAM,ANDHRA PRADESH,india
Melia Kancheru,535273,Parvathipuram Manyam,ANDHRA PRADESH,india
Pedaraba,535273,Alluri Sitharama Raju,ANDHRA PRADESH,india
Kondagumpam,535280,VIZIANAGARAM,ANDHRA PRADESH,india
Manyapuripeta,535217,VIZIANAGARAM,ANDHRA PRADESH,india
Nagallavalasa,535217,VIZIANAGARAM,ANDHRA PRADESH,india
Kirthubarthi,535221,VIZIANAGARAM,ANDHRA PRADESH,india
Kothapalem,535221,VIZIANAGARAM,ANDHRA PRADESH,india
Veduruvada,535221,VIZIANAGARAM,ANDHRA PRADESH,india
Gutchimi,535582,VIZIANAGARAM,ANDHRA PRADESH,india
Poram,535580,VIZIANAGARAM,ANDHRA PRADESH,india
S Chintalavalasa,535580,VIZIANAGARAM,ANDHRA PRADESH,india
Vindhyavasi,535582,VIZIANAGARAM,ANDHRA PRADESH,india
Rellivalasa,535204,VIZIANAGARAM,ANDHRA PRADESH,india
Chodamma Agraharam,535204,VIZIANAGARAM,ANDHRA PRADESH,india
Govindapuram,535204,VIZIANAGARAM,ANDHRA PRADESH,india
Alugolu,535218,VIZIANAGARAM,ANDHRA PRADESH,india
M J R Peta,535218,VIZIANAGARAM,ANDHRA PRADESH,india
Tatipudi,535218,VIZIANAGARAM,ANDHRA PRADESH,india
Pedakandepalli,535145,VIZIANAGARAM,ANDHRA PRADESH,india
Valasi,535145,VISAKHAPATANAM,ANDHRA PRADESH,india
Veeranaraynam,535145,VIZIANAGARAM,ANDHRA PRADESH,india
K G Budi,535145,VIZIANAGARAM,ANDHRA PRADESH,india
T B Vara,535145,VIZIANAGARAM,ANDHRA PRADESH,india
Daraparthi,535145,VISAKHAPATANAM,ANDHRA PRADESH,india
Konada,535213,VIZIANAGARAM,ANDHRA PRADESH,india
Velduru,535213,VIZIANAGARAM,ANDHRA PRADESH,india
Dabbirajupeta,535281,VIZIANAGARAM,ANDHRA PRADESH,india
Ambativalasa,535003,VIZIANAGARAM,ANDHRA PRADESH,india
Dwarapudi,535003,VIZIANAGARAM,ANDHRA PRADESH,india
VENDRAM,535003,VIZIANAGARAM,ANDHRA PRADESH,india
Gundala,533352,EAST GODAVARI,ANDHRA PRADESH,india
Peddapappuru,515445,ANANTAPUR,ANDHRA PRADESH,india
Bukkacherla,515002,ANANTAPUR,ANDHRA PRADESH,india
Parsannayapalli,515002,ANANTAPUR,ANDHRA PRADESH,india
Oddupalli,515751,ANANTAPUR,ANDHRA PRADESH,india
Narinjagundlapalli,515741,ANANTAPUR,ANDHRA PRADESH,india
Ramasagaram,515741,ANANTAPUR,ANDHRA PRADESH,india
Y Rama Puram,515741,ANANTAPUR,ANDHRA PRADESH,india
Aluru,515415,ANANTAPUR,ANDHRA PRADESH,india
Bhogasamudram,515415,ANANTAPUR,ANDHRA PRADESH,india
Sajjaladinne,515415,ANANTAPUR,ANDHRA PRADESH,india
Venkatareddipalli,515415,ANANTAPUR,ANDHRA PRADESH,india
Jambuladinne,515731,ANANTAPUR,ANDHRA PRADESH,india
Rachanapalli,515004,ANANTAPUR,ANDHRA PRADESH,india
Ayyavaripalli,515722,ANANTAPUR,ANDHRA PRADESH,india
Palacherla,515722,ANANTAPUR,ANDHRA PRADESH,india
Thopudurthi,515722,ANANTAPUR,ANDHRA PRADESH,india
Kalvapalli,515761,ANANTAPUR,ANDHRA PRADESH,india
Konapuram,515761,ANANTAPUR,ANDHRA PRADESH,india
Kurabanahalli,515761,ANANTAPUR,ANDHRA PRADESH,india
Ontimiddi,515761,ANANTAPUR,ANDHRA PRADESH,india
Cholasamudram,515711,ANANTAPUR,ANDHRA PRADESH,india
Udiripikonda,515711,ANANTAPUR,ANDHRA PRADESH,india
Allapuram,515766,ANANTAPUR,ANDHRA PRADESH,india
Malayanuru,515766,ANANTAPUR,ANDHRA PRADESH,india
Bandlapalli,515425,ANANTAPUR,ANDHRA PRADESH,india
H Sodanapalli,515425,ANANTAPUR,ANDHRA PRADESH,india
Bhattuvanipalli,515787,ANANTAPUR,ANDHRA PRADESH,india
Muddinayanipalli,515787,ANANTAPUR,ANDHRA PRADESH,india
Thimmasamudram,515787,ANANTAPUR,ANDHRA PRADESH,india
Diguvapalli,515414,ANANTAPUR,ANDHRA PRADESH,india
Vanganuru,515411,ANANTAPUR,ANDHRA PRADESH,india
Yerraguntapalli,515411,ANANTAPUR,ANDHRA PRADESH,india
Kalluru,515465,ANANTAPUR,ANDHRA PRADESH,india
Thimmampalli,515465,ANANTAPUR,ANDHRA PRADESH,india
Pedda Kowkuntla,515822,ANANTAPUR,ANDHRA PRADESH,india
Basinepalli,515402,ANANTAPUR,ANDHRA PRADESH,india
Karidikonda,515402,ANANTAPUR,ANDHRA PRADESH,india
Isurallapalli,515401,ANANTAPUR,ANDHRA PRADESH,india
Kalugodu,515863,ANANTAPUR,ANDHRA PRADESH,india
Kodihalli West,515863,ANANTAPUR,ANDHRA PRADESH,india
Tallakera,515863,ANANTAPUR,ANDHRA PRADESH,india
Bommanahal,515871,ANANTAPUR,ANDHRA PRADESH,india
Devagiri,515871,ANANTAPUR,ANDHRA PRADESH,india
Kalekurthy,515871,ANANTAPUR,ANDHRA PRADESH,india
Thimmapuram,515803,ANANTAPUR,ANDHRA PRADESH,india
Devarapalli,515775,ANANTAPUR,ANDHRA PRADESH,india
Chinnavadugur,515405,ANANTAPUR,ANDHRA PRADESH,india
Lachumpalli,515405,ANANTAPUR,ANDHRA PRADESH,india
Darga Kondaopuram,515865,ANANTAPUR,ANDHRA PRADESH,india
Pulakurthy,515865,ANANTAPUR,ANDHRA PRADESH,india
Pulicherla,515865,ANANTAPUR,ANDHRA PRADESH,india
R.B.Vanka,515865,ANANTAPUR,ANDHRA PRADESH,india
Somalapuram,515865,ANANTAPUR,ANDHRA PRADESH,india
Chintalacheruvu,515455,ANANTAPUR,ANDHRA PRADESH,india
Krishtipadu,515455,ANANTAPUR,ANDHRA PRADESH,india
Kallumadi,515611,ANANTAPUR,ANDHRA PRADESH,india
Avuladatla,515867,ANANTAPUR,ANDHRA PRADESH,india
Bommakkapalli,515867,ANANTAPUR,ANDHRA PRADESH,india
Kenchanapalli,515867,ANANTAPUR,ANDHRA PRADESH,india
Dharmapuri,515812,ANANTAPUR,ANDHRA PRADESH,india
Govindawada,515812,ANANTAPUR,ANDHRA PRADESH,india
Kamalapadu,515832,ANANTAPUR,ANDHRA PRADESH,india
Tatrakallu,515832,ANANTAPUR,ANDHRA PRADESH,india
Velpumadugu,515870,ANANTAPUR,ANDHRA PRADESH,india
Konauppalapadu,515408,ANANTAPUR,ANDHRA PRADESH,india
Nitturu,515408,ANANTAPUR,ANDHRA PRADESH,india
Gajulapalle,517129,CHITTOOR,ANDHRA PRADESH,india
Mathyam,517129,CHITTOOR,ANDHRA PRADESH,india
Vengampalle,517129,CHITTOOR,ANDHRA PRADESH,india
Alappalle,517415,CHITTOOR,ANDHRA PRADESH,india
Errandlapalle,517416,CHITTOOR,ANDHRA PRADESH,india
Katappagaripalle,517416,CHITTOOR,ANDHRA PRADESH,india
Mangalapalle,517416,CHITTOOR,ANDHRA PRADESH,india
Tenebanda,517004,CHITTOOR,ANDHRA PRADESH,india
Chennamagudipalle,517002,CHITTOOR,ANDHRA PRADESH,india
Ellamrajupalle,517125,CHITTOOR,ANDHRA PRADESH,india
Peddakalva,517125,CHITTOOR,ANDHRA PRADESH,india
Velkur,517125,CHITTOOR,ANDHRA PRADESH,india
Vepanjeri,517125,CHITTOOR,ANDHRA PRADESH,india
Polakala,517130,CHITTOOR,ANDHRA PRADESH,india
Madhavaram IRM,517128,CHITTOOR,ANDHRA PRADESH,india
Diguvatadakara,517131,CHITTOOR,ANDHRA PRADESH,india
Paipalle,517131,CHITTOOR,ANDHRA PRADESH,india
Uttarabrahmanapalle,517131,CHITTOOR,ANDHRA PRADESH,india
Pathikonda,517432,CHITTOOR,ANDHRA PRADESH,india
Marripalle,517167,CHITTOOR,ANDHRA PRADESH,india
Settivanatham,517167,CHITTOOR,ANDHRA PRADESH,india
Srirangarajapuram,517167,CHITTOOR,ANDHRA PRADESH,india
Chinnaickenpalle,517127,CHITTOOR,ANDHRA PRADESH,india
Doddipalle,517127,CHITTOOR,ANDHRA PRADESH,india
Poonepallekandriga,517127,CHITTOOR,ANDHRA PRADESH,india
Pallur,517132,CHITTOOR,ANDHRA PRADESH,india
Muthukur NRP,517419,CHITTOOR,ANDHRA PRADESH,india
Kallupalle,517408,CHITTOOR,ANDHRA PRADESH,india
Panjani,517408,CHITTOOR,ANDHRA PRADESH,india
Pengaragunta,517408,CHITTOOR,ANDHRA PRADESH,india
Oddepalle,517126,CHITTOOR,ANDHRA PRADESH,india
Chinnakalikiri,517124,CHITTOOR,ANDHRA PRADESH,india
Kammguttapalle,517124,CHITTOOR,ANDHRA PRADESH,india
Patoor,517124,CHITTOOR,ANDHRA PRADESH,india
Thalupulapalle,517124,CHITTOOR,ANDHRA PRADESH,india
Naragallu,517403,CHITTOOR,ANDHRA PRADESH,india
Siddarajurangarajukandiga,517599,CHITTOOR,ANDHRA PRADESH,india
Keenatipalle,517422,CHITTOOR,ANDHRA PRADESH,india
Madireddipalle,517422,CHITTOOR,ANDHRA PRADESH,india
Boochipalle,517370,Annamayya,ANDHRA PRADESH,india
Chokkandlapalle,517417,Annamayya,ANDHRA PRADESH,india
Nadimpalle,517417,Annamayya,ANDHRA PRADESH,india
Dadepallerajulur,517257,CHITTOOR,ANDHRA PRADESH,india
Mekalachinnepalle,517257,CHITTOOR,ANDHRA PRADESH,india
Nellimanda,517257,CHITTOOR,ANDHRA PRADESH,india
Patrapalle,517257,CHITTOOR,ANDHRA PRADESH,india
Peddaupparapalle,517257,CHITTOOR,ANDHRA PRADESH,india
Pogurupalle,517426,CHITTOOR,ANDHRA PRADESH,india
Sanganapalle,517426,CHITTOOR,ANDHRA PRADESH,india
Kamathamur,517425,CHITTOOR,ANDHRA PRADESH,india
Kangundi,517425,CHITTOOR,ANDHRA PRADESH,india
Vendugampalle,517425,CHITTOOR,ANDHRA PRADESH,india
Matluvaripalle,517350,Annamayya,ANDHRA PRADESH,india
Mudivedu,517350,Annamayya,ANDHRA PRADESH,india
Angallu,517326,Annamayya,ANDHRA PRADESH,india
Arogyavaram,517326,Annamayya,ANDHRA PRADESH,india
Chandramakulapalle,517326,CHITTOOR,ANDHRA PRADESH,india
Kotevuru,517326,Annamayya,ANDHRA PRADESH,india
Kalavapalle,517390,Annamayya,ANDHRA PRADESH,india
Kandukuru,517391,Annamayya,ANDHRA PRADESH,india
Pattamvandlapalle,517391,Annamayya,ANDHRA PRADESH,india
Kudurucheemanapalle,517247,Annamayya,ANDHRA PRADESH,india
Melamdoddi,517247,CHITTOOR,ANDHRA PRADESH,india
Pudipatla,517247,CHITTOOR,ANDHRA PRADESH,india
Sugalimitta,517247,CHITTOOR,ANDHRA PRADESH,india
Karlagatta,517423,CHITTOOR,ANDHRA PRADESH,india
Konganapalle,517401,CHITTOOR,ANDHRA PRADESH,india
Naniyala,517401,CHITTOOR,ANDHRA PRADESH,india
Pallikuppam,517401,CHITTOOR,ANDHRA PRADESH,india
Erraballe,517352,Annamayya,ANDHRA PRADESH,india
Itikanellore,517414,CHITTOOR,ANDHRA PRADESH,india
Booragamanda,517123,CHITTOOR,ANDHRA PRADESH,india
Nadigadda,517123,CHITTOOR,ANDHRA PRADESH,india
Gonamakulapalle,517424,CHITTOOR,ANDHRA PRADESH,india
Kalvapalli,516228,Y.S.R.,ANDHRA PRADESH,india
Venkataramapuram,516228,Y.S.R.,ANDHRA PRADESH,india
Ethirajupalli,516227,Y.S.R.,ANDHRA PRADESH,india
Kumarakalva,516259,Y.S.R.,ANDHRA PRADESH,india
Mulapalli,516259,Y.S.R.,ANDHRA PRADESH,india
Nersupalli,516259,Y.S.R.,ANDHRA PRADESH,india
Surabhi,516259,Y.S.R.,ANDHRA PRADESH,india
Diguvanelatur,516502,Y.S.R.,ANDHRA PRADESH,india
Dirasavantsa,516502,Y.S.R.,ANDHRA PRADESH,india
Eguvanelatur,516502,Y.S.R.,ANDHRA PRADESH,india
Gunthapalli,516502,Y.S.R.,ANDHRA PRADESH,india
Kothapalli,516502,Y.S.R.,ANDHRA PRADESH,india
Thiruvengalapuram,516502,Y.S.R.,ANDHRA PRADESH,india
Chinnamachupalli,516162,Y.S.R.,ANDHRA PRADESH,india
Obulampalli,516162,Y.S.R.,ANDHRA PRADESH,india
Pulikunta,516267,Y.S.R.,ANDHRA PRADESH,india
Talamudipi,516267,Y.S.R.,ANDHRA PRADESH,india
Bethayapalli,516233,Y.S.R.,ANDHRA PRADESH,india
Rekulakunta,516233,Y.S.R.,ANDHRA PRADESH,india
Brahmanapalli,516217,Y.S.R.,ANDHRA PRADESH,india
Palugurallapalli,516503,Y.S.R.,ANDHRA PRADESH,india
Somireddypalli,516503,Y.S.R.,ANDHRA PRADESH,india
Beechuvaripalli,516203,Y.S.R.,ANDHRA PRADESH,india
Thavaripalli,516203,Y.S.R.,ANDHRA PRADESH,india
Guntimadugu,516257,Y.S.R.,ANDHRA PRADESH,india
Kasthurirajupalli,516257,Y.S.R.,ANDHRA PRADESH,india
Kakulavaram,516270,Y.S.R.,ANDHRA PRADESH,india
Pothukurapalli,516270,Y.S.R.,ANDHRA PRADESH,india
Dinnepadu,516504,Y.S.R.,ANDHRA PRADESH,india
Gopagudi Palli,516504,Y.S.R.,ANDHRA PRADESH,india
Hasanapuram,516504,Y.S.R.,ANDHRA PRADESH,india
Kalpanayunicheruvu,516504,Y.S.R.,ANDHRA PRADESH,india
Kondavandlapalli,516504,Y.S.R.,ANDHRA PRADESH,india
Ayyavaripalli,516193,Y.S.R.,ANDHRA PRADESH,india
Chinthalapalli,516193,Y.S.R.,ANDHRA PRADESH,india
Govindayapalli,516193,Y.S.R.,ANDHRA PRADESH,india
Savisettipalli,516193,Y.S.R.,ANDHRA PRADESH,india
Chinnakampalli,516003,Y.S.R.,ANDHRA PRADESH,india
Chintha Komma Dinne,516003,Y.S.R.,ANDHRA PRADESH,india
Pabbapuram,516003,Y.S.R.,ANDHRA PRADESH,india
Gunnikuntla,516269,Y.S.R.,ANDHRA PRADESH,india
Katinayakunta,516269,Y.S.R.,ANDHRA PRADESH,india
Madhavaram,516269,Y.S.R.,ANDHRA PRADESH,india
Odiveedu,516269,Y.S.R.,ANDHRA PRADESH,india
Adavikammapalli,516215,Y.S.R.,ANDHRA PRADESH,india
Dudyala,516215,Y.S.R.,ANDHRA PRADESH,india
T. Sadipirallavandla Palli,516215,Y.S.R.,ANDHRA PRADESH,india
Vaddevandlapalli,516215,Y.S.R.,ANDHRA PRADESH,india
Chinnachowk,516002,Y.S.R.,ANDHRA PRADESH,india
Lingampalli,516002,Y.S.R.,ANDHRA PRADESH,india
Patha Cuddapah,516002,Y.S.R.,ANDHRA PRADESH,india
RTC Work Shop,516002,Y.S.R.,ANDHRA PRADESH,india
Ukkayapalle,516002,Y.S.R.,ANDHRA PRADESH,india
Kalavakunta,516505,Y.S.R.,ANDHRA PRADESH,india
Edapalli,516268,Y.S.R.,ANDHRA PRADESH,india
Rachapalli,516268,Y.S.R.,ANDHRA PRADESH,india
Govindampalli,516105,Annamayya,ANDHRA PRADESH,india
Malinenipatnam,516501,Y.S.R.,ANDHRA PRADESH,india
Muthukur,516501,Y.S.R.,ANDHRA PRADESH,india
Mudrapalli,516128,Y.S.R.,ANDHRA PRADESH,india
Devamachupalli,516104,Y.S.R.,ANDHRA PRADESH,india
Kandulavaripalli,516104,Y.S.R.,ANDHRA PRADESH,india
Lakshmigari Palli,516101,Y.S.R.,ANDHRA PRADESH,india
Settigunta,516101,Y.S.R.,ANDHRA PRADESH,india
Nekanapuram,516247,Y.S.R.,ANDHRA PRADESH,india
Seetharamapuram,516126,Y.S.R.,ANDHRA PRADESH,india
Nadimpalli,516152,Y.S.R.,ANDHRA PRADESH,india
Allwyn Nagar,516150,Y.S.R.,ANDHRA PRADESH,india
Nandalur Bazar,516150,Y.S.R.,ANDHRA PRADESH,india
Botumeedipalli,516108,Y.S.R.,ANDHRA PRADESH,india
Gadela,516108,Y.S.R.,ANDHRA PRADESH,india
Nukanapalli,516108,Y.S.R.,ANDHRA PRADESH,india
Cheruvukinda Rachapalli,516110,Y.S.R.,ANDHRA PRADESH,india
Nagaripadu,516110,Y.S.R.,ANDHRA PRADESH,india
Singareddypalli,516127,Y.S.R.,ANDHRA PRADESH,india
Velagacherla,516127,Y.S.R.,ANDHRA PRADESH,india
Appayarajupet,516107,Y.S.R.,ANDHRA PRADESH,india
Dandlapalli,516107,Y.S.R.,ANDHRA PRADESH,india
Kommanavaripalli,516107,Y.S.R.,ANDHRA PRADESH,india
Kothapet,516107,Y.S.R.,ANDHRA PRADESH,india
Puthanavaripalli,516107,Y.S.R.,ANDHRA PRADESH,india
Thippayyapalli,516107,Y.S.R.,ANDHRA PRADESH,india
Mudumpadu,516129,Y.S.R.,ANDHRA PRADESH,india
Peddinenikalva,516129,Y.S.R.,ANDHRA PRADESH,india
Jangalapalli,516237,Y.S.R.,ANDHRA PRADESH,india
Bhagampalli,516130,Y.S.R.,ANDHRA PRADESH,india
Budidagunta Rachapalli,516130,Y.S.R.,ANDHRA PRADESH,india
Gundlapalli,516130,Y.S.R.,ANDHRA PRADESH,india
Polimerapalli,516130,Y.S.R.,ANDHRA PRADESH,india
Pothapi,516151,Y.S.R.,ANDHRA PRADESH,india
Mohiddin Sahib Palli,516213,Y.S.R.,ANDHRA PRADESH,india
Rachapalli,516213,Y.S.R.,ANDHRA PRADESH,india
Kancharavandlapalli,515556,Sri Sathya Sai,ANDHRA PRADESH,india
Tummala,515556,Sri Sathya Sai,ANDHRA PRADESH,india
Narasimpalli,515661,Sri Sathya Sai,ANDHRA PRADESH,india
Nidigallu,515661,Sri Sathya Sai,ANDHRA PRADESH,india
Potlamarri,515661,Sri Sathya Sai,ANDHRA PRADESH,india
Buchayyagaripalli,515144,Sri Sathya Sai,ANDHRA PRADESH,india
Kunuthuru,515672,Sri Sathya Sai,ANDHRA PRADESH,india
Mallakalva,515672,Sri Sathya Sai,ANDHRA PRADESH,india
Nallaboyanapalle,515672,Sri Sathya Sai,ANDHRA PRADESH,india
Ramagiri,515672,Sri Sathya Sai,ANDHRA PRADESH,india
Ravulacheruvu,515672,Sri Sathya Sai,ANDHRA PRADESH,india
Thummala,515672,Sri Sathya Sai,ANDHRA PRADESH,india
Dhaniyancheruvu,515521,Sri Sathya Sai,ANDHRA PRADESH,india
Marrikommadinne,515521,Sri Sathya Sai,ANDHRA PRADESH,india
Mekalacheruvu,515521,Sri Sathya Sai,ANDHRA PRADESH,india
P.Kothapalli,515521,Sri Sathya Sai,ANDHRA PRADESH,india
Kappalabanda,515133,Sri Sathya Sai,ANDHRA PRADESH,india
Mirjapuram,515133,Sri Sathya Sai,ANDHRA PRADESH,india
Nagireddipalli,515133,Sri Sathya Sai,ANDHRA PRADESH,india
Pothulakunta,515133,Sri Sathya Sai,ANDHRA PRADESH,india
Elukuntla,515159,Sri Sathya Sai,ANDHRA PRADESH,india
Ramasagaram,515159,Sri Sathya Sai,ANDHRA PRADESH,india
Kadiri Kuntlapalli,515541,Sri Sathya Sai,ANDHRA PRADESH,india
Pothulanagepalli,515651,Sri Sathya Sai,ANDHRA PRADESH,india
Budanampalle,515511,Sri Sathya Sai,ANDHRA PRADESH,india
Gandlavandlapalli,515511,Sri Sathya Sai,ANDHRA PRADESH,india
Sankepalle,515511,Sri Sathya Sai,ANDHRA PRADESH,india
Peddayellampalli,515551,Sri Sathya Sai,ANDHRA PRADESH,india
Ubicherla,515551,Sri Sathya Sai,ANDHRA PRADESH,india
Niluvarathipalli,515561,ANANTAPUR,ANDHRA PRADESH,india
Siddarampuram,515154,Sri Sathya Sai,ANDHRA PRADESH,india
Badavandlapalli,515501,Sri Sathya Sai,ANDHRA PRADESH,india
Chowtakuntapalli,515501,Sri Sathya Sai,ANDHRA PRADESH,india
Kutalacheruvupalli,515501,Sri Sathya Sai,ANDHRA PRADESH,india
Pemanakuntapalli Thanda,515501,Sri Sathya Sai,ANDHRA PRADESH,india
Garimakulapalli,515621,Sri Sathya Sai,ANDHRA PRADESH,india
Maddalacheruvu,515621,Sri Sathya Sai,ANDHRA PRADESH,india
Atmakur,515631,Sri Sathya Sai,ANDHRA PRADESH,india
Chillakondayapalli,515631,Sri Sathya Sai,ANDHRA PRADESH,india
Chinnachigullarevu,515631,Sri Sathya Sai,ANDHRA PRADESH,india
Maravapalli Agraharam,515631,Sri Sathya Sai,ANDHRA PRADESH,india
Marrimakulapalle,515631,Sri Sathya Sai,ANDHRA PRADESH,india
Gangivaripalli,515581,Sri Sathya Sai,ANDHRA PRADESH,india
Vepamanipeta,515581,Sri Sathya Sai,ANDHRA PRADESH,india
Balasamudram,515571,Sri Sathya Sai,ANDHRA PRADESH,india
Bonthalapalle,515571,Sri Sathya Sai,ANDHRA PRADESH,india
Pedaballi,515571,Sri Sathya Sai,ANDHRA PRADESH,india
Bussaiahgaripalli,515241,Sri Sathya Sai,ANDHRA PRADESH,india
Thungodu,515241,Sri Sathya Sai,ANDHRA PRADESH,india
Mustikovela,515101,Sri Sathya Sai,ANDHRA PRADESH,india
Nagasamudram,515101,Sri Sathya Sai,ANDHRA PRADESH,india
Puletipalli,515101,Sri Sathya Sai,ANDHRA PRADESH,india
Venkatampalli,515101,Sri Sathya Sai,ANDHRA PRADESH,india
Veerapuram,515341,Sri Sathya Sai,ANDHRA PRADESH,india
Gownivaripalli,515231,Sri Sathya Sai,ANDHRA PRADESH,india
Kammavaripalli,515231,Sri Sathya Sai,ANDHRA PRADESH,india
Hottethimmanahalli,515271,Sri Sathya Sai,ANDHRA PRADESH,india
Tallikera,515271,Sri Sathya Sai,ANDHRA PRADESH,india
Kurubavandlapalli,515164,Sri Sathya Sai,ANDHRA PRADESH,india
Munimadugu,515164,Sri Sathya Sai,ANDHRA PRADESH,india
Venkatagiripalem,515164,Sri Sathya Sai,ANDHRA PRADESH,india
Nidraghatta,515286,Sri Sathya Sai,ANDHRA PRADESH,india
Kotnur,515212,Sri Sathya Sai,ANDHRA PRADESH,india
Malugur,515212,Sri Sathya Sai,ANDHRA PRADESH,india
Manesamudram,515212,Sri Sathya Sai,ANDHRA PRADESH,india
S.Sadlapalli,515211,Sri Sathya Sai,ANDHRA PRADESH,india
Somaghatta,515601,Sri Sathya Sai,ANDHRA PRADESH,india
Cholasamudram,515331,Sri Sathya Sai,ANDHRA PRADESH,india
Demakethapalli,515331,Sri Sathya Sai,ANDHRA PRADESH,india
Zilladakunta,515301,Sri Sathya Sai,ANDHRA PRADESH,india
Hindupur Fort,515202,Sri Sathya Sai,ANDHRA PRADESH,india
Govindapuram,515291,Sri Sathya Sai,ANDHRA PRADESH,india
Hottebetta,515291,Sri Sathya Sai,ANDHRA PRADESH,india
Beechaganipalli,515261,Sri Sathya Sai,ANDHRA PRADESH,india
Honnampalli,515261,Sri Sathya Sai,ANDHRA PRADESH,india
Brahmasamudram,515124,Sri Sathya Sai,ANDHRA PRADESH,india
Chinnamanthur,515124,Sri Sathya Sai,ANDHRA PRADESH,india
Bandlapalli,515110,Sri Sathya Sai,ANDHRA PRADESH,india
Chennarajupalli,515110,Sri Sathya Sai,ANDHRA PRADESH,india
Settipalli,515110,Sri Sathya Sai,ANDHRA PRADESH,india
Karikera,515305,Sri Sathya Sai,ANDHRA PRADESH,india
Gonimekalapalli,515123,Sri Sathya Sai,ANDHRA PRADESH,india
Mulakalacheruvu,515123,Sri Sathya Sai,ANDHRA PRADESH,india
Kaki,515321,Sri Sathya Sai,ANDHRA PRADESH,india
Edulaballapuram,515122,Sri Sathya Sai,ANDHRA PRADESH,india
Gudipalli,515122,Sri Sathya Sai,ANDHRA PRADESH,india
Nadimpalli,515122,Sri Sathya Sai,ANDHRA PRADESH,india
Suddakuntapalli,515122,Sri Sathya Sai,ANDHRA PRADESH,india
Arekallu,518302,KURNOOL,ANDHRA PRADESH,india
Dibbanakallu,518302,KURNOOL,ANDHRA PRADESH,india
Kammarchedu,518302,KURNOOL,ANDHRA PRADESH,india
Madhire,518302,KURNOOL,ANDHRA PRADESH,india
Peddathumbalam,518302,KURNOOL,ANDHRA PRADESH,india
Chigali,518347,KURNOOL,ANDHRA PRADESH,india
Joharapuram,518347,KURNOOL,ANDHRA PRADESH,india
Muthukur,518347,KURNOOL,ANDHRA PRADESH,india
Virupapuram,518347,KURNOOL,ANDHRA PRADESH,india
Bapuram,518348,KURNOOL,ANDHRA PRADESH,india
Bevinahal,518348,KURNOOL,ANDHRA PRADESH,india
Katriki,518333,KURNOOL,ANDHRA PRADESH,india
Harivanam,518308,KURNOOL,ANDHRA PRADESH,india
Dommaladinne,518344,KURNOOL,ANDHRA PRADESH,india
Kuntanahal,518344,KURNOOL,ANDHRA PRADESH,india
Duddi,518313,KURNOOL,ANDHRA PRADESH,india
Jummaladinne,518313,KURNOOL,ANDHRA PRADESH,india
Om Nagar,518313,KURNOOL,ANDHRA PRADESH,india
Kanakaveedu,518343,KURNOOL,ANDHRA PRADESH,india
Machapuram,518343,KURNOOL,ANDHRA PRADESH,india
Chippagiri,518396,KURNOOL,ANDHRA PRADESH,india
Gummanur,518396,KURNOOL,ANDHRA PRADESH,india
Mallikarjunahalli,518396,KURNOOL,ANDHRA PRADESH,india
Nagardona,518396,KURNOOL,ANDHRA PRADESH,india
Ramadurgam,518396,KURNOOL,ANDHRA PRADESH,india
Buruzula,518380,KURNOOL,ANDHRA PRADESH,india
Chandoli,518380,KURNOOL,ANDHRA PRADESH,india
Ratana,518380,KURNOOL,ANDHRA PRADESH,india
Mekadona,518323,KURNOOL,ANDHRA PRADESH,india
Pesalabanda,518323,KURNOOL,ANDHRA PRADESH,india
G.Erragudi,518390,KURNOOL,ANDHRA PRADESH,india
Peravali,518390,KURNOOL,ANDHRA PRADESH,india
Ratsamarri,518349,KURNOOL,ANDHRA PRADESH,india
Daivamdinne,518360,KURNOOL,ANDHRA PRADESH,india
Enigabala,518360,KURNOOL,ANDHRA PRADESH,india
Govt Live Stock Form,518360,KURNOOL,ANDHRA PRADESH,india
Kalugotla,518360,KURNOOL,ANDHRA PRADESH,india
Nallakalva,518422,Nandyal,ANDHRA PRADESH,india
Siddapuram,518422,Nandyal,ANDHRA PRADESH,india
Vadlaramapuram,518422,Nandyal,ANDHRA PRADESH,india
Palukudoddi,518462,KURNOOL,ANDHRA PRADESH,india
Musalayacheruvu,518599,Nandyal,ANDHRA PRADESH,india
Vaddeman,518432,Nandyal,ANDHRA PRADESH,india
Kandikayapalli,518206,Nandyal,ANDHRA PRADESH,india
Kunkanur,518465,KURNOOL,ANDHRA PRADESH,india
Nelatalamarri,518465,KURNOOL,ANDHRA PRADESH,india
Yatakallu,518465,KURNOOL,ANDHRA PRADESH,india
Yelamakur,518465,KURNOOL,ANDHRA PRADESH,india
Bogolu,518222,KURNOOL,ANDHRA PRADESH,india
Dharmavaram,518222,Nandyal,ANDHRA PRADESH,india
Jagadurthi,518222,Nandyal,ANDHRA PRADESH,india
Malkapuram,518222,Nandyal,ANDHRA PRADESH,india
Sudepalli,518222,KURNOOL,ANDHRA PRADESH,india
Udumulapadu,518222,Nandyal,ANDHRA PRADESH,india
Chellelichelimala,518225,KURNOOL,ANDHRA PRADESH,india
Kethavaram,518452,KURNOOL,ANDHRA PRADESH,india
Padidempadu,518452,KURNOOL,ANDHRA PRADESH,india
Pasupula,518452,KURNOOL,ANDHRA PRADESH,india
Rudravaram,518452,KURNOOL,ANDHRA PRADESH,india
Alavala,518463,KURNOOL,ANDHRA PRADESH,india
H.Khairvadi,518463,KURNOOL,ANDHRA PRADESH,india
Gudipadu,518466,KURNOOL,ANDHRA PRADESH,india
Mallapuram,518466,KURNOOL,ANDHRA PRADESH,india
Remata,518466,KURNOOL,ANDHRA PRADESH,india
Burugula,518220,Nandyal,ANDHRA PRADESH,india
Garladinne,518220,Nandyal,ANDHRA PRADESH,india
Nereducherla,518220,Nandyal,ANDHRA PRADESH,india
Kurunur,518464,KURNOOL,ANDHRA PRADESH,india
Varkur,518464,KURNOOL,ANDHRA PRADESH,india
Bijina Vemula,518411,Nandyal,ANDHRA PRADESH,india
E.Thandrapadu,518004,KURNOOL,ANDHRA PRADESH,india
Edururu,518004,KURNOOL,ANDHRA PRADESH,india
Mamidalapadu,518004,KURNOOL,ANDHRA PRADESH,india
S.R.P.M,518004,KURNOOL,ANDHRA PRADESH,india
Jutur,518401,Nandyal,ANDHRA PRADESH,india
N.S.C.Farm,518401,Nandyal,ANDHRA PRADESH,india
Tangadancha,518401,Nandyal,ANDHRA PRADESH,india
Hussainapuram,518221,Nandyal,ANDHRA PRADESH,india
Kadamakuntla,518221,KURNOOL,ANDHRA PRADESH,india
Gundlakonda,518468,KURNOOL,ANDHRA PRADESH,india
Nallachelimala,518468,KURNOOL,ANDHRA PRADESH,india
Pendekallu Bus Stand,518468,Nandyal,ANDHRA PRADESH,india
Alamkonda,518468,KURNOOL,ANDHRA PRADESH,india
Prathakota east,518412,Nandyal,ANDHRA PRADESH,india
M.Pendakallu,518217,Nandyal,ANDHRA PRADESH,india
Pullagummi,518217,KURNOOL,ANDHRA PRADESH,india
R.Kothapalli,518598,Nandyal,ANDHRA PRADESH,india
Kalluru,518003,KURNOOL,ANDHRA PRADESH,india
Peddapadu,518003,KURNOOL,ANDHRA PRADESH,india
Bollavaram,518218,KURNOOL,ANDHRA PRADESH,india
L.Polur,518218,KURNOOL,ANDHRA PRADESH,india
Amakathadu,518216,KURNOOL,ANDHRA PRADESH,india
Togarchedu,518216,KURNOOL,ANDHRA PRADESH,india
Abdullapuram,518533,Nandyal,ANDHRA PRADESH,india
Boyarevula,518533,Nandyal,ANDHRA PRADESH,india
Vempenta,518533,Nandyal,ANDHRA PRADESH,india
N.Konthalapadu,518010,KURNOOL,ANDHRA PRADESH,india
Erukalacheruvu,518225,KURNOOL,ANDHRA PRADESH,india
Mokshagundam,523334,PRAKASAM,ANDHRA PRADESH,india
Pandillapalle,523334,PRAKASAM,ANDHRA PRADESH,india
Kakarla,523333,PRAKASAM,ANDHRA PRADESH,india
Kandulapuram,523333,PRAKASAM,ANDHRA PRADESH,india
Aravallipadu,523305,PRAKASAM,ANDHRA PRADESH,india
Nallabothulavaripalem,523305,PRAKASAM,ANDHRA PRADESH,india
Ramapuram,523305,PRAKASAM,ANDHRA PRADESH,india
Vaddipadu,523305,PRAKASAM,ANDHRA PRADESH,india
Gollapalle,523330,PRAKASAM,ANDHRA PRADESH,india
Gurrapusala,523330,PRAKASAM,ANDHRA PRADESH,india
Hasanapuram,523330,PRAKASAM,ANDHRA PRADESH,india
Vadampalli,523330,PRAKASAM,ANDHRA PRADESH,india
Gollavidipi,523327,PRAKASAM,ANDHRA PRADESH,india
Gurijepalle,523327,PRAKASAM,ANDHRA PRADESH,india
Murikimallapenta,523327,PRAKASAM,ANDHRA PRADESH,india
Ambavaram,523357,PRAKASAM,ANDHRA PRADESH,india
Narava,523357,PRAKASAM,ANDHRA PRADESH,india
Badinenipalle,523373,PRAKASAM,ANDHRA PRADESH,india
Veerabhadrapuram,523336,PRAKASAM,ANDHRA PRADESH,india
Ayanamukkala,523331,PRAKASAM,ANDHRA PRADESH,india
Chinnagudipadu,523331,PRAKASAM,ANDHRA PRADESH,india
Jammidornala,523331,PRAKASAM,ANDHRA PRADESH,india
Yadavalli,523331,PRAKASAM,ANDHRA PRADESH,india
M.Pullacheruvu,523346,PRAKASAM,ANDHRA PRADESH,india
R.Ummadivaram,523328,PRAKASAM,ANDHRA PRADESH,india
Venkatareddypalle,523328,PRAKASAM,ANDHRA PRADESH,india
Gowthavaram,523368,PRAKASAM,ANDHRA PRADESH,india
Lanjakota,523370,PRAKASAM,ANDHRA PRADESH,india
Bhupathipalle,523332,PRAKASAM,ANDHRA PRADESH,india
Meerjampeta,523332,PRAKASAM,ANDHRA PRADESH,india
Tadivaripalle,523332,PRAKASAM,ANDHRA PRADESH,india
Chollaveedu,523372,PRAKASAM,ANDHRA PRADESH,india
Madarpalle,523372,PRAKASAM,ANDHRA PRADESH,india
Idupur,523320,PRAKASAM,ANDHRA PRADESH,india
Peddaraveedu,523320,PRAKASAM,ANDHRA PRADESH,india
Annasamudram,523326,PRAKASAM,ANDHRA PRADESH,india
G.Ummadivaram,523326,PRAKASAM,ANDHRA PRADESH,india
Kankanalapalle,523326,PRAKASAM,ANDHRA PRADESH,india
Kondepalle,523329,PRAKASAM,ANDHRA PRADESH,india
Thippayapalem,523329,PRAKASAM,ANDHRA PRADESH,india
Chanugondla,518196,Nandyal,ANDHRA PRADESH,india
Sangapatnam,518196,Nandyal,ANDHRA PRADESH,india
Sunkesula,518196,Nandyal,ANDHRA PRADESH,india
Vasanthapuram,518196,Nandyal,ANDHRA PRADESH,india
Chintakommudinne,518543,Nandyal,ANDHRA PRADESH,india
Obulampalle,518543,Nandyal,ANDHRA PRADESH,india
Appalapuram,518124,Nandyal,ANDHRA PRADESH,india
Krishnagiri,518124,Nandyal,ANDHRA PRADESH,india
Pathapadu,518124,Nandyal,ANDHRA PRADESH,india
Tamballapalle,518124,Nandyal,ANDHRA PRADESH,india
Yagantipalle,518124,Nandyal,ANDHRA PRADESH,india
Kakanur,518523,Nandyal,ANDHRA PRADESH,india
Chintalacheruvu,518553,Nandyal,ANDHRA PRADESH,india
Maddur,518553,Nandyal,ANDHRA PRADESH,india
Muthyalapadu,518553,Nandyal,ANDHRA PRADESH,india
U.Kothapalle,518135,Nandyal,ANDHRA PRADESH,india
Kotakonda,518583,Nandyal,ANDHRA PRADESH,india
Pasurapadu,518674,Nandyal,ANDHRA PRADESH,india
S.Nagulavaram,518593,Nandyal,ANDHRA PRADESH,india
Joladarasi,518134,Nandyal,ANDHRA PRADESH,india
Revanur,518134,Nandyal,ANDHRA PRADESH,india
Gorivimanipalle,518123,Nandyal,ANDHRA PRADESH,india
Itekala,518123,Nandyal,ANDHRA PRADESH,india
Meerjapuram,518123,Nandyal,ANDHRA PRADESH,india
Palukur,518176,Nandyal,ANDHRA PRADESH,india
Ayalur,518502,Nandyal,ANDHRA PRADESH,india
Deebaguntla,518563,Nandyal,ANDHRA PRADESH,india
Wadegaon,504346,PRAKASAM,ANDHRA PRADESH,india
Chichdhari Khanapur,504346,PRAKASAM,ANDHRA PRADESH,india
Talamalla,504215,PRAKASAM,ANDHRA PRADESH,india
Kurnool,518001,KURNOOL,ANDHRA PRADESH,india
Tanuku,534211,WEST GODAVARI,ANDHRA PRADESH,india
Mangalagiri,522503,GUNTUR,ANDHRA PRADESH,india
Kandukur,523105,PRAKASAM,ANDHRA PRADESH,india
Bapatla,522101,Bapatla,ANDHRA PRADESH,india
Anakapalle,531001,Anakapalli,ANDHRA PRADESH,india
Bobbili,535558,VIZIANAGARAM,ANDHRA PRADESH,india
Srikakulam,532001,SRIKAKULAM,ANDHRA PRADESH,india
Ammaladinne,515445,ANANTAPUR,ANDHRA PRADESH,india
Anantapur Engg College,515002,ANANTAPUR,ANDHRA PRADESH,india
Aravindanagar,515001,ANANTAPUR,ANDHRA PRADESH,india
Belguppa,515741,ANANTAPUR,ANDHRA PRADESH,india
Bhogasamudram Project,515413,ANANTAPUR,ANDHRA PRADESH,india
Bukkarayasamudram,515701,ANANTAPUR,ANDHRA PRADESH,india
Chukkalur,515415,ANANTAPUR,ANDHRA PRADESH,india
Gandhibazar,515005,ANANTAPUR,ANDHRA PRADESH,india
Jayalakshmipuram,515722,ANANTAPUR,ANDHRA PRADESH,india
Kalyandurg Bazar,515761,ANANTAPUR,ANDHRA PRADESH,india
Motilal Street,515004,ANANTAPUR,ANDHRA PRADESH,india
Patel Road,515001,ANANTAPUR,ANDHRA PRADESH,india
Shettur,515767,ANANTAPUR,ANDHRA PRADESH,india
Singanamala,515435,ANANTAPUR,ANDHRA PRADESH,india
Yellanur,515465,ANANTAPUR,ANDHRA PRADESH,india
Gooty Bazaar,515401,ANANTAPUR,ANDHRA PRADESH,india
Kallur R.S.,515774,ANANTAPUR,ANDHRA PRADESH,india
Tarimala,515611,ANANTAPUR,ANDHRA PRADESH,india
Vidapanakal,515870,ANANTAPUR,ANDHRA PRADESH,india
Yadiki,515408,ANANTAPUR,ANDHRA PRADESH,india
Arugonda,517129,CHITTOOR,ANDHRA PRADESH,india
Ctr Collectorate,517002,CHITTOOR,ANDHRA PRADESH,india
Gangadhara Nellore,517125,CHITTOOR,ANDHRA PRADESH,india
Iral,517130,CHITTOOR,ANDHRA PRADESH,india
Kothapalle,517167,CHITTOOR,ANDHRA PRADESH,india
Lalugardens,517002,CHITTOOR,ANDHRA PRADESH,india
Prasanth Nagar,517128,CHITTOOR,ANDHRA PRADESH,india
Puthalapattu,517124,CHITTOOR,ANDHRA PRADESH,india
Thugundram,517421,CHITTOOR,ANDHRA PRADESH,india
Beerangi Kothakota,517370,Annamayya,ANDHRA PRADESH,india
Nimmanapalle,517280,Annamayya,ANDHRA PRADESH,india
Thamballapalle,517418,Annamayya,ANDHRA PRADESH,india
Cooperative Colony,516001,Y.S.R.,ANDHRA PRADESH,india
Sambepalli,516215,Y.S.R.,ANDHRA PRADESH,india
Ramapuram,516504,Y.S.R.,ANDHRA PRADESH,india
Atlur,516501,Y.S.R.,ANDHRA PRADESH,india
Madhavaram,516247,Y.S.R.,ANDHRA PRADESH,india
Mannur,516126,Y.S.R.,ANDHRA PRADESH,india
Penagalur,516127,Y.S.R.,ANDHRA PRADESH,india
Pullampet,516107,Y.S.R.,ANDHRA PRADESH,india
Rajampet Rs,516115,Y.S.R.,ANDHRA PRADESH,india
Rayavaram,516129,Y.S.R.,ANDHRA PRADESH,india
Siddavattam,516237,Y.S.R.,ANDHRA PRADESH,india
Amadagur,515556,Sri Sathya Sai,ANDHRA PRADESH,india
Bathalapalli,515661,Sri Sathya Sai,ANDHRA PRADESH,india
Kondakamarla,515531,Sri Sathya Sai,ANDHRA PRADESH,india
Obula Devara Cheruvu,515561,Sri Sathya Sai,ANDHRA PRADESH,india
Budili,515241,Sri Sathya Sai,ANDHRA PRADESH,india
Guttur,515164,Sri Sathya Sai,ANDHRA PRADESH,india
Kallumarri,515303,ANANTAPUR,ANDHRA PRADESH,india
Madakasira,515301,Sri Sathya Sai,ANDHRA PRADESH,india
Rolla,515321,Sri Sathya Sai,ANDHRA PRADESH,india
Adoni town,518301,KURNOOL,ANDHRA PRADESH,india
Peddakadubur,518323,KURNOOL,ANDHRA PRADESH,india
Belagal,518462,KURNOOL,ANDHRA PRADESH,india
Dhone,518222,Nandyal,ANDHRA PRADESH,india
Gonegandla,518463,KURNOOL,ANDHRA PRADESH,india
K.N.Puram,518467,KURNOOL,ANDHRA PRADESH,india
IIITDM KURNOOL,518004,KURNOOL,ANDHRA PRADESH,india
KURNOOL COLLECTORATE.,518002,KURNOOL,ANDHRA PRADESH,india
M.S.Nagar,518002,KURNOOL,ANDHRA PRADESH,india
Midthur,518405,Nandyal,ANDHRA PRADESH,india
Prakash Nagar,518004,KURNOOL,ANDHRA PRADESH,india
Vorvakallu,518010,KURNOOL,ANDHRA PRADESH,india
Giddalur,523357,PRAKASAM,ANDHRA PRADESH,india
Markapur Bazar,523316,PRAKASAM,ANDHRA PRADESH,india
Mundlapadu,523367,PRAKASAM,ANDHRA PRADESH,india
Pedda Dornala,523331,PRAKASAM,ANDHRA PRADESH,india
Thummalacheruvu,523371,PRAKASAM,ANDHRA PRADESH,india
Banaganapalle,518124,Nandyal,ANDHRA PRADESH,india
Industrial Estate,518502,Nandyal,ANDHRA PRADESH,india
Nossam,518145,Nandyal,ANDHRA PRADESH,india
Owk,518122,Nandyal,ANDHRA PRADESH,india
Perusomula,518166,Nandyal,ANDHRA PRADESH,india
Sirvel,518563,Nandyal,ANDHRA PRADESH,india
Yerraguntla,518510,Nandyal,ANDHRA PRADESH,india
Kallur,516355,Y.S.R.,ANDHRA PRADESH,india
Khadarabad,516362,Y.S.R.,ANDHRA PRADESH,india
Korrapadu Road,516360,Y.S.R.,ANDHRA PRADESH,india
Modameedipalle,516360,Y.S.R.,ANDHRA PRADESH,india
Onipenta,516173,Y.S.R.,ANDHRA PRADESH,india
Ankalammapeta,516390,Y.S.R.,ANDHRA PRADESH,india
Balapanur,516484,Y.S.R.,ANDHRA PRADESH,india
Tondur,516401,Y.S.R.,ANDHRA PRADESH,india
Chandragiri Fort,517101,CHITTOOR,ANDHRA PRADESH,india
Gurramkonda,517297,Annamayya,ANDHRA PRADESH,india
Kallur,517113,CHITTOOR,ANDHRA PRADESH,india
Pakala,517112,CHITTOOR,ANDHRA PRADESH,india
Narayanavaram,517581,Tirupati,ANDHRA PRADESH,india
Pannur,517586,CHITTOOR,ANDHRA PRADESH,india
Peddakannali,517642,CHITTOOR,ANDHRA PRADESH,india
Sri Bommarajapuram,517571,Tirupati,ANDHRA PRADESH,india
S.V.Medical College,517507,CHITTOOR,ANDHRA PRADESH,india
S.V.Nagar,517502,CHITTOOR,ANDHRA PRADESH,india
Tirupati North,517507,Tirupati,ANDHRA PRADESH,india
Tirupati South,517501,CHITTOOR,ANDHRA PRADESH,india
Mangalam,517509,CHITTOOR,ANDHRA PRADESH,india
Bhimavaram Railway Colony,534201,WEST GODAVARI,ANDHRA PRADESH,india
D.N.R.College,534202,WEST GODAVARI,ANDHRA PRADESH,india
Dirusumarru,534239,WEST GODAVARI,ANDHRA PRADESH,india
Palakoderu,534210,WEST GODAVARI,ANDHRA PRADESH,india
Srungavruksham,534243,WEST GODAVARI,ANDHRA PRADESH,india
Undi,534199,WEST GODAVARI,ANDHRA PRADESH,india
Atchanta,534123,WEST GODAVARI,ANDHRA PRADESH,india
Narsapur Bazar,534275,WEST GODAVARI,ANDHRA PRADESH,india
Poduru,534327,WEST GODAVARI,ANDHRA PRADESH,india
Roypeta,534275,WEST GODAVARI,ANDHRA PRADESH,india
Iragavaram,534217,WEST GODAVARI,ANDHRA PRADESH,india
Penugonda,534320,WEST GODAVARI,ANDHRA PRADESH,india
Penumantra,534124,WEST GODAVARI,ANDHRA PRADESH,india
Peravali,534328,WEST GODAVARI,ANDHRA PRADESH,india
Relangi,534225,WEST GODAVARI,ANDHRA PRADESH,india
Ashok Nagar,534002,Eluru,ANDHRA PRADESH,india
Denduluru,534432,Eluru,ANDHRA PRADESH,india
Jeelugumilli,534456,Eluru,ANDHRA PRADESH,india
Kannapuram,534311,Eluru,ANDHRA PRADESH,india
Pulla,534401,Eluru,ANDHRA PRADESH,india
Korukollu,521343,Eluru,ANDHRA PRADESH,india
Mandavalli,521345,Eluru,ANDHRA PRADESH,india
Moturu,521323,KRISHNA,ANDHRA PRADESH,india
Mudunuru,521261,KRISHNA,ANDHRA PRADESH,india
Pedagonnuru,521329,Eluru,ANDHRA PRADESH,india
Tamirisa,521327,KRISHNA,ANDHRA PRADESH,india
Ventrapragada,521263,KRISHNA,ANDHRA PRADESH,india
Bangarupeta,524404,Tirupati,ANDHRA PRADESH,india
Malavyanagar,524101,SPSR NELLORE,ANDHRA PRADESH,india
Podalakur,524345,SPSR NELLORE,ANDHRA PRADESH,india
Pulicotnagar,524121,SPSR NELLORE,ANDHRA PRADESH,india
Sullurpeta,524121,Tirupati,ANDHRA PRADESH,india
Survepalli,524321,SPSR NELLORE,ANDHRA PRADESH,india
Sydapuram,524407,SPSR NELLORE,ANDHRA PRADESH,india
Vojili,524402,SPSR NELLORE,ANDHRA PRADESH,india
Guntur Bazar,522003,GUNTUR,ANDHRA PRADESH,india
Industrial Estate,522034,GUNTUR,ANDHRA PRADESH,india
Old Guntur,522001,GUNTUR,ANDHRA PRADESH,india
Pedanandipadu,522235,GUNTUR,ANDHRA PRADESH,india
Prathipadu,522019,GUNTUR,ANDHRA PRADESH,india
Venugopalanagar Colony,522004,GUNTUR,ANDHRA PRADESH,india
K.C.Works,522502,GUNTUR,ANDHRA PRADESH,india
Namburu,522508,GUNTUR,ANDHRA PRADESH,india
Nutakki,522303,GUNTUR,ANDHRA PRADESH,india
Tulluru,522237,GUNTUR,ANDHRA PRADESH,india
K.P.Centre,521136,KRISHNA,ANDHRA PRADESH,india
Koduru,521328,KRISHNA,ANDHRA PRADESH,india
Movva,521135,KRISHNA,ANDHRA PRADESH,india
Bhaskarapuram,521001,KRISHNA,ANDHRA PRADESH,india
Brahmapuram,521366,KRISHNA,ANDHRA PRADESH,india
Desaipet,521001,KRISHNA,ANDHRA PRADESH,india
Gudlavalleru,521356,KRISHNA,ANDHRA PRADESH,india
Inagudurupet,521001,KRISHNA,ANDHRA PRADESH,india
Durgi,522612,Palnadu,ANDHRA PRADESH,india
Ipuru,522658,Palnadu,ANDHRA PRADESH,india
Kavuru,522611,Palnadu,ANDHRA PRADESH,india
Kothapet,522647,Palnadu,ANDHRA PRADESH,india
Narasaraopet Bazar,522601,Palnadu,ANDHRA PRADESH,india
Phirangipuram,522529,GUNTUR,ANDHRA PRADESH,india
Ravipadu,522603,Palnadu,ANDHRA PRADESH,india
Subbaiah Thota,522616,Palnadu,ANDHRA PRADESH,india
Vinukonda,522647,Palnadu,ANDHRA PRADESH,india
Atchampet,522409,Palnadu,ANDHRA PRADESH,india
Krosuru,522410,Palnadu,ANDHRA PRADESH,india
PWD Colony,522426,Palnadu,ANDHRA PRADESH,india
Rajupalem,522412,Palnadu,ANDHRA PRADESH,india
Veldurthy,522613,Palnadu,ANDHRA PRADESH,india
Anemadugu,524203,SPSR NELLORE,ANDHRA PRADESH,india
Bitragunta,524142,SPSR NELLORE,ANDHRA PRADESH,india
Damavaram,524152,SPSR NELLORE,ANDHRA PRADESH,india
Kaligiri,524224,SPSR NELLORE,ANDHRA PRADESH,india
Kavali Co op Colony,524201,SPSR NELLORE,ANDHRA PRADESH,india
Vengalarao Nagar TSO,524201,SPSR NELLORE,ANDHRA PRADESH,india
Atmakur,524322,SPSR NELLORE,ANDHRA PRADESH,india
Buchireddypalem,524305,SPSR NELLORE,ANDHRA PRADESH,india
Marripadu,524312,SPSR NELLORE,ANDHRA PRADESH,india
Muthukur,524344,SPSR NELLORE,ANDHRA PRADESH,india
Mypadu,524313,SPSR NELLORE,ANDHRA PRADESH,india
Pogathota,524001,SPSR NELLORE,ANDHRA PRADESH,india
Vedayapalem,524004,SPSR NELLORE,ANDHRA PRADESH,india
Kadavakuduru,523181,Bapatla,ANDHRA PRADESH,india
Prasad Nagar So,523157,Bapatla,ANDHRA PRADESH,india
Gudluru,523281,PRAKASAM,ANDHRA PRADESH,india
Peridepi,523273,PRAKASAM,ANDHRA PRADESH,india
Pokur,523113,PRAKASAM,ANDHRA PRADESH,india
Tanguturu Bus Stand,523274,PRAKASAM,ANDHRA PRADESH,india
Darsi,523247,PRAKASAM,ANDHRA PRADESH,india
Gotlagattu,523246,PRAKASAM,ANDHRA PRADESH,india
P.G.Palli,523228,PRAKASAM,ANDHRA PRADESH,india
Pothakamur,523252,PRAKASAM,ANDHRA PRADESH,india
Veligandla,523224,PRAKASAM,ANDHRA PRADESH,india
Ammanabrolu,523180,PRAKASAM,ANDHRA PRADESH,india
Karavadi,523182,PRAKASAM,ANDHRA PRADESH,india
Maddipadu,523211,PRAKASAM,ANDHRA PRADESH,india
Marturu,523301,Bapatla,ANDHRA PRADESH,india
Ravinuthala,523213,Bapatla,ANDHRA PRADESH,india
NDC ONGOLE,523003,PRAKASAM,ANDHRA PRADESH,india
Devarapalli,534313,WEST GODAVARI,ANDHRA PRADESH,india
Dondapudi,534318,WEST GODAVARI,ANDHRA PRADESH,india
Gopalapuram,534316,WEST GODAVARI,ANDHRA PRADESH,india
Kakaraparru,534331,WEST GODAVARI,ANDHRA PRADESH,india
kovvur,534350,WEST GODAVARI,ANDHRA PRADESH,india
Duvva,534156,WEST GODAVARI,ANDHRA PRADESH,india
Pothavaram,534176,WEST GODAVARI,ANDHRA PRADESH,india
Kovvur,534350,WEST GODAVARI,ANDHRA PRADESH,india
Appikatla,522310,Bapatla,ANDHRA PRADESH,india
Chandole,522311,Bapatla,ANDHRA PRADESH,india
Chebrole,522212,GUNTUR,ANDHRA PRADESH,india
Dhulipudi,522258,Bapatla,ANDHRA PRADESH,india
Intur,522341,Bapatla,ANDHRA PRADESH,india
Machavaram,522315,GUNTUR,ANDHRA PRADESH,india
Rangaraothota,522101,Bapatla,ANDHRA PRADESH,india
Anantavaram,522301,Bapatla,ANDHRA PRADESH,india
Gandhinagar,522201,GUNTUR,ANDHRA PRADESH,india
Isukapalle,522265,Bapatla,ANDHRA PRADESH,india
Kolluru,522324,Bapatla,ANDHRA PRADESH,india
Tenali Bazar,522201,GUNTUR,ANDHRA PRADESH,india
Durga Agraharam,520002,NTR,ANDHRA PRADESH,india
Penamaluru,521139,KRISHNA,ANDHRA PRADESH,india
Poranki,521137,KRISHNA,ANDHRA PRADESH,india
Azitnagar,520015,NTR,ANDHRA PRADESH,india
Chandarlapadu,521182,NTR,ANDHRA PRADESH,india
Jaggaiahpet,521175,NTR,ANDHRA PRADESH,india
Mustabad,521107,KRISHNA,ANDHRA PRADESH,india
Pedavutapalli,521286,Eluru,ANDHRA PRADESH,india
Thotlavalluru,521163,KRISHNA,ANDHRA PRADESH,india
Virankilock,521250,KRISHNA,ANDHRA PRADESH,india
Vuyyuru,521165,KRISHNA,ANDHRA PRADESH,india
Wnchipet,520001,NTR,ANDHRA PRADESH,india
Katrenikona,533212,Konaseema,ANDHRA PRADESH,india
Samanasa,533213,Konaseema,ANDHRA PRADESH,india
Antarvedipalem,533252,Konaseema,ANDHRA PRADESH,india
Atreyapuram,533235,Konaseema,ANDHRA PRADESH,india
Ravulapalem,533238,Konaseema,ANDHRA PRADESH,india
Sakhinetipalli,533251,Konaseema,ANDHRA PRADESH,india
Tatipaka Bazar,533249,Konaseema,ANDHRA PRADESH,india
Vanapalli,533228,Konaseema,ANDHRA PRADESH,india
Chodavaram,531036,Anakapalli,ANDHRA PRADESH,india
Devarapalli,531030,Anakapalli,ANDHRA PRADESH,india
Munagapaka,531033,Anakapalli,ANDHRA PRADESH,india
Satyavaram,531127,VISAKHAPATANAM,ANDHRA PRADESH,india
Subbavaram,531035,VISAKHAPATANAM,ANDHRA PRADESH,india
Hukumpeta,531077,Alluri Sitharama Raju,ANDHRA PRADESH,india
Paderoo,531024,Alluri Sitharama Raju,ANDHRA PRADESH,india
Sileru Project,531105,Alluri Sitharama Raju,ANDHRA PRADESH,india
Vemulapudi,531117,VISAKHAPATANAM,ANDHRA PRADESH,india
Apiic,533005,EAST GODAVARI,ANDHRA PRADESH,india
Jagannaickpur,533002,Kakinada,ANDHRA PRADESH,india
Kakinada Bazar,533001,EAST GODAVARI,ANDHRA PRADESH,india
M S N Charties,533002,EAST GODAVARI,ANDHRA PRADESH,india
Sriramnagar,533003,EAST GODAVARI,ANDHRA PRADESH,india
Tallarevu,533463,Kakinada,ANDHRA PRADESH,india
Velangi,533260,Kakinada,ANDHRA PRADESH,india
Dharamavaram,533430,Kakinada,ANDHRA PRADESH,india
Kothapalli,533447,Kakinada,ANDHRA PRADESH,india
Peddapuram,533437,Kakinada,ANDHRA PRADESH,india
Sankhavaram,533446,Kakinada,ANDHRA PRADESH,india
Donkinavalasa,535578,VIZIANAGARAM,ANDHRA PRADESH,india
Garbham,535102,VIZIANAGARAM,ANDHRA PRADESH,india
Mamidipalle,535593,Parvathipuram Manyam,ANDHRA PRADESH,india
Pachipenta,535592,Parvathipuram Manyam,ANDHRA PRADESH,india
Komarada,535521,Parvathipuram Manyam,ANDHRA PRADESH,india
Merangi,535526,Parvathipuram Manyam,ANDHRA PRADESH,india
Seethampeta,532443,Parvathipuram Manyam,ANDHRA PRADESH,india
Danavaipeta,533103,EAST GODAVARI,ANDHRA PRADESH,india
Dosakayapalli,533292,EAST GODAVARI,ANDHRA PRADESH,india
Dowlaiswaram,533125,EAST GODAVARI,ANDHRA PRADESH,india
Gangavaram,533284,Alluri Sitharama Raju,ANDHRA PRADESH,india
Rampachodavaram,533288,Alluri Sitharama Raju,ANDHRA PRADESH,india
Sarangadarametta,533105,EAST GODAVARI,ANDHRA PRADESH,india
Syamalamba Temple,533101,EAST GODAVARI,ANDHRA PRADESH,india
KUNAVARAM.,533350,Alluri Sitharama Raju,ANDHRA PRADESH,india
DEWANCHERUVU,533353,EAST GODAVARI,ANDHRA PRADESH,india
Chinturu,533347,Alluri Sitharama Raju,ANDHRA PRADESH,india
Alamuru,533233,Konaseema,ANDHRA PRADESH,india
Anaparthy,533342,EAST GODAVARI,ANDHRA PRADESH,india
Angara,533307,Konaseema,ANDHRA PRADESH,india
Kutukuluru,533264,EAST GODAVARI,ANDHRA PRADESH,india
Pamarru,533305,Konaseema,ANDHRA PRADESH,india
Pandalapaka,533345,EAST GODAVARI,ANDHRA PRADESH,india
Battili,532456,Parvathipuram Manyam,ANDHRA PRADESH,india
Bontalakoduru,532408,SRIKAKULAM,ANDHRA PRADESH,india
Gujarathipeta,532005,SRIKAKULAM,ANDHRA PRADESH,india
Rajam,532127,SRIKAKULAM,ANDHRA PRADESH,india
S.M.Puram,532402,SRIKAKULAM,ANDHRA PRADESH,india
Brahmanatarla,532220,SRIKAKULAM,ANDHRA PRADESH,india
Chapara,532216,SRIKAKULAM,ANDHRA PRADESH,india
Kotabommali,532195,SRIKAKULAM,ANDHRA PRADESH,india
Andhra University,530003,VISAKHAPATANAM,ANDHRA PRADESH,india
Chinawaltair,530003,VISAKHAPATANAM,ANDHRA PRADESH,india
Dabagardens,530020,VISAKHAPATANAM,ANDHRA PRADESH,india
Ghandhi Place,530003,VISAKHAPATANAM,ANDHRA PRADESH,india
Pithapuram Colony,530003,VISAKHAPATANAM,ANDHRA PRADESH,india
Salagramapuram,530024,VISAKHAPATANAM,ANDHRA PRADESH,india
Visakhapatnam Airport,530009,VISAKHAPATANAM,ANDHRA PRADESH,india
Arilova,530057,VISAKHAPATANAM,ANDHRA PRADESH,india
NDC Andhra University,530058,VISAKHAPATANAM,ANDHRA PRADESH,india
Gandhigram,530005,VISAKHAPATANAM,ANDHRA PRADESH,india
Marripalem,530018,VISAKHAPATANAM,ANDHRA PRADESH,india
Marripalem Vuda Colony,530009,VISAKHAPATANAM,ANDHRA PRADESH,india
N A D,530009,VISAKHAPATANAM,ANDHRA PRADESH,india
Pendurthy,531173,VISAKHAPATANAM,ANDHRA PRADESH,india
R R V Puram,530029,VISAKHAPATANAM,ANDHRA PRADESH,india
Ukkunagaram,530032,VISAKHAPATANAM,ANDHRA PRADESH,india
Gajapathinagaram,535270,VIZIANAGARAM,ANDHRA PRADESH,india
Gantyada,535215,VIZIANAGARAM,ANDHRA PRADESH,india
Kotagandredu,535220,VIZIANAGARAM,ANDHRA PRADESH,india
Kothapeta,535002,VIZIANAGARAM,ANDHRA PRADESH,india
Kothavalasa,535183,VIZIANAGARAM,ANDHRA PRADESH,india
Mentada,535273,VIZIANAGARAM,ANDHRA PRADESH,india
Singavaram,535213,VIZIANAGARAM,ANDHRA PRADESH,india
